2.51804, 0.3
2.53645, 0.456745
2.44775, 0.602543
1.7067, 0.599705
1.36019, 0.604733
1.12749, 0.601927
0.977365, 0.602357
0.865509, 0.601494
0.766758, 0.592489
0.711632, 0.599969
0.663618, 0.606098
0.604347, 0.594935
0.576362, 0.608111
0.529338, 0.594794
0.495579, 0.591354
0.472789, 0.600934
0.447697, 0.604789
0.418547, 0.595713
0.397532, 0.603122
0.374871, 0.604202
0.352491, 0.603326
0.332003, 0.614587
0.309444, 0.600584
0.28883, 0.589524
0.267072, 0.602193
0.245184, 0.603809
0.221061, 0.611123
0.199007, 0.606343
0.178527, 0.596846
0.15075, 0.60246
0.129603, 0.591913
0.0879038, 0.611127
0.0623365, 0.601026
0.0284998, 0.598369
0.0146741, 0.572571
0.0226259, 0.530127
0.043556, 0.484084
0.034606, 0.463674
0.0483565, 0.431857
0.0359464, 0.415608
0.0259759, 0.397768
0.0229147, 0.377502
0.0326757, 0.354959
0.0319375, 0.335807
0.0411499, 0.316282
0.037224, 0.29812
0.0357594, 0.27958
0.0252756, 0.259295
0.0346796, 0.241485
0.0240224, 0.218533
0.0145751, 0.193537
0.0235975, 0.174243
0.0531916, 0.166141
0.0224351, 0.123289
0.0418726, 0.109052
0.0459923, 0.0830496
0.0414122, 0.0457972
0.0232626, 0
0.0320731, 0
0.0276781, 0
0.0292023, 0
0.0377866, 0
0.0364646, 0
0.0309236, 0
0.0331531, 0
0.0322332, 0
0.0918142, 0
0.246543, 0
0.401499, 0
0.555803, 0
0.717322, 0
0.874424, 0
1.04638, 0
1.22206, 0
0.950548, 0
1.06178, 0
1.81677, 0
2.05992, 0
2.33358, 0
2.54225, 0
2.52416, 0
2.53739, 0
2.52537, 0
1.45467, 0
1.41596, 0
1.44308, 0
2.13219, 0
2.24053, 0
2.53265, 0.0180115
2.53198, 0.175629
0.30179, 2.52097
0.145673, 2.5347
0.000750669, 2.4438
0, 1.73903
0, 1.36058
0, 1.13491
0.000693336, 0.978924
0, 0.873722
0, 0.797931
0.000206369, 0.719022
0, 0.673988
0, 0.618014
0.00964346, 0.56779
0.00640549, 0.535715
0.0107685, 0.501421
0.00215085, 0.478265
0, 0.454661
0, 0.42943
0, 0.40506
0, 0.381112
0, 0.361922
0.0140945, 0.336244
0, 0.316613
0, 0.295382
0, 0.272596
0, 0.252819
0, 0.226865
0.00908127, 0.211275
0.00780656, 0.187628
0, 0.152645
0, 0.126745
0.0100095, 0.109575
0, 0.0687066
0, 0.0327233
0.0458562, 0.041311
0.0702537, 0.0304557
0.0909447, 0.0161807
0.122799, 0.0201055
0.149032, 0.0193613
0.177826, 0.0284721
0.201098, 0.0304079
0.220764, 0.0244949
0.240536, 0.0188353
0.264439, 0.0422854
0.282325, 0.0293956
0.301871, 0.0131642
0.321052, 0.0317047
0.341329, 0.0264735
0.362067, 0.0244462
0.384143, 0.0210535
0.40458, 0.0258728
0.427569, 0.0259534
0.447916, 0.033684
0.477778, 0.0271957
0.50982, 0.0228152
0.528721, 0.0387065
0.587673, 0.0138242
0.613431, 0.0293664
0.664925, 0.0267318
0.72462, 0.0257855
0.795088, 0.0268248
0.880254, 0.0302785
1.01159, 0.0268924
1.18525, 0.0282797
1.45553, 0.0302934
1.96939, 0.0289402
2.50542, 0.0967037
2.50926, 0.251547
2.49204, 0.405438
2.50546, 0.561415
2.49937, 0.718184
2.49348, 0.878305
2.49861, 1.04725
2.49198, 1.2202
1.59261, 0.954999
1.56798, 1.05791
2.51577, 1.83811
2.4942, 2.06199
2.50301, 2.33726
2.38731, 2.51986
2.12626, 2.53678
1.87825, 2.53527
1.64893, 2.52559
0.88564, 1.44205
0.771997, 1.40387
0.693675, 1.43283
0.805916, 2.16094
0.681018, 2.22175
0.582006, 2.52529
0.425669, 2.52984
0.301768, 2.52188
0.15013, 2.5154
0, 2.51408
0, 1.76989
0, 1.40112
0.000631373, 1.17441
0.000226748, 1.02489
0.00197244, 0.911941
0.005352, 0.822886
0.00611548, 0.755798
0, 0.708934
0.00428403, 0.657465
0, 0.632175
0.00260805, 0.583555
0, 0.557551
0.0104005, 0.518394
0, 0.505317
0.000849941, 0.472
0, 0.449716
0.0268174, 0.419259
0, 0.407269
0, 0.383056
0, 0.361526
0, 0.339993
0, 0.318024
0, 0.297617
0, 0.275304
0, 0.248047
0.00372281, 0.230799
0.000777079, 0.204405
0, 0.166719
0.0240312, 0.163946
0, 0.113549
0.00328515, 0.0821793
0.00527838, 0.0437154
0.0247412, 0.020495
0.062082, 0.0208402
0.104797, 0.0357576
0.130257, 0.0283811
0.162574, 0.0384753
0.180396, 0.0172775
0.207965, 0.0235919
0.233449, 0.0291639
0.255278, 0.0186799
0.278827, 0.0187207
0.301972, 0.0482916
0.325387, 0.0203861
0.348228, 0.0247788
0.368726, 0.0391731
0.4023, 0.00435843
0.427444, 0.00938978
0.439841, 0.0438683
0.480043, 0.0192672
0.499704, 0.0376164
0.54135, 0.0250341
0.577335, 0.0266023
0.622108, 0.0236398
0.670849, 0.0234154
0.722237, 0.027619
0.800924, 0.0201532
0.868798, 0.0300079
1.00672, 0.0148668
1.13226, 0.0242853
1.3321, 0.026935
1.68306, 0.0207039
2.27698, 0.0226048
2.49968, 0.142135
2.51385, 0.296314
2.48668, 0.450076
2.50417, 0.606143
2.48767, 0.76087
2.49839, 0.924457
2.50559, 1.09447
1.64095, 0.91048
1.57799, 0.992525
2.49336, 1.65085
2.50035, 1.87232
2.49486, 2.10739
2.50722, 2.38601
2.35104, 2.52627
2.08574, 2.53217
1.8396, 2.52555
1.6165, 2.51709
0.846369, 1.41074
0.756629, 1.41296
0.686007, 1.4557
0.791613, 2.15333
0.673871, 2.23061
0.57651, 2.5268
0.423109, 2.52918
0.302067, 2.52106
0.153494, 2.53311
0.00474177, 2.52397
0.00312119, 1.81326
0, 1.47254
0, 1.24824
0, 1.09279
0, 0.982776
0.00877485, 0.878811
0, 0.829644
0.025744, 0.739478
0, 0.723373
0, 0.683783
0, 0.649474
0, 0.61498
0, 0.596355
0.00333789, 0.557108
0, 0.533771
0, 0.510369
0, 0.488302
0.00733713, 0.463907
0.00399872, 0.443366
0, 0.422799
0, 0.401527
0.00933834, 0.38156
0.0057813, 0.360149
0.00081946, 0.337333
0, 0.313726
0, 0.288823
0, 0.261285
0, 0.230728
0, 0.205076
0.00113074, 0.177394
0.00115272, 0.141467
0.00072596, 0.100188
0, 0.0467465
0.0271537, 0.0335064
0.0694493, 0.0397828
0.103785, 0.0391952
0.129204, 0.0236662
0.164877, 0.0351317
0.189603, 0.0194042
0.220385, 0.0271494
0.246353, 0.0135885
0.276219, 0.0392005
0.302443, 0.0329837
0.329834, 0.0232055
0.3577, 0.0215566
0.383696, 0.0321407
0.409754, 0.0401479
0.442714, 0.0294707
0.476404, 0.0244568
0.511587, 0.0221153
0.543863, 0.0292548
0.588072, 0.0228849
0.629029, 0.0270953
0.677613, 0.0281972
0.744099, 0.0196513
0.805392, 0.0248672
0.878445, 0.0299137
0.973435, 0.0318842
1.12067, 0.0215933
1.28991, 0.0232769
1.53139, 0.0252038
1.92435, 0.0238823
2.51938, 0.0430971
2.49278, 0.203654
2.5056, 0.35738
2.49584, 0.511345
2.50806, 0.667441
2.50228, 0.824443
2.49984, 0.98566
2.49989, 1.15336
1.59173, 0.950917
1.56188, 1.04538
2.48793, 1.70836
2.49908, 1.93212
2.49471, 2.16789
2.51639, 2.455
2.29368, 2.52598
2.02985, 2.52443
1.8022, 2.53321
1.58401, 2.52407
0.80857, 1.39823
0.723153, 1.39585
0.679297, 1.49706
0.776407, 2.15763
0.723049, 2.53713
0.569544, 2.5304
0.419606, 2.5222
0.305256, 2.52291
0.161128, 2.53124
0.0166955, 2.52337
0, 1.91264
0, 1.53192
0, 1.32027
0, 1.17268
0, 1.04123
0.000795672, 0.954552
0.00940793, 0.875246
0.00175289, 0.830445
0, 0.790128
0.0155858, 0.730697
0.0047124, 0.705195
0, 0.679727
0.00787181, 0.642957
0, 0.62175
0.00553157, 0.593127
0, 0.57551
0, 0.55005
0.00590549, 0.525837
0, 0.507638
0, 0.484646
0.0018197, 0.463392
0, 0.4421
0.0143063, 0.423317
0.00358404, 0.399695
0.00754413, 0.378496
0.00460253, 0.354068
0.00323567, 0.328555
0.00467174, 0.302654
0.0175958, 0.282557
0, 0.23216
0.00571955, 0.207562
0, 0.16105
0, 0.110474
0.0011471, 0.0597775
0.0252483, 0.030852
0.0532641, 0.00578981
0.102421, 0.0255337
0.138716, 0.0251687
0.170956, 0.0165849
0.207541, 0.0292162
0.238556, 0.0214815
0.270529, 0.0209272
0.302213, 0.0364052
0.332953, 0.0357551
0.363211, 0.0412696
0.395553, 0.0364992
0.433316, 0.0189511
0.467364, 0.0224917
0.50456, 0.0219516
0.539696, 0.0298927
0.588119, 0.019379
0.623409, 0.0349199
0.669583, 0.0394651
0.737189, 0.0273881
0.809871, 0.0212581
0.891493, 0.0185497
0.944418, 0.0460435
1.09091, 0.0250349
1.2205, 0.0334729
1.44048, 0.0231978
1.69929, 0.0311818
2.17334, 0.0224005
2.50661, 0.10294
2.50221, 0.260532
2.50056, 0.415312
2.49708, 0.5692
2.49201, 0.723355
2.50424, 0.882475
2.50467, 1.04447
1.63854, 0.922327
1.57628, 1.00334
2.07387, 1.35972
2.49946, 1.77175
2.49027, 1.98219
2.48901, 2.21893
2.49434, 2.48955
2.23535, 2.51893
1.9781, 2.51592
1.74762, 2.51059
0.882171, 1.42781
0.784782, 1.40962
0.718735, 1.44247
0.672671, 1.53382
0.767014, 2.17379
0.713555, 2.53363
0.56407, 2.52268
0.419451, 2.5232
0.307548, 2.53625
0.167895, 2.52799
0.0271565, 2.5266
0.00180626, 1.9618
0, 1.60008
0.00335753, 1.35855
0, 1.21827
0.00341186, 1.09721
0, 1.01922
0, 0.952045
0.00977035, 0.883101
0, 0.854618
0, 0.814283
0.00272109, 0.768649
0, 0.738963
0.0098222, 0.703585
0.000181187, 0.682171
0, 0.660796
0, 0.63506
0.00209259, 0.60992
0.013107, 0.586144
0, 0.567676
0.00485299, 0.545718
0.00131875, 0.524908
0.00517733, 0.504278
0.00635783, 0.483413
0.00160084, 0.460708
0.00950469, 0.440638
0, 0.408491
0.0110088, 0.393876
0.0049365, 0.364339
0, 0.328222
0.00279355, 0.302163
0.00167329, 0.265529
0, 0.211869
0, 0.166753
0, 0.111168
0.00582045, 0.0615837
0.0312013, 0.026135
0.0746252, 0.0247621
0.117864, 0.0295933
0.156653, 0.0285817
0.196648, 0.0398938
0.228391, 0.0108817
0.267821, 0.045993
0.302184, 0.0258421
0.33717, 0.0358046
0.372971, 0.0329365
0.413792, 0.0121599
0.444737, 0.0397613
0.489925, 0.021549
0.529239, 0.0275053
0.576361, 0.0221098
0.624079, 0.0228579
0.679205, 0.0193876
0.732733, 0.0254597
0.801784, 0.0216309
0.871804, 0.0264832
0.952026, 0.0321249
1.06821, 0.0238991
1.1956, 0.0255859
1.35614, 0.0283952
1.57448, 0.0298613
1.88633, 0.0313053
2.37949, 0.0315074
2.49347, 0.163902
2.48899, 0.320603
2.50561, 0.473953
2.5155, 0.628746
2.50063, 0.78306
2.48038, 0.936737
2.51386, 1.10539
1.59419, 0.967029
1.57864, 1.06379
2.49143, 1.62629
2.49617, 1.82764
2.49037, 2.03977
2.51459, 2.29638
2.46889, 2.52279
2.18856, 2.52609
1.93812, 2.52375
1.71948, 2.52726
0.842103, 1.42084
0.749791, 1.40056
0.704069, 1.46646
0.881307, 2.18216
0.747258, 2.15534
0.700908, 2.51948
0.55937, 2.52847
0.419076, 2.53644
0.306403, 2.54033
0.171449, 2.52171
0.0352023, 2.52225
0, 2.03441
0.000556106, 1.65232
0.00232284, 1.42172
0.00219564, 1.27049
0, 1.18372
0, 1.08364
0.00891542, 0.999373
0, 0.963896
0, 0.927636
0.00348605, 0.864692
0.00361345, 0.829061
0, 0.800586
0.00944697, 0.764921
0, 0.745169
0.00639374, 0.715555
0.00446397, 0.692852
0.0127474, 0.66835
0, 0.651848
0, 0.629081
0, 0.607073
0.000425751, 0.585909
0.00596236, 0.565378
0.0110168, 0.545237
0, 0.521027
0.00580875, 0.500384
0, 0.474572
0.00102771, 0.44988
0, 0.417096
0, 0.390845
0, 0.357512
0.00239516, 0.326869
0.00725886, 0.291359
0.00982654, 0.248248
0.00362006, 0.185479
0, 0.108103
0.0052652, 0.0370403
0.0549059, 0.0399574
0.0896987, 0.0110212
0.14262, 0.0382314
0.18217, 0.0291582
0.224791, 0.0417261
0.261895, 0.0093366
0.302976, 0.025416
0.343272, 0.0220254
0.3829, 0.0294305
0.42338, 0.0318439
0.463647, 0.0381004
0.51721, 0.0105142
0.552882, 0.037667
0.612301, 0.017752
0.655466, 0.0354943
0.719017, 0.0274113
0.783267, 0.028045
0.840547, 0.044034
0.939755, 0.028082
1.02976, 0.0341885
1.16403, 0.0221945
1.30356, 0.0262594
1.48244, 0.0299505
1.73694, 0.0277179
2.09948, 0.0260459
2.49823, 0.0654051
2.50346, 0.22483
2.49944, 0.382155
2.50554, 0.536508
2.50005, 0.69063
2.50893, 0.846533
2.50008, 1.00291
1.62617, 0.938804
1.57319, 1.02202
2.08512, 1.33554
2.50456, 1.69559
2.49694, 1.89095
2.48607, 2.09981
2.49709, 2.34565
2.40776, 2.53011
2.13562, 2.53358
1.89054, 2.5293
1.66543, 2.51473
0.8072, 1.42575
0.731659, 1.42766
0.67333, 1.45768
0.852159, 2.16311
0.731717, 2.16307
0.691754, 2.54024
0.550477, 2.52858
0.412902, 2.50917
0.305465, 2.52598
0.174508, 2.52668
0.0404613, 2.53999
0.00062485, 2.08416
0.00539466, 1.69525
0, 1.49891
0, 1.3379
0.00121755, 1.2231
0, 1.14486
0, 1.07484
0, 1.02042
0.00485228, 0.964717
0, 0.937759
0, 0.898035
0, 0.865741
0.00622871, 0.827924
0, 0.806286
0.000888139, 0.778916
0, 0.761496
0, 0.734526
0.000562306, 0.710553
0, 0.689257
0.00167265, 0.667977
0, 0.646979
0.00316474, 0.626157
0, 0.603713
0, 0.581483
0.00745036, 0.561949
0, 0.535187
0, 0.510297
0, 0.481178
0, 0.451829
0, 0.420343
0, 0.377744
0.00218465, 0.346853
0.00319182, 0.301
0, 0.234574
0, 0.167689
0, 0.0867732
0.0214911, 0.0243185
0.0740331, 0.0273845
0.122912, 0.0281133
0.165361, 0.00755262
0.215429, 0.0310678
0.259191, 0.0225517
0.303659, 0.0317772
0.34663, 0.0441073
0.392209, 0.0296966
0.437782, 0.0289943
0.484042, 0.0311199
0.532786, 0.030943
0.581229, 0.0372317
0.640319, 0.0279617
0.703819, 0.0211894
0.771086, 0.0186608
0.835929, 0.0280346
0.914977, 0.0298525
1.0056, 0.0314788
1.11602, 0.0296259
1.24546, 0.030003
1.40847, 0.0286091
1.61664, 0.0276783
1.88702, 0.0304311
2.27768, 0.0318278
2.49617, 0.128261
2.4976, 0.288136
2.51702, 0.442735
2.50195, 0.598873
2.50408, 0.753061
2.51022, 0.90894
1.65259, 0.908206
1.58545, 0.990126
1.59836, 1.09228
2.09617, 1.40226
2.51127, 1.76137
2.50311, 1.95712
2.49773, 2.17047
2.48407, 2.39806
2.3312, 2.52269
2.06675, 2.52369
1.84034, 2.5311
0.833471, 1.40724
0.758633, 1.40802
0.709903, 1.44754
0.679702, 1.53438
0.828122, 2.15785
0.721272, 2.18856
0.674176, 2.51782
0.543964, 2.54515
0.410436, 2.54069
0.30544, 2.53894
0.179391, 2.51707
0.0490964, 2.53948
0.00285898, 2.13529
0.00116541, 1.77175
0.000309142, 1.54932
0.000349922, 1.39692
0.00168244, 1.2837
0.00276077, 1.19749
0.0026721, 1.13046
0, 1.08166
0, 1.04343
0, 0.990843
0, 0.956508
0.0053634, 0.918523
0.000908074, 0.892309
0, 0.867101
0, 0.841877
0, 0.81674
0, 0.79503
0.00295819, 0.771388
0, 0.750777
0.00538053, 0.729085
0, 0.707751
0.000687672, 0.687107
0, 0.664749
0.0203735, 0.648629
0, 0.61836
0.0141219, 0.602541
0.00833308, 0.575598
0, 0.542664
0, 0.508793
0.00989652, 0.490484
0, 0.435568
0, 0.403396
0, 0.354988
0.00333059, 0.306692
0, 0.221557
0, 0.133111
0.00174989, 0.0403898
0.0546704, 0.0343135
0.103873, 0.0213432
0.156268, 0.0243211
0.208585, 0.0408141
0.255844, 0.0300959
0.304148, 0.0232716
0.353229, 0.0192807
0.401367, 0.0291793
0.453657, 0.0181472
0.504675, 0.0223789
0.555134, 0.032257
0.617459, 0.0186805
0.670514, 0.0335087
0.744852, 0.0178909
0.813205, 0.0229012
0.890688, 0.0250437
0.982881, 0.0218556
1.0881, 0.0195803
1.18489, 0.0379455
1.31852, 0.0428231
1.51866, 0.0273868
1.73869, 0.0305875
2.03771, 0.0321824
2.47518, 0.0306379
2.50218, 0.188149
2.4931, 0.350218
2.51803, 0.503951
2.51029, 0.659953
2.50857, 0.814548
2.48764, 0.967657
1.5904, 0.957935
1.57345, 1.04826
2.06355, 1.30928
2.50333, 1.63233
2.51583, 1.82489
2.51022, 2.02254
2.49709, 2.23125
2.49607, 2.46884
2.28328, 2.53989
2.0081, 2.52291
1.78719, 2.52759
0.794831, 1.41396
0.722219, 1.4094
0.69324, 1.47638
1.08565, 2.53444
0.807392, 2.15983
0.705813, 2.19315
0.664681, 2.53129
0.536162, 2.5451
0.406766, 2.53728
0.304351, 2.53245
0.18314, 2.49882
0.0581727, 2.51794
0.00143559, 2.18935
0, 1.82871
0, 1.60123
0, 1.45006
0.00163111, 1.33419
0.00838862, 1.23902
0.00683985, 1.17536
0.00284191, 1.12563
0.00779741, 1.07379
0.0107048, 1.03145
0.00117442, 1.00424
0.00773341, 0.96774
0, 0.944303
0.0019558, 0.91568
0.00144016, 0.890813
0, 0.871093
0.0106582, 0.842104
0, 0.824166
0, 0.801496
0.000976345, 0.78005
0, 0.758771
0.0213446, 0.740115
0.00936975, 0.718001
0, 0.691075
0.012093, 0.675407
0, 0.645006
0, 0.619796
0, 0.588537
0.00512203, 0.569154
0.0120078, 0.542757
0.020625, 0.515871
0, 0.45293
0.0205403, 0.433278
0, 0.349936
0.000702513, 0.285137
0, 0.186572
0.000632043, 0.0874503
0.0344015, 0.027189
0.0975954, 0.0480032
0.146211, 0.0241526
0.201911, 0.0385588
0.252272, 0.0176133
0.304922, 0.0305623
0.358108, 0.0128227
0.410713, 0.0200148
0.465465, 0.0177118
0.523552, 0.0109602
0.579421, 0.0193647
0.638998, 0.0234939
0.706735, 0.0186346
0.77926, 0.0157446
0.856512, 0.016168
0.947152, 0.0106707
1.03188, 0.0237835
1.15311, 0.0138354
1.28579, 0.0122384
1.44599, 0.0101883
1.6226, 0.0204691
1.8747, 0.0176841
2.19738, 0.0214032
2.47953, 0.0817464
2.49632, 0.241995
2.51862, 0.398321
2.49716, 0.558325
2.4866, 0.712909
2.4931, 0.866197
1.61856, 0.920646
1.57172, 1.00624
1.60721, 1.1088
2.07355, 1.36478
2.50948, 1.68739
2.48951, 1.86434
2.49593, 2.06683
2.48537, 2.27604
2.48609, 2.51395
2.19255, 2.50955
1.95403, 2.51876
0.812172, 1.39279
0.766716, 1.42606
0.709745, 1.44067
0.677192, 1.49724
1.05901, 2.52645
0.783038, 2.14386
0.693118, 2.20087
0.651924, 2.52364
0.527035, 2.53273
0.400572, 2.49783
0.301359, 2.53309
0.182548, 2.52643
0.0636187, 2.51895
0.000830263, 2.24161
0.00318918, 1.86824
0, 1.66538
0.00078331, 1.50427
0, 1.41133
0, 1.32709
0.00297718, 1.24043
0, 1.20652
0.0111803, 1.13046
0.00657712, 1.09546
0, 1.07041
0.013457, 1.02436
0.0114478, 0.997574
0, 0.977448
0, 0.952938
0.0156628, 0.923096
0.0156176, 0.901517
0.0100712, 0.881616
0, 0.862352
0.00831148, 0.840452
0.00222447, 0.819724
0, 0.797365
0.0130378, 0.779281
0, 0.753819
0.000140593, 0.732045
0.000128327, 0.708104
0, 0.680502
0.00596502, 0.658996
0, 0.621846
0, 0.587193
0, 0.549429
0, 0.514264
0, 0.465157
0, 0.403237
0.00990577, 0.359221
0.00608011, 0.268407
0.000886646, 0.145819
0.0138877, 0.0266299
0.0733788, 0.0175812
0.137316, 0.0352204
0.19302, 0.0231095
0.249154, 0.00756309
0.306734, 0.0247546
0.364982, 0.00276865
0.420744, 0.022785
0.479391, 0.0221565
0.536774, 0.0323491
0.608799, 0.00585576
0.673225, 0.0129533
0.736322, 0.0284315
0.81818, 0.0187203
0.887652, 0.0380209
0.992673, 0.0212391
1.0989, 0.0193836
1.21787, 0.0203994
1.34242, 0.0327217
1.53115, 0.0179234
1.72971, 0.0241662
1.99849, 0.0232824
2.33669, 0.0316502
2.49011, 0.143735
2.50073, 0.306122
2.49315, 0.467648
2.50526, 0.622547
2.47884, 0.778033
2.50619, 0.93174
1.58526, 0.980233
1.58185, 1.07156
2.05861, 1.29024
2.47231, 1.56388
2.49792, 1.74817
2.4885, 1.92968
2.49648, 2.13339
2.50334, 2.35517
2.41909, 2.52758
2.12121, 2.51085
0.834098, 1.39703
0.766645, 1.4004
0.71947, 1.42273
0.685248, 1.46398
1.17046, 2.51898
0.873267, 2.16337
0.76012, 2.14679
0.680123, 2.22381
0.63451, 2.51254
0.51458, 2.51937
0.395821, 2.52644
0.299342, 2.52688
0.184893, 2.52525
0.067804, 2.53575
0, 2.30025
0, 1.94927
0, 1.72141
0.0051607, 1.5534
0.00639141, 1.44368
0, 1.37465
0, 1.31091
0.00861076, 1.23903
0.00993258, 1.19216
0.00362747, 1.15859
0, 1.13789
0.00504043, 1.09063
0.0159398, 1.05568
0, 1.04206
0, 1.01782
0.00456708, 0.987428
0, 0.969061
0.00324818, 0.943588
0.00702982, 0.921974
0, 0.901633
0, 0.880189
0.00738316, 0.860064
0, 0.837334
0.00729193, 0.817513
0.00769852, 0.795323
0, 0.766128
0, 0.740775
0.000875454, 0.716731
0.00260086, 0.688461
0.00517072, 0.658269
0, 0.609209
0.00122736, 0.577861
0, 0.525764
0.00316401, 0.476474
0.00214007, 0.406557
0.0040917, 0.324194
0.004158, 0.212319
0.000769545, 0.04795
0.0593465, 0.0247299
0.125662, 0.0347133
0.185728, 0.0220843
0.247604, 0.028225
0.30822, 0.0182388
0.368599, 0.0300497
0.431129, 0.020762
0.49439, 0.0200783
0.558399, 0.0239307
0.631087, 0.0103766
0.699537, 0.0189666
0.774044, 0.0224475
0.853203, 0.027094
0.949532, 0.0176587
1.03704, 0.0325003
1.14105, 0.0396693
1.27508, 0.0330205
1.42344, 0.0338752
1.62635, 0.0184131
1.83479, 0.0283826
2.13361, 0.0228218
2.49671, 0.0329933
2.51029, 0.201471
2.5003, 0.370177
2.50255, 0.52997
2.51, 0.685943
2.49915, 0.841348
1.58906, 0.952649
1.57593, 1.04188
2.10892, 1.23389
2.07292, 1.35744
2.50485, 1.63899
2.49497, 1.81123
2.49263, 1.99625
2.49333, 2.19628
2.50768, 2.42329
2.33554, 2.52588
0.867891, 1.41673
0.778405, 1.40034
0.736623, 1.42622
0.687984, 1.44084
0.677078, 1.51343
1.14161, 2.52905
0.844304, 2.16141
0.740696, 2.15729
0.674224, 2.26998
0.624448, 2.53351
0.505453, 2.52445
0.390254, 2.52392
0.299685, 2.51751
0.18916, 2.53028
0.0810459, 2.50556
0, 2.37671
0, 2.00409
2.85351e-05, 1.77625
0.00611876, 1.61265
0.000961937, 1.51517
0, 1.44367
0, 1.37113
0, 1.31713
0, 1.27391
0.00409762, 1.2194
0, 1.19378
0.00844658, 1.14957
0.0208005, 1.11412
0, 1.10444
0, 1.07997
0.00103231, 1.04979
0, 1.029
0.00830128, 1.00395
0.00606371, 0.983312
0.00524113, 0.962604
0, 0.941622
0, 0.920157
0.0203093, 0.902678
0, 0.874487
0, 0.853582
0.000530984, 0.830322
0, 0.796381
0.00803674, 0.782238
0.0119985, 0.756212
0, 0.706797
0, 0.676641
0.00426771, 0.642454
0.00122038, 0.591655
0, 0.521684
0, 0.464113
0.00050402, 0.378975
0, 0.256067
0.00457935, 0.120656
0.0429542, 0.02815
0.113518, 0.0379367
0.175331, 0.00701872
0.244044, 0.0364427
0.30847, 0.0138366
0.374964, 0.00626266
0.43625, 0.0457176
0.506859, 0.0236643
0.574092, 0.0311375
0.651379, 0.0164825
0.720534, 0.0334111
0.805133, 0.0258136
0.896232, 0.0202628
0.980174, 0.0369747
1.09108, 0.0300329
1.21779, 0.0224547
1.35285, 0.0250994
1.51469, 0.0247785
1.70226, 0.029038
1.95051, 0.0238528
2.26306, 0.0220066
2.51329, 0.0870888
2.5128, 0.261304
2.5229, 0.425454
2.48279, 0.593893
2.49103, 0.748398
1.62713, 0.922476
1.55967, 1.01218
1.58071, 1.10334
2.07671, 1.2886
2.14591, 1.43736
2.48607, 1.6933
2.48944, 1.86956
2.5051, 2.06314
2.49946, 2.2605
2.49803, 2.47711
2.26277, 2.52798
0.801595, 1.41645
0.732825, 1.4129
0.706568, 1.45044
0.682416, 1.49399
1.25805, 2.53352
1.11913, 2.54575
0.810928, 2.14408
0.728457, 2.1826
0.731435, 2.54126
0.609881, 2.51934
0.497237, 2.51785
0.387023, 2.52106
0.298218, 2.53062
0.191511, 2.53691
0.0865914, 2.51688
0.00391776, 2.39668
0, 2.05507
0, 1.8483
0.00638804, 1.67144
0.00350736, 1.57022
0.00583294, 1.48379
0, 1.43949
0, 1.38004
0, 1.32988
0.00336033, 1.28069
0.000460734, 1.24764
0, 1.21818
0, 1.18958
0, 1.16344
0.0160756, 1.12835
0, 1.11163
0.00810754, 1.08627
0, 1.06766
0.00361144, 1.04446
0, 1.02369
0, 1.00214
0.0103769, 0.98257
0.0114101, 0.961985
0.00370647, 0.93878
0, 0.913084
0.00398545, 0.892626
0, 0.863594
0, 0.834224
0.00260583, 0.810613
0, 0.772982
0.00668899, 0.74606
0.0109562, 0.710138
0, 0.639948
0.00485862, 0.600765
0.0007893, 0.526156
0, 0.421996
0, 0.317964
0, 0.162043
0.0251492, 0.0220153
0.0998566, 0.0278676
0.170032, 0.021424
0.24137, 0.0403816
0.309653, 0.0370449
0.378795, 0.0298418
0.448258, 0.0324046
0.518047, 0.0385075
0.594568, 0.0264679
0.666084, 0.041047
0.756284, 0.01861
0.835878, 0.032573
0.934638, 0.0232509
1.02422, 0.0406056
1.14473, 0.0303655
1.2709, 0.0315506
1.42514, 0.0243598
1.58694, 0.0325881
1.80927, 0.0216644
2.0782, 0.0152898
2.38583, 0.0273313
2.50399, 0.154339
2.50252, 0.328013
2.49463, 0.495572
2.51845, 0.651381
2.49571, 0.81127
1.58328, 0.985927
1.57916, 1.07551
2.12724, 1.23028
2.06532, 1.3494
2.51579, 1.59783
2.50472, 1.76318
2.50277, 1.93883
2.49489, 2.12186
2.49764, 2.32349
2.47235, 2.52361
0.783957, 1.40317
0.741053, 1.4225
0.701972, 1.44215
0.686388, 1.4879
0.681815, 1.55551
1.21657, 2.52959
1.07616, 2.52698
0.78641, 2.15117
0.705773, 2.18234
0.710134, 2.52984
0.599109, 2.53387
0.489235, 2.52742
0.381583, 2.51031
0.298903, 2.52424
0.197002, 2.52966
0.0942425, 2.52854
0, 2.48868
0, 2.12784
0.00102296, 1.89423
0, 1.74834
0, 1.65402
0.0113593, 1.53652
0.00545734, 1.48014
0.00348668, 1.42821
0.0076659, 1.37766
0.0210963, 1.32619
0, 1.31053
0.012145, 1.26919
0.0292138, 1.23143
0.0129012, 1.21501
0, 1.19875
0, 1.17508
0.0188816, 1.14496
0, 1.12884
0, 1.10698
0.0182568, 1.08448
0.00140384, 1.06402
0.0167605, 1.04464
0.000603197, 1.0214
0, 0.997608
0.0048108, 0.97796
0.0119903, 0.957343
0.00651666, 0.930276
0, 0.897725
0, 0.8615
0, 0.835517
0.0134879, 0.813845
0.00138988, 0.76173
0, 0.706605
0.00187104, 0.658391
0, 0.582079
0, 0.491449
0, 0.373048
0, 0.229399
0.0121124, 0.0386416
0.0890395, 0.0390947
0.162202, 0.027968
0.235686, 0.0187963
0.309679, 0.0261315
0.383121, 0.0284914
0.457498, 0.0278269
0.533911, 0.0255049
0.60594, 0.0472168
0.695746, 0.0213268
0.778206, 0.0302928
0.870663, 0.0285201
0.970227, 0.0274994
1.07417, 0.0333608
1.19716, 0.0292686
1.32842, 0.033348
1.49176, 0.0257738
1.67243, 0.0273948
1.89168, 0.0274644
2.15458, 0.0323256
2.49967, 0.0333003
2.50819, 0.21266
2.50707, 0.386623
2.50785, 0.552526
2.49682, 0.715053
1.60422, 0.954502
1.56943, 1.04685
1.65183, 1.13954
2.08515, 1.28569
2.11022, 1.41827
2.51832, 1.65862
2.50255, 1.82253
2.48868, 1.99296
2.50862, 2.18875
2.50729, 2.38911
0.774743, 1.40497
0.738783, 1.42782
0.707432, 1.45232
0.671703, 1.47087
0.671094, 1.53006
1.32614, 2.53017
1.18676, 2.54013
0.866622, 2.17841
0.756027, 2.14015
0.694203, 2.2088
0.691487, 2.51974
0.584877, 2.51958
0.483535, 2.53817
0.379401, 2.5206
0.300129, 2.53446
0.203217, 2.51999
0.105932, 2.51577
0.00135159, 2.5394
0.000590711, 2.17972
0, 1.96184
0.000389324, 1.80928
2.36498e-05, 1.70066
0.00234884, 1.61292
0, 1.56365
0, 1.50067
0, 1.45189
0, 1.41543
0, 1.37725
0.00976409, 1.33234
0, 1.32094
0, 1.28361
0.000574553, 1.25738
0.00172541, 1.23327
0, 1.21166
0, 1.18914
0, 1.16854
0.00146431, 1.14647
0, 1.12539
0.00428329, 1.10476
0.00566308, 1.08382
0, 1.0588
0.00395204, 1.03921
0.00731703, 1.01697
0.0164176, 0.996743
0, 0.955933
0.000169642, 0.932104
0, 0.896303
0, 0.861899
0.00022715, 0.822344
0, 0.773801
0.00540221, 0.725384
0.00595446, 0.658735
0, 0.551486
0.00385514, 0.458282
0, 0.289031
0.00114816, 0.0642684
0.0702582, 0.0135926
0.153335, 0.0299413
0.231249, 0.0245717
0.309163, 0.0284631
0.385736, 0.0436416
0.46629, 0.0232881
0.544775, 0.0330145
0.628603, 0.0283406
0.711396, 0.0377248
0.806415, 0.0270763
0.904868, 0.0244872
1.01006, 0.0241415
1.11816, 0.033216
1.24987, 0.0269473
1.38934, 0.0308025
1.54824, 0.035232
1.74835, 0.0285593
1.96785, 0.0363862
2.27727, 0.0222003
2.49647, 0.0936896
2.5235, 0.26566
2.50017, 0.447901
2.51244, 0.610632
1.63226, 0.91718
1.58327, 1.01656
1.61253, 1.10595
2.14136, 1.22222
2.0715, 1.34376
2.50318, 1.55187
2.4925, 1.71105
2.48463, 1.8756
2.51354, 2.06238
0.840726, 1.40877
0.757499, 1.40849
0.719976, 1.42768
0.687488, 1.44734
0.669445, 1.47785
0.668934, 1.52853
1.4299, 2.51942
1.28008, 2.5236
1.15215, 2.54149
0.819966, 2.14668
0.743845, 2.17055
0.682113, 2.23231
0.673485, 2.50992
0.577781, 2.53861
0.477052, 2.53808
0.377198, 2.52021
0.300995, 2.53317
0.208137, 2.52334
0.112603, 2.53586
0.0173499, 2.52981
0, 2.25446
0, 2.03234
0, 1.88986
0, 1.77565
0, 1.69037
0.00299549, 1.60718
0.0145286, 1.53856
0, 1.5145
0.00590356, 1.46299
0, 1.4337
0.0096272, 1.39393
0, 1.37279
0, 1.34886
0.0107089, 1.31476
0, 1.29602
0.00597514, 1.27104
0, 1.25258
0, 1.23086
0, 1.208
0, 1.18646
0, 1.16412
0, 1.14294
0, 1.12158
0, 1.09583
0.00415838, 1.07713
0.0201927, 1.06006
0, 1.02248
0, 0.98439
0, 0.957577
0, 0.923171
0.00473499, 0.888691
0, 0.828942
0, 0.778212
0, 0.709
0.00138166, 0.627383
0, 0.508463
0, 0.342191
0, 0.11471
0.0628863, 0.0425982
0.143919, 0.0261088
0.226843, 0.0271622
0.308914, 0.024718
0.391707, 0.0183965
0.473231, 0.0327533
0.555538, 0.0420769
0.652691, 0.00532711
0.729501, 0.0482651
0.831942, 0.0303115
0.932301, 0.0334356
1.04822, 0.0238437
1.17021, 0.0225934
1.29813, 0.0302296
1.45085, 0.0280352
1.63365, 0.0195178
1.84098, 0.017304
2.07789, 0.0233392
2.3703, 0.0292242
2.49806, 0.152465
2.51234, 0.329659
2.51082, 0.504263
2.50128, 0.673052
1.58933, 0.984671
1.56455, 1.07875
2.50201, 1.14461
2.0781, 1.2794
2.11974, 1.40946
2.51527, 1.61394
2.49309, 1.77096
2.51223, 1.94461
0.803103, 1.4081
0.73799, 1.41799
0.707649, 1.43977
0.6974, 1.4729
0.690821, 1.51084
0.668312, 1.53761
1.54829, 2.5227
1.39238, 2.53299
1.24784, 2.53739
1.10598, 2.5247
0.791258, 2.15063
0.725538, 2.18737
0.675262, 2.27169
0.664529, 2.53485
0.564503, 2.52827
0.467534, 2.517
0.374279, 2.51363
0.302045, 2.54895
0.212089, 2.54312
0.120681, 2.54729
0.0309136, 2.5324
4.0456e-05, 2.30979
0, 2.09385
0.000904689, 1.93319
0, 1.83135
0, 1.74902
0, 1.68279
0, 1.6279
0, 1.57501
0.00325684, 1.52701
0, 1.49413
0.0104839, 1.4549
0.00708788, 1.42863
0.00486705, 1.40337
0.000978754, 1.38014
0.000256149, 1.35664
0, 1.33706
0.0137005, 1.30959
0, 1.29065
0.00948729, 1.26906
0.00308659, 1.24843
0.0298509, 1.23037
0, 1.205
0.00506837, 1.1849
0.0046144, 1.1623
0, 1.1304
0.000328381, 1.11173
0.0013943, 1.08526
0.00345328, 1.05736
8.99544e-06, 1.02264
0.00191934, 0.988212
0, 0.944655
0, 0.888781
0, 0.834774
0.00186875, 0.776013
0, 0.678065
0, 0.572768
0, 0.412118
0.000934749, 0.191684
0.0476317, 0.0344217
0.135125, 0.0287434
0.221483, 0.0185495
0.308262, 0.0460326
0.393355, 0.0460725
0.48479, 0.00919512
0.571795, 0.0249748
0.661797, 0.0321682
0.75312, 0.0432344
0.858192, 0.0312605
0.972498, 0.0181837
1.07814, 0.0359218
1.20418, 0.0358572
1.34187, 0.0382644
1.50443, 0.0327834
1.706, 0.0147494
1.90184, 0.0298267
2.16021, 0.0279941
2.46008, 0.037446
2.52551, 0.198434
2.48245, 0.400598
2.50771, 0.564511
1.61026, 0.945879
1.57187, 1.04772
1.6114, 1.13445
2.1539, 1.21283
2.056, 1.33818
2.51205, 1.51438
2.47797, 1.66633
2.50437, 1.83321
0.761933, 1.41481
0.72759, 1.43736
0.688236, 1.45379
0.697617, 1.49456
0.676186, 1.51894
0.679245, 1.56223
1.67087, 2.52187
1.50346, 2.53424
1.35048, 2.54084
1.19992, 2.52864
0.849114, 2.16114
0.761937, 2.15308
0.700694, 2.18861
0.743705, 2.52569
0.651071, 2.54245
0.553572, 2.52889
0.460893, 2.51739
0.373007, 2.53331
0.302382, 2.52404
0.21677, 2.53236
0.131417, 2.52448
0.0452627, 2.5177
0.0015472, 2.35685
0.00085097, 2.13602
0.00343049, 1.97915
0, 1.88255
0.00220614, 1.7885
0.00566396, 1.71673
0, 1.67924
0.0154265, 1.60586
0, 1.59164
0, 1.54926
0.00747705, 1.50806
0, 1.48701
0, 1.45851
0.00247268, 1.43064
0, 1.41063
0.015716, 1.38115
0.0221855, 1.35918
0.0104107, 1.34051
0, 1.3206
0, 1.29903
0, 1.27808
0, 1.25597
0.000301436, 1.23474
0.0118022, 1.21571
0.00124194, 1.18844
0, 1.16089
0.00623647, 1.13912
0.00304014, 1.10813
0.00443772, 1.07719
0.0113261, 1.04782
0.00630407, 1.00306
0, 0.941187
0.0026552, 0.896308
0.00146288, 0.826534
0, 0.712707
0.00533723, 0.637977
0.00207057, 0.476548
0.00193108, 0.247142
0.0364964, 0.0330289
0.127966, 0.028805
0.219111, 0.0370908
0.308448, 0.0174697
0.398943, 0.019784
0.490229, 0.0210907
0.584258, 0.0177035
0.681374, 0.0154366
0.78558, 0.00595314
0.889838, 0.0116528
0.995804, 0.0253269
1.11615, 0.0263655
1.26284, 0.00667472
1.39312, 0.0284386
1.55378, 0.0327951
1.77194, 0.00661637
1.96141, 0.034338
2.24133, 0.0244814
2.50002, 0.0650228
2.50382, 0.259014
2.48177, 0.451146
2.50059, 0.617056
1.57659, 1.00455
1.57263, 1.0982
2.50415, 1.09954
2.08308, 1.26509
2.0857, 1.38997
2.49812, 1.5631
0.765377, 1.39723
0.732979, 1.42294
0.700488, 1.44496
0.69241, 1.47352
0.670364, 1.49564
0.66331, 1.52504
0.696913, 1.58402
1.81404, 2.5198
1.60558, 2.51194
1.45858, 2.53687
1.29229, 2.52001
1.15659, 2.51764
0.805713, 2.14012
0.742935, 2.16652
0.691451, 2.21724
0.729656, 2.53519
0.632526, 2.52391
0.543628, 2.5278
0.455017, 2.51894
0.369546, 2.51603
0.302739, 2.5139
0.222751, 2.51316
0.139584, 2.53045
0.0560405, 2.5302
8.93834e-05, 2.4247
0.00375125, 2.19027
0.00227407, 2.0437
0, 1.93912
0.00951822, 1.83845
0.00604176, 1.77778
0, 1.73596
0.00563334, 1.67746
0, 1.64288
0.00732056, 1.60094
0.000213774, 1.57433
0.00379311, 1.54301
0.0122788, 1.51222
0.0013607, 1.49242
0.0220977, 1.46198
0.00597182, 1.44487
0, 1.42688
0, 1.40318
0.000969799, 1.38168
0, 1.36024
0, 1.33804
0, 1.31773
0, 1.29483
0, 1.27267
0, 1.24259
0.00951753, 1.22856
0, 1.19554
0, 1.16293
0.0177965, 1.14898
0.00567022, 1.10398
0, 1.05019
0, 1.00913
0.00513603, 0.961114
0.00113014, 0.887408
0.000841773, 0.801312
0.00255053, 0.693241
0, 0.529826
0, 0.293597
0.0204702, 0.0185965
0.118021, 0.0189934
0.21353, 0.0169803
0.308379, 0.0296164
0.403724, 0.0132494
0.499623, 0.0157919
0.595331, 0.026649
0.697473, 0.0204736
0.79983, 0.0276627
0.914001, 0.0185583
1.02881, 0.0245667
1.15373, 0.0275161
1.29438, 0.0243039
1.44238, 0.0310212
1.62158, 0.0240418
1.81719, 0.0268811
2.06398, 0.0158493
2.3458, 0.0155283
2.51108, 0.11904
2.50331, 0.319604
2.48729, 0.509366
1.59738, 0.962569
1.57901, 1.06474
1.66706, 1.14318
2.50683, 1.15975
2.07433, 1.32592
2.49589, 1.46869
0.723324, 1.42018
0.694392, 1.44503
0.684529, 1.47138
0.67305, 1.49676
0.672556, 1.52627
0.661313, 1.55211
0.721656, 1.62052
1.96298, 2.5184
1.75201, 2.53058
1.54162, 2.51342
1.38387, 2.51809
1.25184, 2.53098
0.861123, 2.16142
0.778766, 2.15633
0.708534, 2.16032
0.678792, 2.24808
0.706269, 2.52817
0.615391, 2.52066
0.528303, 2.50984
0.4482, 2.52312
0.367413, 2.53181
0.35308, 2.52855
0.276384, 2.52854
0.201367, 2.50786
0.127898, 2.48953
0.0404998, 2.53369
0, 2.44236
0, 2.25404
0, 2.09444
0, 2.00592
0, 1.89968
0, 1.84521
1.99132e-05, 1.77494
0, 1.73093
0, 1.69899
0.00467866, 1.65322
0.00108876, 1.62486
0, 1.60576
0, 1.57158
0, 1.54893
0.00892305, 1.51985
0, 1.50006
0, 1.47854
0.00754581, 1.45618
0, 1.43575
0.00339883, 1.41473
0.0152771, 1.39524
0.00749938, 1.37306
0, 1.34874
0.011196, 1.32996
0.00835651, 1.30523
0, 1.2697
0.00639604, 1.25167
0, 1.21618
0.00726211, 1.18968
0, 1.14586
0.00492298, 1.10811
0.00216394, 1.05508
0.00852735, 1.00467
0.0198534, 0.952206
0.0138568, 0.852302
0.0104627, 0.724811
0.0212699, 0.587176
0.0235279, 0.344082
0.0413112, 0.00271425
0.145887, 0.0236908
0.244565, 0.0102943
0.34403, 0.0146865
0.443685, 0.0152217
0.539913, 0.0435082
0.644492, 0.0308322
0.751358, 0.0280577
0.859691, 0.0348924
0.97581, 0.0364801
1.09282, 0.0503192
1.23318, 0.0408637
1.37801, 0.0452585
1.54023, 0.0480879
1.71985, 0.0546904
1.92925, 0.0588843
2.17408, 0.0644231
2.46485, 0.0731943
2.53017, 0.240862
2.53966, 0.430253
2.51917, 0.620382
1.58525, 1.06212
1.62801, 1.1485
2.52179, 1.11715
2.08643, 1.30547
0.708558, 1.4325
0.692008, 1.45989
0.681121, 1.48601
0.669724, 1.51099
0.679302, 1.5411
0.670155, 1.56702
0.698954, 1.60984
2.45281, 2.5762
2.12347, 2.5713
1.85882, 2.56467
1.63147, 2.54955
1.46688, 2.55933
1.29609, 2.53889
1.17082, 2.54737
0.788676, 2.15673
0.72692, 2.17172
0.680236, 2.21199
0.743813, 2.53213
0.660076, 2.54239
0.573103, 2.53027
0.490314, 2.51556
0.4129, 2.51382
0.487214, 2.52095
0.414588, 2.5271
0.341947, 2.52717
0.269823, 2.52196
0.198478, 2.51278
0.125455, 2.5141
0.047367, 2.52734
0, 2.47194
0, 2.26734
0.000561568, 2.11967
0.00153034, 2.02115
0.00173828, 1.94504
0.00893888, 1.87429
0, 1.8401
0, 1.79756
0, 1.75085
0.00732156, 1.71071
0.00600549, 1.68102
0.00516042, 1.65337
0.0021256, 1.62854
0.00476501, 1.60274
0.00417572, 1.57947
0, 1.55866
0.00863436, 1.53436
0.00661043, 1.51328
0, 1.49204
0, 1.46984
0.0115991, 1.45027
0.000978064, 1.42644
0, 1.40123
0.022035, 1.38739
0.00212576, 1.35487
0.00244948, 1.32828
0.0137188, 1.3066
0.005839, 1.27041
0.0108728, 1.24012
0.0149791, 1.20581
0.00415879, 1.1502
0.00380526, 1.09701
0.0114256, 1.04513
0.00959116, 0.965441
0.0111563, 0.870059
0.0128547, 0.742398
0.0125758, 0.553419
0.0193133, 0.285438
0.0625618, 0.0161913
0.168168, 0.0202321
0.272061, 0.0342791
0.374734, 0.0236224
0.479038, 0.0174362
0.582764, 0.0281191
0.691062, 0.0259972
0.797937, 0.0409637
0.922792, 0.0200188
1.03326, 0.0487894
1.17284, 0.0349298
1.3062, 0.050496
1.48186, 0.0272787
1.64596, 0.0429916
1.84695, 0.04307
2.06086, 0.0589799
2.35222, 0.0466607
2.52474, 0.14667
2.51967, 0.353326
2.50538, 0.548835
1.57983, 1.04957
1.64314, 1.12989
2.50437, 1.05713
0.696864, 1.44469
0.705456, 1.47161
0.673102, 1.49896
0.673852, 1.52459
0.689844, 1.55299
0.675065, 1.57729
0.725201, 1.61988
2.50161, 2.3279
2.48198, 2.49955
2.23446, 2.55439
1.94225, 2.5487
1.70128, 2.53796
1.52091, 2.54282
1.35942, 2.54018
1.2225, 2.54096
0.811679, 2.15896
0.74551, 2.1642
0.705121, 2.20665
0.670197, 2.26653
0.710884, 2.53799
0.627569, 2.53311
0.546982, 2.52199
0.622353, 2.52997
0.552385, 2.54427
0.477323, 2.52483
0.408834, 2.53077
0.340412, 2.54014
0.272234, 2.5231
0.202128, 2.5371
0.133824, 2.52543
0.0602107, 2.53266
0.00231987, 2.48317
0, 2.31457
0.00536139, 2.17575
0.00311724, 2.08485
0.013465, 1.99468
0.012847, 1.93569
0, 1.90433
0.00311293, 1.85103
0, 1.81993
0.0135926, 1.76944
0.00908968, 1.7414
0.0012564, 1.71669
0.00245502, 1.68881
0.0174487, 1.65799
0, 1.64179
0.00655217, 1.61419
0, 1.59246
0.00642092, 1.56918
0.0133652, 1.54715
0.00900527, 1.52499
0.00865924, 1.50259
0.00421858, 1.47866
0, 1.45089
0.0152926, 1.43392
0.0222017, 1.41164
0.0137808, 1.38025
0.029012, 1.36058
0, 1.30415
0.0223276, 1.28937
0.00963894, 1.23673
0.0122804, 1.19199
0.010255, 1.13343
0.00502896, 1.0574
0.00468557, 0.970822
0.0134702, 0.878605
0.0197085, 0.747825
0.0180216, 0.53177
0.0185754, 0.1929
0.0933155, 0.0352601
0.199754, 0.0193588
0.307309, 0.0126061
0.414299, 0.0285571
0.522028, 0.028507
0.629711, 0.0385485
0.741642, 0.0392581
0.863408, 0.0243512
0.983187, 0.0332013
1.11259, 0.0355312
1.24878, 0.0422261
1.41003, 0.0295167
1.57629, 0.0335898
1.76835, 0.031331
1.97427, 0.0417481
2.21216, 0.0526389
2.52871, 0.0399774
2.534, 0.253819
2.51819, 0.461947
1.592, 1.0298
1.61449, 1.12347
0.700151, 1.45678
0.698953, 1.48467
0.679342, 1.51374
0.683445, 1.53865
0.714253, 1.56474
0.690775, 1.58991
0.735808, 1.62375
2.5012, 2.08247
2.49851, 2.24606
2.4915, 2.41501
2.38396, 2.54431
2.07958, 2.55482
1.793, 2.53363
1.59953, 2.54019
1.41854, 2.52996
1.28415, 2.53909
0.842424, 2.16656
0.755549, 2.14308
0.725599, 2.19139
0.679628, 2.21721
0.75845, 2.5206
0.685261, 2.53639
0.751662, 2.5179
0.673546, 2.50673
0.604, 2.50637
0.540941, 2.52308
0.474822, 2.52141
0.409803, 2.5136
0.346542, 2.51448
0.283697, 2.5077
0.217624, 2.52668
0.150417, 2.53214
0.0886311, 2.50882
0.0123958, 2.52757
0.00613265, 2.37375
0.0116793, 2.23884
0.00391541, 2.15743
0.0172734, 2.06238
0.00164811, 2.02034
0.0139625, 1.95382
0.00383317, 1.91812
0.00921762, 1.87321
0.0126445, 1.83499
0.00986424, 1.80427
0.00574218, 1.7762
0.0198592, 1.74208
0.0152016, 1.71784
0.0286228, 1.68955
0.0185608, 1.66818
0.0140161, 1.64537
0.0251367, 1.62173
0.0173873, 1.59907
0, 1.5736
0.0156574, 1.55233
0.0221554, 1.52986
0.0301349, 1.50799
0.0117778, 1.47552
0.0117603, 1.4475
0.0282377, 1.42707
0.00387608, 1.37958
0.0203433, 1.35587
0.00672402, 1.30456
0.0129557, 1.26496
0.00328735, 1.20096
0.01914, 1.15913
0.0206261, 1.08756
0.015796, 0.985948
0.0116101, 0.853807
0.0170943, 0.697847
0.0193501, 0.455687
0.0194472, 0.0431573
0.130878, 0.0317186
0.242941, 0.0378766
0.353248, 0.0220319
0.464368, 0.0259688
0.578037, 0.0167448
0.694504, 0.0114753
0.808919, 0.0281225
0.930653, 0.031554
1.06645, 0.0171802
1.19765, 0.031675
1.34525, 0.0332291
1.50869, 0.0316159
1.69892, 0.0197152
1.88694, 0.0365209
2.12896, 0.0277538
2.40047, 0.0292575
2.5181, 0.16884
2.50412, 0.386413
0.7428, 1.42084
0.699672, 1.47102
0.691075, 1.5017
0.688262, 1.52849
0.678199, 1.55522
0.698293, 1.57702
0.704035, 1.6017
0.748679, 1.62881
2.51198, 1.85882
2.49466, 2.01071
2.49346, 2.16834
2.51778, 2.34019
2.51105, 2.51092
2.20253, 2.54
1.91065, 2.53621
1.68443, 2.53469
1.49963, 2.53274
1.33504, 2.52172
0.873202, 2.17005
0.789564, 2.15291
0.735806, 2.16184
0.71013, 2.21044
0.678859, 2.2568
0.707271, 2.21621
0.692502, 2.28595
0.741295, 2.52357
0.674172, 2.52932
0.610024, 2.53714
0.542222, 2.51979
0.481753, 2.52695
0.420837, 2.52486
0.360613, 2.52736
0.300125, 2.52737
0.240171, 2.51931
0.17233, 2.54495
0.110986, 2.52987
0.0423868, 2.53247
0.014489, 2.43847
0.0250987, 2.296
0.0108611, 2.22532
0.00950832, 2.14951
0.000910776, 2.0948
0.00540894, 2.03404
0.00314716, 1.98773
0.00428274, 1.94388
0.0111349, 1.90087
0.0139779, 1.86476
0.0100461, 1.83488
0.0226325, 1.80003
0.0192119, 1.77361
0.0167314, 1.74761
0.00363777, 1.72377
0.031217, 1.69511
0.0215009, 1.67126
0.0169239, 1.64637
0.0168185, 1.62121
0.0139088, 1.59504
0.0185418, 1.56977
0.0293837, 1.54633
0.00608776, 1.50872
0.0105151, 1.47963
0.00783374, 1.44471
0.0128042, 1.41171
0.00460774, 1.36529
0.0132895, 1.32787
0.0159868, 1.28003
0.0170196, 1.22271
0.0217683, 1.15996
0.0159632, 1.06619
0.0250239, 0.975948
0.00995355, 0.8007
0.0274571, 0.648526
0.0222156, 0.334247
0.0579341, 0.00690453
0.179587, 0.030466
0.294094, 0.0151964
0.409598, 0.0166454
0.52394, 0.0323524
0.638424, 0.0427298
0.758775, 0.0332605
0.879513, 0.0398901
1.00927, 0.0347811
1.14307, 0.0380783
1.29126, 0.0312485
1.44846, 0.0306989
1.61909, 0.0325767
1.80933, 0.0337531
2.02791, 0.0314678
2.2723, 0.0359875
2.5348, 0.0588455
0.722565, 1.44198
0.683614, 1.49623
0.708096, 1.5122
0.683689, 1.54886
0.706565, 1.56623
0.699384, 1.59273
0.725323, 1.61244
0.757534, 1.63484
2.51224, 1.64521
2.50235, 1.79443
2.5173, 1.94679
2.52191, 2.102
2.51902, 2.26026
2.5103, 2.42232
2.37381, 2.53578
2.02451, 2.52576
1.78971, 2.53442
1.57044, 2.52055
1.41723, 2.52742
1.27542, 2.52319
0.824045, 2.1584
0.763942, 2.15778
0.732307, 2.18935
0.768102, 2.17205
0.740727, 2.20402
0.701856, 2.21933
0.69227, 2.29206
0.736343, 2.51867
0.672571, 2.51886
0.613224, 2.52527
0.552346, 2.51658
0.49494, 2.51482
0.438875, 2.51914
0.382507, 2.52338
0.324742, 2.53298
0.269195, 2.51719
0.209316, 2.5225
0.149056, 2.52011
0.0827413, 2.52671
0.0125764, 2.53137
0.0224868, 2.38697
0.0189369, 2.29522
0.0129292, 2.2235
0.0228535, 2.14511
0.019639, 2.09208
0.0255997, 2.03766
0.033099, 1.98896
0.0195302, 1.95917
0.0171303, 1.92412
0.035725, 1.88191
0.0235886, 1.85598
0.0126978, 1.82932
0.000753909, 1.80244
0.0168239, 1.77077
0.0271771, 1.74234
0.0183948, 1.71563
0.0200703, 1.68842
0.0170383, 1.66051
0.0260921, 1.63419
0.0178606, 1.60338
0.0122338, 1.57108
0.00587098, 1.53594
0.0281876, 1.51292
0.0180025, 1.47097
0.0142287, 1.42834
0.0203656, 1.38891
0.011408, 1.3308
0.0371274, 1.30157
0.0187539, 1.21455
0.0270706, 1.14726
0.0196619, 1.03813
0.0184548, 0.910248
0.0198756, 0.745419
0.016421, 0.495675
0.0239109, 0.150461
0.118662, 0.0367944
0.23482, 0.00147667
0.355874, 0.0184537
0.474061, 0.0346287
0.592621, 0.0325705
0.716795, 0.0112328
0.842689, 0.00758773
0.965432, 0.0288949
1.09545, 0.0391754
1.24103, 0.0305347
1.39923, 0.0203169
1.5597, 0.0287602
1.7533, 0.0141082
1.94841, 0.0251101
2.16631, 0.0381936
0.712985, 1.46333
0.688213, 1.51513
0.696491, 1.53832
0.697914, 1.56428
0.709423, 1.58419
0.71052, 1.60819
0.754867, 1.6191
0.765706, 1.64255
2.53355, 1.43309
2.52936, 1.58354
2.51896, 1.73205
2.51874, 1.88005
2.50979, 2.02834
2.52932, 2.18479
2.50557, 2.33614
2.52931, 2.50824
2.19482, 2.5298
1.8881, 2.51943
1.6816, 2.52742
1.50723, 2.52965
1.34425, 2.51609
0.847488, 2.14803
0.791168, 2.14933
0.820979, 2.13863
0.778706, 2.14735
0.748053, 2.16683
0.72229, 2.19329
0.690161, 2.21052
0.684334, 2.28528
0.725109, 2.51063
0.667864, 2.51633
0.614361, 2.53191
0.559397, 2.54115
0.501947, 2.52055
0.448137, 2.51635
0.395172, 2.509
0.341594, 2.51065
0.285046, 2.52079
0.23415, 2.49954
0.168762, 2.52193
0.120859, 2.4892
0.0536539, 2.4967
0.000253571, 2.47168
0.00329244, 2.36621
0.00466627, 2.28195
0.0105204, 2.20633
0.0107437, 2.14697
0.0231071, 2.08516
0.0118553, 2.04764
0.011434, 2.00571
0, 1.97385
0.0177547, 1.92793
0.0128103, 1.89581
0.0113421, 1.86359
0.0274917, 1.8291
0.0141441, 1.80096
0.0148008, 1.77084
0.0184114, 1.74106
0.0358323, 1.71306
0.029168, 1.68298
0.0163325, 1.64971
0.0200356, 1.61875
0.0177544, 1.58451
0.0232476, 1.55172
0, 1.50012
0.020657, 1.47199
0.0262534, 1.4315
0.0217309, 1.37813
0.0175644, 1.31731
0.0284121, 1.2642
0.0272929, 1.18674
0.0254176, 1.09148
0.0278696, 0.980098
0.0322743, 0.839877
0.0384982, 0.653337
0.0453004, 0.381624
0.0678727, 0.0106252
0.193255, 0.00698744
0.317674, 0.0174648
0.4394, 0.0333457
0.560516, 0.0254079
0.685202, 0.00830598
0.808759, 0.0196022
0.937855, 0.0189258
1.07022, 0.0240543
1.21025, 0.0258468
1.35769, 0.0301503
1.51431, 0.0370298
1.68916, 0.037177
1.87502, 0.0465312
0.706569, 1.47973
0.693737, 1.52711
0.695834, 1.55553
0.698461, 1.58093
0.732185, 1.58649
0.741102, 1.60821
0.745536, 1.63152
0.807293, 1.63563
2.11686, 1.33915
2.1484, 1.45613
2.53189, 1.53837
2.50002, 1.68641
2.51112, 1.83091
2.50385, 1.97575
2.50913, 2.12401
2.49136, 2.27097
2.51038, 2.43277
2.41133, 2.55677
2.06159, 2.55049
1.8118, 2.55115
1.60671, 2.54576
1.42871, 2.53096
1.29837, 2.53129
1.43378, 2.53653
1.30071, 2.52962
0.813866, 2.13402
0.783332, 2.14886
0.741195, 2.1457
0.723753, 2.17506
0.705995, 2.20853
0.684465, 2.24083
0.753867, 2.53389
0.688557, 2.505
0.638599, 2.51839
0.586389, 2.5183
0.535409, 2.52159
0.484502, 2.50905
0.435844, 2.4895
0.382745, 2.51616
0.330905, 2.51461
0.279293, 2.50755
0.220473, 2.51691
0.16703, 2.50443
0.107283, 2.50055
0.0359278, 2.50852
0, 2.46542
0.0165748, 2.34917
0.0145659, 2.27842
0.0094706, 2.21964
0.00725027, 2.16486
0.0180279, 2.10676
0.0114693, 2.06515
0.0205149, 2.01836
0.0200487, 1.97961
0.00116304, 1.94874
0.036183, 1.90358
0.00858657, 1.87534
0.013314, 1.84078
0.0183146, 1.80734
0.0172371, 1.77447
0.0415486, 1.74411
0, 1.70402
0.0165411, 1.67307
0.00846962, 1.63455
0.010322, 1.59713
0.032951, 1.56809
0.00154674, 1.50842
0.0309687, 1.48083
0.0185326, 1.42148
0.0341399, 1.37898
0.0305704, 1.31275
0.0243563, 1.2322
0.0323149, 1.15561
0.0269968, 1.04182
0.0331753, 0.919881
0.0413677, 0.765525
0.0347714, 0.511025
0.040531, 0.173893
0.127147, 0.00890745
0.255242, 0.00647174
0.381426, 0.00502693
0.506711, 0.00903013
0.630988, 0.0209074
0.755725, 0.0280843
0.885525, 0.0201463
1.0201, 0.0139024
1.14436, 0.052655
1.29871, 0.0284582
1.4502, 0.034691
1.6184, 0.0322877
0.691756, 1.52002
0.696281, 1.55144
0.70467, 1.57482
0.706281, 1.60215
0.727062, 1.61195
0.744451, 1.62574
0.781868, 1.62944
0.815407, 1.63974
2.52113, 1.00469
2.10191, 1.29424
2.12249, 1.4108
2.5053, 1.46782
2.5101, 1.6109
2.49872, 1.75317
2.50261, 1.8942
2.50834, 2.03698
2.52244, 2.1846
2.5214, 2.33423
2.5245, 2.49079
2.26295, 2.5438
1.95596, 2.53921
1.72146, 2.53305
1.54703, 2.53395
1.69786, 2.52507
1.54069, 2.5306
1.38543, 2.51507
1.28851, 2.52897
0.81764, 2.12938
0.796647, 2.14908
0.775753, 2.16942
0.733384, 2.15527
0.725036, 2.19751
0.698166, 2.20817
0.688576, 2.26886
0.721847, 2.51957
0.666674, 2.49739
0.621433, 2.51957
0.572334, 2.51157
0.525123, 2.48155
0.476401, 2.51423
0.429455, 2.50327
0.383269, 2.49113
0.3258, 2.51624
0.271955, 2.51611
0.214094, 2.51818
0.158633, 2.50836
0.0952595, 2.50593
0.0310781, 2.49701
0.00469289, 2.43817
0.00693021, 2.3562
0.0122797, 2.28251
0.012481, 2.22178
0.013753, 2.16644
0.0129299, 2.1172
0.017333, 2.06908
0.0255672, 2.02313
0.000178127, 1.99079
0.0241784, 1.94514
0.027084, 1.90747
0, 1.87409
0.0100832, 1.83564
0.0178219, 1.79914
0.012334, 1.76174
0.041628, 1.72985
0.0148193, 1.68583
0.0199226, 1.64746
0.0265798, 1.60856
0.0254409, 1.56416
0.0237985, 1.51595
0.0266594, 1.46639
0.0304881, 1.41285
0.0376161, 1.35647
0.0358744, 1.28351
0.0274342, 1.18985
0.0407222, 1.10838
0.0324455, 0.974031
0.0347763, 0.823414
0.0420958, 0.636073
0.0381195, 0.340221
0.0681721, 0.0186363
0.199235, 0.00819253
0.32952, 0.00778813
0.458061, 0.0135291
0.585134, 0.014639
0.712369, 0.0173072
0.842095, 0.0132115
0.973393, 0.017816
1.10891, 0.0212354
1.2557, 0.0104302
0.698614, 1.49232
0.697066, 1.54795
0.713034, 1.56476
0.732271, 1.57614
0.733991, 1.60782
0.743486, 1.62748
0.775817, 1.62643
0.809205, 1.629
0.848557, 1.63198
2.54651, 0.744628
2.52633, 0.928969
2.5367, 1.0879
2.09707, 1.37208
2.19899, 1.46611
2.51743, 1.53973
2.53236, 1.67889
2.52377, 1.8188
2.52411, 1.95798
2.52037, 2.09793
2.5242, 2.24161
2.51018, 2.38504
2.50982, 2.53715
2.14548, 2.53686
1.85958, 2.52514
2.14075, 2.53309
1.87443, 2.52727
1.6696, 2.52007
1.51086, 2.51523
1.39657, 2.52323
1.29188, 2.52437
0.842053, 2.13155
0.809997, 2.1329
0.77564, 2.12621
0.763514, 2.15061
0.737451, 2.15155
0.721168, 2.17238
0.711718, 2.21966
0.694047, 2.25843
0.707874, 2.49657
0.664189, 2.51501
0.617933, 2.51644
0.572449, 2.49417
0.525501, 2.51568
0.482356, 2.4935
0.434299, 2.49993
0.385762, 2.49977
0.331688, 2.50794
0.278005, 2.50641
0.222983, 2.50104
0.159506, 2.50259
0.0871739, 2.50721
0.0243001, 2.49119
0.013949, 2.41831
0.0180091, 2.3412
0.0183606, 2.27594
0.0245792, 2.21341
0.00111891, 2.17285
0.0255886, 2.11059
0.0220993, 2.06569
0.0288108, 2.0196
0.0104699, 1.98164
0.0260569, 1.93745
0.0309586, 1.89706
0.0297179, 1.85775
0.0245795, 1.81801
0.019171, 1.77713
0.00663214, 1.73316
0.0342877, 1.69758
0.0420787, 1.65728
0.0264233, 1.60556
0.0186706, 1.55245
0.0170299, 1.49792
0.028499, 1.44768
0.0352291, 1.38976
0.0316435, 1.31563
0.039785, 1.24322
0.025987, 1.13168
0.0358479, 1.03114
0.036747, 0.893199
0.0353924, 0.71253
0.0379038, 0.480368
0.0414172, 0.153764
0.133933, 0.00660196
0.26987, 0.010343
0.402021, 0.0142072
0.531608, 0.013972
0.660863, 0.00771752
0.790911, 0.00854302
0.923166, 0.00745611
1.05304, 0.0297227
0.702329, 1.52019
0.716828, 1.55029
0.730005, 1.57598
0.745769, 1.59244
0.74867, 1.62625
0.762588, 1.64012
0.807929, 1.6189
0.826979, 1.6318
0.883499, 1.61441
1.63118, 1.10904
1.73329, 1.15118
2.53437, 0.836219
2.54099, 1.00089
2.11291, 1.31231
2.14905, 1.4195
2.52058, 1.45815
2.52618, 1.59635
2.533, 1.73266
2.51653, 1.86857
2.5172, 2.00359
2.50907, 2.13885
2.52366, 2.28076
2.52461, 2.42517
2.40084, 2.52944
2.52715, 2.43705
2.36731, 2.52334
2.03771, 2.5136
1.81556, 2.51405
1.65025, 2.51854
1.50102, 2.51114
1.39082, 2.51434
1.28225, 2.50313
0.891865, 2.15371
0.850434, 2.14172
0.814258, 2.1289
0.792623, 2.13322
0.774621, 2.14299
0.754618, 2.14807
0.736261, 2.15724
0.720024, 2.17739
0.707156, 2.23193
0.709289, 2.52783
0.663619, 2.52573
0.62007, 2.48847
0.576275, 2.49505
0.528354, 2.51457
0.486569, 2.49541
0.435495, 2.50698
0.389386, 2.49684
0.340308, 2.48994
0.274812, 2.50621
0.219808, 2.49576
0.157848, 2.48886
0.0699841, 2.50301
0.0189762, 2.46917
0.0196256, 2.39075
0.0313883, 2.31305
0.0395299, 2.24642
0.0147257, 2.20317
0.0157781, 2.14852
0.036903, 2.09024
0.0254097, 2.04641
0.0182678, 2.00177
0.027921, 1.95526
0.0284061, 1.9114
0.0427305, 1.86815
0.0380515, 1.82517
0.02611, 1.77985
0.0198914, 1.73315
0.0318414, 1.68958
0.0223366, 1.63758
0.0445683, 1.59614
0.0126872, 1.52511
0.0276367, 1.47412
0.0283244, 1.40971
0.0411066, 1.34873
0.0327448, 1.26055
0.0322725, 1.16689
0.0278003, 1.05138
0.0386546, 0.935094
0.0404369, 0.775862
0.0433662, 0.573108
0.0400602, 0.282418
0.0770883, 0
0.222198, 0.0100667
0.359249, 0.0193499
0.490942, 0.0156382
0.621645, 0.0155417
0.752408, 0.00966541
0.883591, 0.0150973
0.713694, 1.55249
0.725959, 1.59592
0.747358, 1.59664
0.753155, 1.63602
0.787668, 1.60918
0.795473, 1.6371
0.828093, 1.62508
0.853702, 1.62797
0.920907, 1.58949
1.60412, 0.995824
1.61979, 1.09978
1.72427, 1.13319
2.53005, 0.760816
2.52024, 0.936956
2.11631, 1.26462
2.13645, 1.37517
2.53515, 1.38419
2.53964, 1.52203
2.52684, 1.65893
2.51177, 1.79192
2.5113, 1.9223
2.53642, 2.05545
2.52271, 2.18749
2.50799, 2.32044
2.51508, 2.21947
2.52327, 2.35397
2.52589, 2.49268
2.21048, 2.50793
1.96041, 2.51086
1.75576, 2.50425
1.60682, 2.5052
1.47719, 2.49959
1.38793, 2.51088
1.30481, 2.51677
1.22114, 2.51036
0.890576, 2.14548
0.866916, 2.1486
0.834525, 2.13209
0.8115, 2.12666
0.795396, 2.13476
0.777611, 2.13799
0.763416, 2.15759
0.74377, 2.15352
0.727277, 2.18526
0.706626, 2.2008
0.66156, 2.501
0.617236, 2.50879
0.571951, 2.51171
0.532806, 2.48767
0.481619, 2.5006
0.435886, 2.49144
0.378873, 2.49993
0.320802, 2.50106
0.256678, 2.50281
0.191833, 2.49688
0.0998383, 2.51102
0.0295586, 2.49208
0.0206358, 2.41911
0.02758, 2.34191
0.0375703, 2.27075
0.0229183, 2.21804
0.0209335, 2.16179
0.0202252, 2.10786
0.0141582, 2.05743
0.0505483, 2.00082
0.0122535, 1.95754
0.0243509, 1.90831
0.0374537, 1.86099
0.0385346, 1.81379
0.0243132, 1.76307
0.0281781, 1.71372
0.0229599, 1.66
0.0395949, 1.61206
0.0240009, 1.54741
0.0326059, 1.49015
0.0407189, 1.42882
0.0303292, 1.34758
0.0184789, 1.25377
0.0424838, 1.18331
0.0251453, 1.0545
0.036789, 0.939885
0.0354975, 0.78047
0.0378253, 0.586185
0.0360231, 0.321284
0.0435642, 0
0.19587, 0
0.337243, 0.00827519
0.473741, 0.0177382
0.605154, 0.00192189
0.713937, 1.56861
0.734957, 1.58843
0.752773, 1.61249
0.768108, 1.63421
0.795262, 1.60849
0.809749, 1.62866
0.834574, 1.62204
0.852482, 1.6327
0.887389, 1.61694
2.12843, 0.00486648
2.33932, 0.0137573
1.60853, 0.991589
1.62423, 1.09589
1.7079, 1.13902
2.54327, 0.700622
2.53205, 0.881687
2.1486, 1.22121
2.11885, 1.35155
2.21125, 1.43371
2.53391, 1.47212
2.52354, 1.60629
2.51417, 1.736
2.50584, 1.86283
2.51351, 1.98906
2.51367, 2.11639
2.52882, 2.09058
2.52683, 2.21592
2.51656, 2.34208
2.53794, 2.48171
2.25834, 2.50821
1.99986, 2.50631
1.80588, 2.50431
1.65789, 2.50507
1.53074, 2.50054
1.44155, 2.51109
1.35971, 2.51739
1.26277, 2.49415
1.20994, 2.51311
1.13794, 2.49694
0.894916, 2.1397
0.869592, 2.12897
0.852574, 2.13313
0.838397, 2.14647
0.815103, 2.12193
0.799405, 2.12368
0.784052, 2.13001
0.767852, 2.15296
0.749748, 2.15846
0.730597, 2.16449
0.639411, 2.4931
0.590039, 2.51071
0.551281, 2.4874
0.502958, 2.488
0.441802, 2.5063
0.387556, 2.50192
0.324349, 2.50371
0.258226, 2.50052
0.183153, 2.49838
0.101553, 2.49248
0.0412211, 2.46016
0.0478235, 2.37878
0.0375681, 2.31505
0.0214626, 2.25759
0.0454547, 2.18587
0.027483, 2.1345
0.0226291, 2.07974
0.031829, 2.02377
0.0406663, 1.97041
0.0332914, 1.9194
0.0206602, 1.8673
0.0372785, 1.81647
0.0396828, 1.76451
0.0285816, 1.70799
0.0298058, 1.65194
0.0477515, 1.60031
0.0336417, 1.53211
0.0226226, 1.45873
0.0351726, 1.39367
0.0427024, 1.31981
0.0220746, 1.21238
0.0262093, 1.11326
0.0236355, 0.990675
0.0416719, 0.87385
0.0292735, 0.684158
0.0312808, 0.471008
0.0400486, 0.206917
0.103031, 0
0.254862, 0.0170822
0.38858, 0
0.728487, 1.57968
0.752355, 1.60084
0.773181, 1.61433
0.792286, 1.62622
0.814842, 1.60636
0.830655, 1.63078
0.857247, 1.60967
0.88034, 1.60874
0.907128, 1.60284
1.82189, 0
1.9988, 0
2.19733, 0
2.40581, 0.00827471
1.60489, 1.06113
1.66952, 1.11464
2.52969, 0.56835
2.53436, 0.749588
2.5243, 0.923801
2.09988, 1.27764
2.1217, 1.37931
2.52796, 1.36051
2.53697, 1.49046
2.52619, 1.62065
2.51819, 1.74622
2.52908, 1.86879
2.53257, 1.99218
2.52978, 2.00642
2.52444, 2.12579
2.52866, 2.24851
2.52439, 2.37302
2.53039, 2.50545
2.19277, 2.4965
1.96733, 2.49643
1.80225, 2.50049
1.65526, 2.49363
1.54265, 2.49267
1.46045, 2.50369
1.38315, 2.50927
1.30405, 2.50178
1.22771, 2.48471
1.18612, 2.51087
1.13726, 2.52291
1.07397, 2.496
0.917429, 2.16798
0.887652, 2.12988
0.869004, 2.118
0.855314, 2.13132
0.838968, 2.12053
0.823796, 2.12524
0.808758, 2.12122
0.792079, 2.12902
0.775192, 2.13146
0.752081, 2.15055
0.595553, 2.49641
0.540868, 2.50765
0.488439, 2.50537
0.436438, 2.49641
0.375205, 2.49451
0.298944, 2.50194
0.220943, 2.50007
0.120841, 2.50695
0.0367325, 2.48807
0.04286, 2.40283
0.0417186, 2.32954
0.0218127, 2.26988
0.0458975, 2.19494
0.0437044, 2.13472
0.0236273, 2.08049
0.0269057, 2.02174
0.0167561, 1.96561
0.0420077, 1.90851
0.0200255, 1.85184
0.0221762, 1.79486
0.0282354, 1.73789
0.0395054, 1.68157
0.0254122, 1.61542
0.0279476, 1.55117
0.0302488, 1.48304
0.02363, 1.40447
0.0344741, 1.3304
0.0301115, 1.23732
0.037592, 1.14339
0.0387683, 1.03003
0.0316132, 0.887156
0.0344413, 0.729873
0.0342537, 0.531469
0.0267446, 0.263416
0.0562755, 0
0.708326, 1.53245
0.750019, 1.58609
0.778705, 1.61606
0.79846, 1.60732
0.819977, 1.62245
0.840035, 1.61581
0.859716, 1.62253
0.884658, 1.59577
0.907577, 1.59481
1.44444, 0.0186595
1.60221, 0
1.75626, 0.0111289
1.93183, 0.00214664
2.11846, 0.000701081
2.31485, 0.0107752
1.6109, 1.04112
1.65866, 1.1082
1.77843, 1.1129
2.52438, 0.680004
2.52106, 0.854239
2.14142, 1.2124
2.10779, 1.34067
2.18552, 1.41647
2.52495, 1.42494
2.52311, 1.55118
2.51723, 1.67407
2.53699, 1.79209
2.53518, 1.9117
2.52533, 1.96903
2.53225, 2.08477
2.53058, 2.2017
2.51049, 2.31672
2.51886, 2.44235
2.33815, 2.49806
2.09214, 2.49888
1.90614, 2.49894
1.76192, 2.50022
1.65403, 2.50898
1.55455, 2.51039
1.46084, 2.50312
1.37686, 2.49223
1.31647, 2.49922
1.25327, 2.49381
1.20233, 2.50033
1.15785, 2.51529
1.09669, 2.48202
1.0639, 2.52272
1.01383, 2.50095
0.92442, 2.1553
0.907564, 2.16437
0.889759, 2.14371
0.873908, 2.13532
0.861179, 2.11255
0.848205, 2.10442
0.828298, 2.12248
0.81546, 2.11228
0.799439, 2.11084
0.766964, 2.13829
0.52529, 2.48516
0.455721, 2.49908
0.399253, 2.48628
0.323712, 2.48759
0.220762, 2.50314
0.122563, 2.49964
0.0352328, 2.47623
0.0285635, 2.39747
0.0411244, 2.31465
0.0295323, 2.24843
0.0324977, 2.1796
0.02499, 2.11666
0.0501762, 2.04931
0.0383858, 1.99056
0.0403106, 1.9306
0.0241848, 1.87033
0.042298, 1.81134
0.00807943, 1.74421
0.00865018, 1.67948
0.0425553, 1.62363
0.0168202, 1.54516
0.0334566, 1.47947
0.0216447, 1.3946
0.0180422, 1.30633
0.0161092, 1.20989
0.0207289, 1.10776
0.0227294, 0.989463
0.0375522, 0.868146
0.030643, 0.695802
0.0330422, 0.499882
0.0260244, 0.235173
0.763497, 1.61277
0.785253, 1.60674
0.809477, 1.61053
0.83398, 1.6229
0.855873, 1.63351
0.874333, 1.61675
0.894737, 1.61955
0.918217, 1.58093
0.949919, 1.52604
1.32297, 0.000681764
1.46981, 0
1.6124, 0.00702289
1.77029, 0.00426466
1.94046, 0
2.1098, 0.0175477
2.32084, 0
1.62376, 1.06033
1.67624, 1.1187
2.53179, 0.474134
2.55452, 0.648089
2.5133, 0.849278
2.12166, 1.22266
2.1207, 1.3319
2.17489, 1.41277
2.51881, 1.40759
2.53406, 1.52629
2.51585, 1.64864
2.51894, 1.76386
2.51681, 1.87819
2.52692, 1.95012
2.49839, 2.05874
2.51893, 2.17298
2.51513, 2.287
2.53398, 2.41151
2.46535, 2.50989
2.1838, 2.50242
1.9832, 2.49941
1.83353, 2.50061
1.71795, 2.5061
1.60666, 2.4989
1.52955, 2.50895
1.45388, 2.51058
1.37819, 2.50092
1.31253, 2.49332
1.26811, 2.51273
1.20621, 2.49224
1.15555, 2.48422
1.11737, 2.50616
1.07037, 2.49466
1.02911, 2.50164
0.9861, 2.48734
0.944059, 2.23443
0.925292, 2.17257
0.908349, 2.16064
0.891493, 2.15489
0.878018, 2.13826
0.869767, 2.11215
0.844467, 2.13248
0.832734, 2.11831
0.811716, 2.12105
0.793331, 2.11693
0.743733, 2.14874
0.37964, 2.49778
0.297215, 2.49582
0.186395, 2.50561
0.0854174, 2.49295
0.0256155, 2.44396
0.018841, 2.36465
0.0133297, 2.28919
0.00465128, 2.21822
0.03362, 2.13975
0.023433, 2.07502
0.0258154, 2.00913
0.0207832, 1.94485
0.0289717, 1.88062
0.0190599, 1.8154
0.0361885, 1.75253
0.0295684, 1.68468
0.0238957, 1.61379
0.0249272, 1.54151
0.0231276, 1.4638
0.0245035, 1.38219
0.0214588, 1.29094
0.016624, 1.18883
0.00784291, 1.07064
0.026162, 0.963273
0.0173831, 0.809646
0.0221055, 0.645277
0.736783, 1.58192
0.784327, 1.61367
0.805039, 1.60246
0.836823, 1.62094
0.855708, 1.60873
0.87643, 1.60076
0.897787, 1.59382
0.919375, 1.58227
0.942405, 1.52985
1.07767, 0.000962493
1.21203, 0.00659877
1.34981, 0.00512117
1.49575, 0
1.64501, 0
1.80288, 0
1.96589, 0
2.12938, 0.0193796
1.60289, 1.00512
1.63513, 1.08842
1.71051, 1.11868
2.52194, 0.49577
2.51842, 0.686206
2.53404, 0.843687
2.11519, 1.23806
2.11975, 1.34085
2.17864, 1.4158
2.5176, 1.40487
2.53388, 1.51998
2.53235, 1.63652
2.52435, 1.75072
2.52789, 1.86185
2.52683, 1.8177
2.5255, 1.9244
2.52178, 2.03086
2.51677, 2.1378
2.52841, 2.25
2.50077, 2.35574
2.49416, 2.46992
2.3682, 2.53473
2.14278, 2.5314
1.9525, 2.51742
1.82634, 2.52183
1.70693, 2.51385
1.61497, 2.51414
1.53453, 2.51369
1.46234, 2.51173
1.38714, 2.49366
1.33726, 2.50452
1.28461, 2.50463
1.23418, 2.50181
1.18736, 2.50073
1.14573, 2.51247
1.09965, 2.49866
1.05878, 2.50918
1.01651, 2.49877
0.976154, 2.48156
0.935342, 2.48639
0.893329, 2.49036
0.923449, 2.21402
0.914528, 2.17209
0.898913, 2.1594
0.885771, 2.14357
0.860888, 2.14968
0.855215, 2.12375
0.851013, 2.10002
0.810175, 2.11909
0.771335, 2.12828
0.300558, 2.48302
0.202596, 2.4745
0.0744911, 2.4719
0.0216379, 2.41373
0.0136574, 2.33327
0.0213251, 2.25098
0.0183916, 2.1765
0.00313295, 2.10681
0.0109537, 2.03402
0.00777292, 1.96417
0.020964, 1.89467
0.0351669, 1.82695
0.0236758, 1.75636
0.0189161, 1.68411
0.033478, 1.61471
0.0383869, 1.54067
0.0285693, 1.45638
0.0521705, 1.3835
0.0520018, 1.29273
0.036189, 1.18148
0.0413373, 1.07372
0.0645147, 0.970784
0.0611121, 0.825187
0.761543, 1.58913
0.807943, 1.60902
0.835891, 1.60765
0.865385, 1.61368
0.886667, 1.60525
0.904093, 1.58399
0.929992, 1.59017
0.94743, 1.55292
0.837806, 0
0.974396, 0.00348418
1.10855, 0
1.24333, 0
1.37984, 0.00177029
1.51916, 0.00771131
1.66114, 0.0191112
1.81237, 0.0216363
1.97494, 0.0195875
2.13858, 0.0363296
1.62752, 1.02619
1.6725, 1.09078
1.7231, 1.14496
2.55282, 0.477751
2.55619, 0.664243
2.54882, 0.838769
2.55089, 0.990519
2.1101, 1.35338
2.15295, 1.42936
2.52381, 1.39577
2.54071, 1.50737
2.51274, 1.62573
2.51873, 1.73315
2.51782, 1.64364
2.51861, 1.74737
2.54165, 1.84885
2.51704, 1.95145
2.5184, 2.05376
2.51997, 2.15779
2.5293, 2.26655
2.50066, 2.3682
2.51634, 2.48832
2.3287, 2.51871
2.13103, 2.51823
1.97794, 2.51887
1.83028, 2.5013
1.75281, 2.52298
1.64003, 2.49942
1.57479, 2.51181
1.50268, 2.50701
1.43866, 2.50298
1.37903, 2.49607
1.3271, 2.49478
1.27847, 2.49342
1.2358, 2.50389
1.1884, 2.49081
1.14495, 2.48321
1.10426, 2.48831
1.06324, 2.49519
1.02252, 2.48438
0.979996, 2.49401
0.936083, 2.49975
0.888962, 2.50911
0.935689, 2.25373
0.938863, 2.18287
0.923664, 2.16585
0.911097, 2.14671
0.906184, 2.11935
0.864818, 2.1393
0.859529, 2.11374
0.829748, 2.11281
0.775499, 2.12703
0.192914, 2.48585
0.0653257, 2.47438
0.0172299, 2.40825
0.0120719, 2.32281
0.0240168, 2.23583
0.0262526, 2.15668
0.0221136, 2.0816
0.0228474, 2.00723
0.00847465, 1.93445
0.0297983, 1.8614
0.0254943, 1.78809
0.0260181, 1.71391
0.0216529, 1.63663
0.0407428, 1.56369
0.0231753, 1.47494
0.0547064, 1.40272
0.0383147, 1.30179
0.0167829, 1.1863
0.0455755, 1.09589
0.0490591, 0.975995
0.779775, 1.60425
0.820701, 1.60847
0.848042, 1.60075
0.881598, 1.60571
0.896904, 1.58228
0.918008, 1.56737
0.94748, 1.57384
0.950366, 1.49294
0.673589, 0
0.812685, 0
0.948591, 0.00883617
1.08152, 0
1.21524, 0
1.34977, 0.000310556
1.49042, 0
1.62946, 0.00134282
1.77486, 0.00866561
1.92701, 0.0160963
2.09751, 0.00636152
1.61506, 1.04154
1.65967, 1.1014
1.72813, 1.12882
2.55927, 0.387921
2.55629, 0.588873
2.55872, 0.761933
2.54446, 0.928718
2.09445, 1.32391
2.15239, 1.3879
2.25573, 1.4379
2.53413, 1.44475
2.54228, 1.55343
2.52413, 1.45481
2.53252, 1.55811
2.54243, 1.65899
2.52059, 1.76185
2.52385, 1.85986
2.5123, 1.95731
2.53158, 2.05752
2.52507, 2.15721
2.51728, 2.25835
2.5135, 2.36359
2.50703, 2.47231
2.33739, 2.50397
2.16233, 2.51007
2.01883, 2.51311
1.89358, 2.51005
1.77993, 2.4988
1.68209, 2.48587
1.61331, 2.49183
1.54907, 2.49483
1.49104, 2.49881
1.42948, 2.48773
1.37774, 2.48624
1.33366, 2.49769
1.28462, 2.48872
1.23986, 2.48614
1.19831, 2.49706
1.15473, 2.48436
1.1129, 2.48998
1.0713, 2.48288
1.02816, 2.48852
0.987801, 2.4745
0.934429, 2.50501
0.890426, 2.49379
0.840794, 2.49282
0.940652, 2.2175
0.934113, 2.17933
0.910809, 2.16989
0.892161, 2.15373
0.871449, 2.13961
0.86738, 2.11022
0.827539, 2.11045
0.211614, 2.47709
0.0456487, 2.48179
0.0298967, 2.39428
0.0317476, 2.30344
0.0131434, 2.22373
0.0255493, 2.13774
0.0136295, 2.05991
0.022494, 1.98036
0.016886, 1.90316
0.0335521, 1.82659
0.0491166, 1.7516
0.0158126, 1.66774
0.0431946, 1.59333
0.0502911, 1.51284
0.031416, 1.41814
0.0358315, 1.32684
0.0395768, 1.22892
0.0505677, 1.12797
0.770577, 1.59903
0.818171, 1.60005
0.870289, 1.61326
0.887069, 1.59235
0.912949, 1.58318
0.924148, 1.55118
0.940623, 1.52288
0.959341, 1.49346
0.481009, 0
0.625865, 0
0.763575, 0
0.903851, 0
1.03936, 0
1.17137, 0.00823993
1.30362, 0.00660604
1.43523, 0.020902
1.5792, 0
1.71239, 0.0200656
1.87206, 0
2.01762, 0.014864
1.61371, 1.02303
1.65736, 1.08303
1.70265, 1.13495
2.54763, 0.281397
2.53797, 0.501154
2.54195, 0.67975
2.55192, 0.834318
2.10721, 1.26381
2.11432, 1.35258
2.16132, 1.41771
2.52832, 1.36624
2.18526, 1.4039
2.52239, 1.35908
2.51601, 1.4657
2.53071, 1.56231
2.5159, 1.66245
2.53457, 1.75568
2.52653, 1.85075
2.53145, 1.9453
2.5258, 2.03996
2.53578, 2.13868
2.52767, 2.23667
2.52079, 2.33779
2.50446, 2.43894
2.39635, 2.49648
2.21626, 2.4987
2.06601, 2.49595
1.92938, 2.48196
1.85167, 2.50171
1.7571, 2.49423
1.67892, 2.49174
1.59422, 2.46727
1.54532, 2.48474
1.50231, 2.51094
1.44144, 2.49561
1.39448, 2.50535
1.34321, 2.49522
1.29521, 2.48534
1.25084, 2.48459
1.20756, 2.49066
1.164, 2.48571
1.12008, 2.48986
1.07479, 2.49511
1.0305, 2.48867
0.989096, 2.47117
0.932809, 2.49289
0.883691, 2.4864
0.830065, 2.4835
0.952375, 2.20988
0.941611, 2.17661
0.916905, 2.1632
0.903024, 2.13795
0.887112, 2.11585
0.843675, 2.11437
0.792479, 2.11216
0.030205, 2.48651
0.028135, 2.38718
0.0178961, 2.29668
0.0188963, 2.20608
0.0188801, 2.11948
0.00974408, 2.0368
0, 1.95465
0.0237363, 1.87169
0.0305306, 1.79108
0.0276478, 1.70936
0.0058026, 1.6217
0.0371335, 1.54337
0.0055096, 1.4437
0.0328977, 1.36035
0.0175925, 1.25313
0.0398462, 1.15875
0.806627, 1.59648
0.857429, 1.59686
0.899262, 1.59623
0.911612, 1.56923
0.942422, 1.56308
0.938895, 1.50981
0.954021, 1.47585
0.254791, 0
0.412009, 0
0.566402, 0
0.711711, 0
0.844576, 0
0.98054, 0
1.11297, 0
1.24439, 0
1.37598, 0
1.51262, 0
1.6467, 0
1.78168, 0.0152699
1.94029, 0
1.60489, 0.996848
1.63451, 1.08081
1.68816, 1.11471
1.7857, 1.09295
2.53049, 0.369503
2.53049, 0.565247
2.52542, 0.740462
2.54403, 0.878414
2.11136, 1.28665
2.12037, 1.36864
2.10878, 1.29186
2.12672, 1.36391
2.19635, 1.41026
2.52429, 1.36958
2.53468, 1.46637
2.53133, 1.5637
2.52021, 1.6588
2.51626, 1.75004
2.52174, 1.83988
2.52252, 1.93017
2.52867, 2.02225
2.51826, 2.11351
2.50974, 2.20662
2.52514, 2.31115
2.49002, 2.40075
2.45768, 2.49257
2.26705, 2.48724
2.11977, 2.48517
2.01788, 2.49948
1.90596, 2.49066
1.81694, 2.48934
1.73116, 2.47843
1.66876, 2.4871
1.59985, 2.47663
1.54651, 2.48453
1.49474, 2.49031
1.44016, 2.48096
1.39152, 2.48087
1.34639, 2.49164
1.30013, 2.49538
1.25306, 2.46733
1.2082, 2.48626
1.16213, 2.48982
1.1198, 2.46613
1.07225, 2.47177
1.02093, 2.48107
0.968315, 2.48436
0.920842, 2.47001
0.857748, 2.48003
0.933704, 2.27686
0.94221, 2.20619
0.934116, 2.16628
0.919264, 2.13743
0.875192, 2.13439
0.850971, 2.11165
0.801783, 2.10318
0.013765, 2.47418
0.00856553, 2.37145
0.0300682, 2.26463
0.00401234, 2.17914
0.0234779, 2.08407
0.030561, 1.99599
0.0296463, 1.91099
0.00780167, 1.8264
0.00861653, 1.74043
0.0243149, 1.65585
0.0159135, 1.56633
0.0200714, 1.47652
0.0123608, 1.37902
0.0265918, 1.28519
0.806112, 1.60412
0.863486, 1.60032
0.881618, 1.57544
0.911762, 1.56082
0.941274, 1.54819
0.935943, 1.49857
0.959914, 1.47793
0.0256948, 0.00118559
0.192443, 0
0.356958, 0
0.511632, 0
0.65454, 0
0.792823, 0
0.931521, 0
1.06237, 0
1.19285, 0
1.32312, 0
1.45191, 0
1.58464, 0
1.71869, 0
1.85951, 0
1.60907, 0.945066
1.63188, 1.05004
1.67321, 1.10116
1.7362, 1.11553
2.53473, 0.220746
2.53648, 0.432278
2.53441, 0.617867
2.52837, 0.783522
2.1382, 1.201
2.52962, 0.856852
2.09046, 1.27496
2.11465, 1.33857
2.15862, 1.39135
2.51203, 1.32682
2.50726, 1.42461
2.51554, 1.51455
2.51465, 1.60421
2.51783, 1.69138
2.53566, 1.7776
2.52404, 1.86461
2.51725, 1.95118
2.53234, 2.04247
2.52729, 2.13305
2.5303, 2.22911
2.53296, 2.33018
2.50792, 2.42373
2.41271, 2.4785
2.26223, 2.48551
2.11894, 2.47688
2.02275, 2.48979
1.93004, 2.49381
1.84332, 2.49182
1.75942, 2.48017
1.69485, 2.48503
1.63044, 2.48126
1.57436, 2.48543
1.5227, 2.49471
1.46651, 2.48271
1.41983, 2.50061
1.36751, 2.48231
1.31862, 2.46398
1.27173, 2.49407
1.22454, 2.47877
1.17902, 2.46274
1.12508, 2.48827
1.07698, 2.47717
1.02546, 2.47355
0.967209, 2.47929
0.892051, 2.50676
0.847173, 2.47237
0.941192, 2.25568
0.94077, 2.19575
0.942347, 2.14268
0.903216, 2.13188
0.857393, 2.12215
0.825723, 2.09817
0.0487892, 2.48155
0.0162114, 2.38799
0.00744542, 2.28685
0.0216548, 2.18282
0.0381903, 2.08452
0.0283983, 1.99562
0.0153731, 1.90753
0.0378666, 1.81819
0.0139942, 1.7295
0.0337087, 1.64231
0.0243436, 1.55052
0.0290995, 1.45865
0.0229571, 1.36005
0.811887, 1.59849
0.88778, 1.5972
0.904866, 1.57103
0.932594, 1.55257
0.930355, 1.51169
0.948894, 1.48513
0.930996, 1.41797
0.0228042, 0.222059
0.033866, 0
0.213143, 0
0.366317, 0
0.523743, 0
0.671498, 0
0.807726, 0
0.941496, 0
1.07586, 0
1.20467, 0
1.33206, 0
1.45935, 0
1.58894, 0
1.72206, 0
1.86063, 0
1.60077, 1.00121
1.63388, 1.0716
1.67702, 1.11033
1.74283, 1.11173
2.52866, 0.185095
2.51516, 0.415274
2.52732, 0.584855
2.53222, 0.740422
2.52982, 0.740663
2.52744, 0.879421
2.10172, 1.27379
2.11346, 1.33998
2.17564, 1.37995
2.5192, 1.32088
2.52263, 1.41222
2.52638, 1.50026
2.51171, 1.58886
2.50893, 1.67269
2.52175, 1.7551
2.52246, 1.83847
2.50757, 1.9206
2.51687, 2.00714
2.51826, 2.09531
2.51881, 2.18692
2.51968, 2.28343
2.51655, 2.38408
2.49719, 2.48195
2.3274, 2.47787
2.18929, 2.47458
2.08362, 2.4813
1.98524, 2.48112
1.89836, 2.48053
1.81923, 2.47782
1.7516, 2.48183
1.6827, 2.47359
1.62083, 2.46853
1.56738, 2.47644
1.51383, 2.47874
1.46223, 2.48318
1.4103, 2.47848
1.36042, 2.4894
1.30972, 2.48658
1.25961, 2.47966
1.20785, 2.48371
1.15679, 2.47746
1.1052, 2.47005
1.04715, 2.47546
0.985148, 2.48052
0.925331, 2.47289
0.859237, 2.4688
0.932554, 2.27783
0.945855, 2.1948
0.927992, 2.15575
0.903928, 2.12455
0.855154, 2.11165
0.781054, 2.10937
0.0139029, 2.46698
0.013873, 2.35258
0.0202196, 2.24279
0.0335726, 2.13734
0.018431, 2.04396
0.0155554, 1.94951
0, 1.85759
0.0108117, 1.76402
0.0250646, 1.6724
0.0196431, 1.57912
0.00898082, 1.48209
0.0195344, 1.3867
0.872887, 1.59626
0.910526, 1.57562
0.924879, 1.54668
0.946232, 1.52196
0.943705, 1.48072
0.935816, 1.43014
0.0262951, 0.498596
0.0167643, 0.29761
0.0235054, 0.0820252
0.137945, 0
0.311507, 0
0.46467, 0
0.612509, 0
0.760956, 0
0.893528, 0
1.02413, 0
1.15133, 0
1.27596, 0
1.40023, 0
1.52733, 0
1.65167, 0
1.7836, 0
1.59903, 0.954309
1.62195, 1.05569
1.67124, 1.07667
1.71853, 1.10192
1.80849, 1.06505
2.52371, 0.254272
2.52738, 0.450043
2.53473, 0.614764
2.51581, 0.688618
2.52482, 0.819366
2.10816, 1.22757
2.10168, 1.30359
2.11784, 1.36159
2.16507, 1.40521
2.50179, 1.35751
2.5078, 1.44188
2.51186, 1.52449
2.51044, 1.6062
2.50658, 1.68657
2.50097, 1.76591
2.50277, 1.84558
2.51165, 1.92787
2.50693, 2.0101
2.51124, 2.09746
2.50337, 2.18458
2.50384, 2.27965
2.51284, 2.38638
2.50467, 2.49185
2.36162, 2.50154
2.20757, 2.48126
2.09336, 2.47637
2.00036, 2.47864
1.91748, 2.48103
1.84027, 2.48011
1.77605, 2.49116
1.70468, 2.47916
1.6497, 2.4958
1.58585, 2.4799
1.53096, 2.48403
1.47546, 2.47639
1.42254, 2.47497
1.37033, 2.48268
1.3172, 2.48807
1.26483, 2.47889
1.20963, 2.48423
1.15129, 2.49197
1.10296, 2.46272
1.03166, 2.4886
0.976128, 2.46929
0.896466, 2.48605
0.809414, 2.49953
0.939308, 2.24198
0.933448, 2.1808
0.902143, 2.1499
0.858566, 2.12807
0.80165, 2.11165
0.0586024, 2.48273
0.00584903, 2.39078
0.0216782, 2.27024
0, 2.17248
0.0101636, 2.06436
0.0129798, 1.96448
0, 1.86941
0.0242415, 1.77186
0.0114282, 1.67712
0.0355627, 1.58409
0.0200802, 1.48588
0.854461, 1.59888
0.884391, 1.56955
0.908378, 1.54069
0.936149, 1.51546
0.931122, 1.47329
0.940825, 1.43684
0.0220581, 0.664602
0.012909, 0.493766
0.0268677, 0.322472
0.0186406, 0.0993873
0.124421, 0
0.297265, 0
0.450832, 0
0.607733, 0
0.743331, 0
0.885258, 0
1.00945, 0
1.14097, 0.00662148
1.26248, 0.00217933
1.38358, 0
1.50603, 0
1.62855, 0
1.75587, 0
1.59839, 0.959256
1.62138, 1.05831
1.66269, 1.08857
1.71134, 1.10224
1.78138, 1.08525
2.51274, 0.187102
2.51802, 0.387502
2.51948, 0.562089
2.52239, 0.632831
2.51346, 0.779063
2.51921, 0.897551
2.08545, 1.27594
2.09344, 1.33383
2.12474, 1.37853
2.20093, 1.40887
2.51822, 1.38098
2.54244, 1.45772
2.50923, 1.54326
2.5303, 1.61925
2.52295, 1.69729
2.48203, 1.77177
2.52429, 1.8537
2.5461, 1.93882
2.52661, 2.0175
2.52546, 2.10359
2.52107, 2.19266
2.50334, 2.27974
2.52126, 2.39387
2.48879, 2.48397
2.35178, 2.48967
2.23697, 2.49754
2.11117, 2.47684
2.03166, 2.49391
1.95166, 2.50141
1.87042, 2.49595
1.79509, 2.48841
1.72312, 2.47443
1.66321, 2.48059
1.60405, 2.48268
1.54633, 2.48349
1.48917, 2.47748
1.43335, 2.46103
1.37686, 2.51224
1.32348, 2.47231
1.26252, 2.49766
1.20641, 2.48459
1.15183, 2.4663
1.08872, 2.46833
1.00741, 2.49833
0.93851, 2.49013
0.860048, 2.4888
0.772177, 2.48945
0.932701, 2.21011
0.927164, 2.14711
0.87402, 2.13002
0.817774, 2.10992
0.107822, 2.48004
0.0242065, 2.40285
0.011759, 2.28923
0.00205107, 2.17959
0.0260979, 2.06469
0.0341358, 1.96053
0.00818402, 1.86459
0.0208783, 1.76459
0.0182447, 1.6669
0.0144937, 1.56853
0.849903, 1.59978
0.903445, 1.57099
0.917311, 1.53683
0.940072, 1.50656
0.954279, 1.47394
0.929919, 1.41984
0.00848495, 0.776397
0.00699395, 0.628584
0.0198948, 0.47659
0.00631029, 0.280357
0.0150006, 0.0781366
0.122408, 0
0.30028, 0
0.469137, 0
0.628647, 0
0.766451, 0
0.896215, 0
1.02557, 0
1.14819, 0
1.26721, 0
1.38819, 0.00121488
1.50741, 0
1.62875, 0
1.7501, 0
1.59917, 1.00774
1.6286, 1.07328
1.66229, 1.11026
1.71171, 1.1102
1.77574, 1.09206
2.53204, 0.102884
2.5165, 0.336612
2.53152, 0.498742
2.51073, 0.612598
2.5197, 0.740441
2.51034, 0.868592
2.09481, 1.24131
2.09343, 1.30196
2.11202, 1.34891
2.13614, 1.39342
2.51803, 1.33344
2.52197, 1.41159
2.49745, 1.49212
2.52748, 1.5634
2.52706, 1.63831
2.50827, 1.71192
2.51488, 1.78695
2.51316, 1.86261
2.49657, 1.93608
2.50458, 2.01891
2.50214, 2.10256
2.51769, 2.20059
2.51695, 2.29831
2.51002, 2.4003
2.46325, 2.47903
2.32659, 2.47459
2.22859, 2.49151
2.11497, 2.47656
2.04188, 2.5007
1.93982, 2.46931
1.86414, 2.46659
1.8024, 2.48467
1.73441, 2.48083
1.67201, 2.48485
1.61081, 2.4865
1.55017, 2.48142
1.49179, 2.49279
1.43236, 2.49703
1.37232, 2.4988
1.31717, 2.4659
1.25114, 2.49064
1.1904, 2.48076
1.12256, 2.48513
1.05734, 2.47469
0.974354, 2.48983
0.894628, 2.48646
0.808358, 2.48201
0.930265, 2.23523
0.923631, 2.16455
0.880047, 2.13308
0.822225, 2.10972
0.131008, 2.47761
0.00700157, 2.41952
0.0122726, 2.29119
0.0144774, 2.17247
0.0207772, 2.0588
0.033244, 1.94916
0.0270167, 1.8471
0.00116774, 1.74753
0.0252086, 1.64534
0.855454, 1.60322
0.905899, 1.5676
0.917295, 1.53007
0.933654, 1.49446
0.93625, 1.4547
0.905423, 1.39829
0.0128653, 0.874084
0.0205855, 0.743642
0.0127163, 0.590975
0.0206353, 0.433999
0.0164605, 0.246782
0.017293, 0.037225
0.165769, 0
0.344408, 0
0.492664, 0
0.657312, 0
0.791145, 0
0.92408, 0
1.04905, 0
1.17512, 0.00108512
1.29148, 0
1.40752, 0
1.52386, 0
1.64285, 0
1.75911, 0
1.61098, 1.04851
1.64706, 1.07665
1.68849, 1.08602
1.72609, 1.10539
1.78725, 1.0842
2.51842, 0.0928774
2.50988, 0.315694
2.51275, 0.488556
2.53992, 0.565134
2.52395, 0.714915
2.52553, 0.832154
2.1276, 1.19711
2.08256, 1.28157
2.11334, 1.31835
2.1252, 1.36423
2.18071, 1.39603
2.52018, 1.3689
2.51207, 1.44406
2.50543, 1.51632
2.52819, 1.58633
2.51513, 1.65743
2.53019, 1.73074
2.51413, 1.80136
2.51865, 1.87723
2.51282, 1.95308
2.50528, 2.03115
2.5097, 2.11909
2.50404, 2.20813
2.51868, 2.31853
2.51505, 2.42768
2.43827, 2.48084
2.31407, 2.47875
2.20842, 2.48055
2.1063, 2.47157
2.02512, 2.47982
1.9466, 2.48265
1.87879, 2.49916
1.80483, 2.49271
1.73235, 2.47552
1.67222, 2.49716
1.60539, 2.47393
1.54531, 2.50203
1.48292, 2.47622
1.42221, 2.46928
1.35979, 2.47382
1.29081, 2.49724
1.2309, 2.47343
1.15028, 2.50447
1.08828, 2.47722
1.00688, 2.4839
0.919347, 2.48825
0.827133, 2.48681
0.94082, 2.24016
0.921941, 2.17532
0.89314, 2.1249
0.834082, 2.09883
0.131636, 2.47848
0.00492611, 2.41794
0.0229162, 2.27864
0.00984083, 2.16206
0.0243132, 2.04149
0.0355091, 1.92855
0.00953074, 1.82618
0.0235439, 1.71919
0.0109469, 1.61555
0.921131, 1.56689
0.935546, 1.5277
0.947265, 1.48927
0.942837, 1.44689
0.906199, 1.39077
0.0178934, 0.955194
0.0272507, 0.832323
0.0155301, 0.688526
0.0114339, 0.535523
0.00443507, 0.363359
0.02418, 0.194434
0.0176961, 0
0.224512, 0
0.391998, 0
0.551753, 0
0.704469, 0
0.837638, 0
0.965711, 0
1.08675, 0
1.20584, 0
1.32377, 0
1.4373, 0
1.55132, 0
1.6668, 0
1.59996, 1.03577
1.62896, 1.08647
1.66428, 1.09795
1.70304, 1.10078
1.74771, 1.09513
1.81055, 1.06464
2.51595, 0.0882185
2.51219, 0.300931
2.52206, 0.462664
2.51231, 0.581798
2.52339, 0.699996
2.50748, 0.826509
2.51222, 0.924511
2.09675, 1.25021
2.10236, 1.2964
2.12101, 1.33531
2.14602, 1.37272
2.19829, 1.40554
2.52625, 1.39965
2.52112, 1.46986
2.53252, 1.5381
2.5096, 1.60606
2.52344, 1.67564
2.50364, 1.74193
2.52159, 1.81719
2.50621, 1.88649
2.52346, 1.97071
2.53468, 2.0595
2.52264, 2.14255
2.51472, 2.23397
2.52263, 2.34636
2.51016, 2.45446
2.42582, 2.49898
2.30105, 2.48819
2.19379, 2.48113
2.09398, 2.46816
2.01203, 2.4709
1.94157, 2.48817
1.86375, 2.47911
1.79872, 2.49931
1.72796, 2.49209
1.66113, 2.49313
1.59438, 2.47678
1.5303, 2.46655
1.46547, 2.47958
1.39839, 2.4902
1.33385, 2.47676
1.26638, 2.47223
1.18621, 2.49471
1.10938, 2.49359
1.03525, 2.47856
0.952892, 2.4703
0.843538, 2.48896
0.94674, 2.24657
0.932381, 2.17086
0.890811, 2.12673
0.817038, 2.10634
0.10471, 2.49104
0.0279115, 2.39637
0.0309243, 2.26138
0.0229744, 2.13948
0.0278177, 2.01895
0.0147631, 1.90819
0.0305739, 1.79462
0.0374045, 1.68644
0.903527, 1.56829
0.921792, 1.52432
0.951761, 1.48406
0.944474, 1.43993
0.90014, 1.38344
0.00798549, 1.02264
0.0193884, 0.903598
0.0199285, 0.773223
0.0188267, 0.632165
0.00437159, 0.468966
0.010709, 0.303618
0.0251637, 0.126749
0.103733, 0
0.291819, 0
0.447246, 0
0.602992, 0
0.752967, 0
0.883711, 0
1.01768, 0
1.13082, 0
1.25192, 0
1.36129, 0
1.47323, 0
1.58399, 0
1.59707, 1.01852
1.62972, 1.05376
1.65729, 1.09253
1.69153, 1.09543
1.72732, 1.09726
1.76828, 1.09193
2.43937, 0
2.51738, 0.0897044
2.5094, 0.302528
2.50246, 0.477504
2.5277, 0.559397
2.51629, 0.694614
2.5205, 0.800542
2.51961, 0.899597
2.0995, 1.22681
2.08771, 1.27786
2.09713, 1.31567
2.11964, 1.34862
2.14459, 1.38265
2.51922, 1.36084
2.50483, 1.42845
2.5079, 1.49272
2.52575, 1.55786
2.5082, 1.62184
2.51616, 1.68916
2.5113, 1.75605
2.5314, 1.83315
2.51343, 1.901
2.51734, 1.98131
2.50652, 2.05931
2.51418, 2.15527
2.52098, 2.26144
2.52103, 2.37501
2.495, 2.47662
2.3765, 2.47765
2.27357, 2.48271
2.17299, 2.47674
2.08691, 2.48138
2.00558, 2.48457
1.92725, 2.48397
1.85283, 2.48367
1.77994, 2.47682
1.71062, 2.47484
1.64353, 2.48594
1.57565, 2.48037
1.50641, 2.49879
1.44075, 2.47205
1.36655, 2.49313
1.29647, 2.48275
1.21473, 2.49893
1.14095, 2.48319
1.04902, 2.49559
0.970413, 2.4731
0.855447, 2.49357
0.931478, 2.27512
0.930086, 2.177
0.896973, 2.11927
0.810274, 2.10434
0.11333, 2.477
0.0204061, 2.38779
0.0243963, 2.2474
0.026966, 2.11701
0.0152618, 1.9982
0.0256175, 1.87768
0.00863766, 1.76678
0.880708, 1.57782
0.926936, 1.52729
0.951303, 1.48222
0.9284, 1.43443
0.891682, 1.37989
0.0229763, 1.09534
0.019743, 0.974321
0.0249829, 0.85044
0.0119318, 0.710366
0.0296435, 0.576523
0.0136646, 0.409826
0.00163566, 0.226729
0.0175169, 0.0458504
0.16151, 0
0.350311, 0
0.520128, 0
0.672825, 0
0.815297, 0
0.942509, 0
1.06408, 0
1.17977, 0
1.29667, 0
1.40408, 0
1.51303, 0
1.59925, 1.0182
1.62868, 1.07855
1.65621, 1.10043
1.68915, 1.08881
1.71548, 1.10737
1.75475, 1.08882
1.79999, 1.06793
2.46258, 0
2.5204, 0.0957213
2.52155, 0.290244
2.52392, 0.450713
2.53258, 0.550319
2.51858, 0.683328
2.52706, 0.781555
2.52979, 0.874664
2.12455, 1.19173
2.10452, 1.24528
2.09092, 1.29008
2.09481, 1.32507
2.14234, 1.34854
2.15972, 1.38285
2.52999, 1.38443
2.53018, 1.44755
2.51085, 1.50962
2.53865, 1.57469
2.50338, 1.63306
2.52971, 1.70388
2.50568, 1.76422
2.50973, 1.83564
2.52242, 1.91623
2.52824, 2.00045
2.51714, 2.08114
2.53532, 2.19169
2.50194, 2.2707
2.51475, 2.40434
2.46097, 2.48031
2.34423, 2.47367
2.25045, 2.48501
2.14877, 2.46922
2.06749, 2.47916
1.98688, 2.48126
1.91108, 2.48778
1.83411, 2.47863
1.76276, 2.48675
1.69064, 2.47904
1.62011, 2.4781
1.55082, 2.46213
1.47829, 2.47697
1.40416, 2.48257
1.32898, 2.4811
1.24426, 2.49687
1.16905, 2.47706
1.08142, 2.47598
0.977115, 2.49019
0.866513, 2.49686
0.929591, 2.28666
0.935131, 2.17428
0.887316, 2.12422
0.798098, 2.10509
0.0811188, 2.48701
0.00404059, 2.38165
0.0097015, 2.23491
0.015136, 2.09839
0.00138302, 1.97577
0.00923446, 1.85141
0.838973, 1.59965
0.918465, 1.53612
0.933988, 1.48573
0.935774, 1.43697
0.906339, 1.38435
0.0105275, 1.16002
0.0221718, 1.04368
0.020728, 0.920104
0.0208095, 0.790883
0.0298239, 0.65832
0.0213326, 0.506792
0.0250373, 0.349256
0.0129166, 0.163249
0.0297619, 0
0.232559, 0
0.425069, 0
0.588772, 0
0.730195, 0
0.86641, 0
0.996131, 0
1.11959, 0
1.23604, 0
1.3452, 0
1.45018, 0
1.60954, 1.04011
1.63929, 1.0659
1.6651, 1.09608
1.69226, 1.09326
1.7179, 1.10139
1.74646, 1.09898
1.78318, 1.07961
2.32894, 0
2.45167, 0.000707129
2.51699, 0.116039
2.51577, 0.305115
2.50602, 0.471764
2.51945, 0.561489
2.51382, 0.679875
2.5265, 0.769428
2.51277, 0.869081
2.52774, 0.941635
2.104, 1.22155
2.10619, 1.25654
2.11984, 1.28628
2.11488, 1.32111
2.13981, 1.34902
2.15835, 1.38035
2.51624, 1.40422
2.51421, 1.46307
2.52017, 1.52287
2.52856, 1.5849
2.51944, 1.64524
2.53949, 1.71621
2.52068, 1.77741
2.51245, 1.84481
2.50764, 1.91788
2.51008, 2.00151
2.52548, 2.10424
2.5207, 2.2029
2.52366, 2.32254
2.51376, 2.44609
2.43772, 2.49834
2.31426, 2.47272
2.22, 2.4771
2.13208, 2.48218
2.04022, 2.46334
1.96738, 2.48798
1.88509, 2.46895
1.81135, 2.47764
1.73764, 2.48481
1.66399, 2.44918
1.58975, 2.48164
1.51852, 2.45848
1.43841, 2.48279
1.35891, 2.48493
1.27709, 2.4834
1.19648, 2.47003
1.10157, 2.47658
1.00185, 2.47735
0.897809, 2.47118
0.776309, 2.47305
0.92885, 2.18185
0.884205, 2.1224
0.781139, 2.10845
0.0878644, 2.46967
0.00903108, 2.36174
0.0225788, 2.20773
0.0242881, 2.07004
0.020695, 1.94153
0.0175962, 1.81788
0.927631, 1.54943
0.940587, 1.49513
0.948949, 1.44342
0.899539, 1.39021
0.0310241, 1.23192
0.00683833, 1.10949
0.00688945, 0.986719
0.0147755, 0.861984
0.017889, 0.730262
0.0120254, 0.58643
0.0184051, 0.438481
0.0152514, 0.271887
0.0228123, 0.09636
0.119794, 0
0.306973, 0
0.492691, 0
0.661385, 0
0.79784, 0
0.924542, 0
1.05438, 0
1.17661, 0
1.28501, 0
1.39022, 0
1.63016, 1.06839
1.65566, 1.07081
1.68036, 1.08893
1.70403, 1.09047
1.72933, 1.08223
1.7528, 1.08939
1.77988, 1.08396
1.82449, 1.03808
2.35753, 0
2.47949, 0
2.52055, 0.128679
2.51257, 0.319044
2.51728, 0.461514
2.52035, 0.559169
2.5294, 0.659015
2.53202, 0.753269
2.51949, 0.848292
2.53875, 0.914974
2.12856, 1.18603
2.09732, 1.23283
2.10898, 1.25914
2.10752, 1.2891
2.0963, 1.31951
2.10847, 1.34532
2.15675, 1.37142
2.50544, 1.41644
2.51189, 1.47265
2.5272, 1.53229
2.51948, 1.58974
2.51459, 1.64913
2.53137, 1.71958
2.49945, 1.77247
2.52941, 1.86084
2.52792, 1.93963
2.52663, 2.02631
2.52407, 2.12183
2.5097, 2.21764
2.52591, 2.36355
2.49166, 2.46837
2.38621, 2.47462
2.29046, 2.48442
2.19372, 2.47949
2.09972, 2.46421
2.01904, 2.47303
1.93989, 2.48022
1.86041, 2.47552
1.78349, 2.47845
1.70685, 2.47783
1.63137, 2.46245
1.55494, 2.46218
1.47498, 2.47057
1.39515, 2.46599
1.31102, 2.46556
1.21856, 2.47352
1.12182, 2.476
1.0303, 2.45771
0.90175, 2.4813
0.782368, 2.47367
0.929641, 2.1817
0.881377, 2.11979
0.76479, 2.11083
0.0656071, 2.47043
0.00407094, 2.34648
0.0193682, 2.18728
0.0264589, 2.04358
0.00820304, 1.91638
0.885167, 1.5807
0.942832, 1.51072
0.950931, 1.45489
0.930462, 1.40152
0.0258293, 1.303
0.0255312, 1.18375
0.0344151, 1.06421
0.0251558, 0.937908
0.00228461, 0.800901
0.0303519, 0.675325
0.0127268, 0.523095
0.0222436, 0.373316
0.0115799, 0.197823
0.0248997, 0.0220756
0.193578, 0
0.392149, 0
0.556232, 0
0.712663, 0
0.86731, 0
0.996926, 0
1.11641, 0
1.23013, 0
1.63034, 1.06214
1.65528, 1.06814
1.68069, 1.09009
1.70198, 1.10014
1.72183, 1.10275
1.74276, 1.08922
1.7601, 1.11213
1.7861, 1.08511
1.81809, 1.05384
2.25054, 0
2.37181, 0
2.50287, 0
2.52612, 0.139636
2.51135, 0.331535
2.51019, 0.473278
2.52885, 0.549828
2.51647, 0.665258
2.51538, 0.75669
2.52576, 0.83089
2.52275, 0.907499
2.51102, 0.981998
2.12379, 1.19974
2.09345, 1.23876
2.07622, 1.26871
2.08097, 1.29152
2.10427, 1.31259
2.10094, 1.3374
2.11821, 1.36247
2.16025, 1.39287
2.50231, 1.4844
2.50616, 1.54037
2.51375, 1.60017
2.51399, 1.66088
2.52511, 1.73064
2.51548, 1.79486
2.5169, 1.87075
2.51904, 1.95505
2.52306, 2.05132
2.51043, 2.14386
2.51267, 2.26719
2.50489, 2.39971
2.44933, 2.48202
2.34015, 2.47395
2.24404, 2.47569
2.15657, 2.48639
2.06957, 2.48879
1.98464, 2.48671
1.90242, 2.48475
1.82314, 2.50212
1.74241, 2.48742
1.66266, 2.48504
1.57885, 2.50599
1.49695, 2.49706
1.41397, 2.48728
1.33836, 2.45218
1.23404, 2.48197
1.13607, 2.47954
1.01353, 2.5039
0.90708, 2.48631
0.781935, 2.47993
0.937319, 2.174
0.865389, 2.1292
0.264262, 2.48416
0.0233086, 2.48601
0.0190732, 2.32233
0.00506974, 2.17511
0.0095686, 2.02823
0.0148663, 1.88953
0.920467, 1.54454
0.931283, 1.48218
0.928422, 1.424
0.866029, 1.3675
0.0250106, 1.26534
0, 1.1403
0.0105039, 1.01701
0, 0.885518
0.0287683, 0.761974
0.0131242, 0.617345
0.0187287, 0.472414
0.0171266, 0.313372
0.00759017, 0.134717
0.0598414, 0
0.283881, 0
0.4881, 0
0.645221, 0
0.791101, 0
0.926045, 0
1.05998, 0
1.63961, 1.08281
1.66369, 1.09078
1.68505, 1.09697
1.70941, 1.12683
1.72202, 1.10078
1.73963, 1.10428
1.75673, 1.10129
1.77457, 1.09491
1.79391, 1.08611
1.82276, 1.04328
2.1648, 0
2.27866, 0
2.38461, 0
2.50165, 0
2.51513, 0.173755
2.51426, 0.337486
2.50042, 0.488159
2.50679, 0.57201
2.50093, 0.672968
2.52216, 0.740237
2.51388, 0.823135
2.51795, 0.890436
2.51775, 0.955159
2.51756, 1.01561
2.12016, 1.19987
2.10866, 1.22722
2.09929, 1.2517
2.09637, 1.27366
2.08496, 1.29516
2.08593, 1.31547
2.10611, 1.33815
2.12381, 1.36359
2.51197, 1.48681
2.5121, 1.54133
2.51341, 1.59894
2.51504, 1.66032
2.5283, 1.73316
2.50277, 1.78765
2.50973, 1.8696
2.50812, 1.9544
2.5155, 2.05998
2.5139, 2.17259
2.50987, 2.30243
2.51803, 2.47967
2.4107, 2.48258
2.30648, 2.47616
2.2137, 2.48207
2.12503, 2.48947
2.03378, 2.47263
1.94767, 2.45758
1.86666, 2.46584
1.78519, 2.47282
1.70273, 2.47892
1.62096, 2.46847
1.5345, 2.47797
1.44475, 2.48482
1.35009, 2.49194
1.25157, 2.49411
1.15163, 2.48633
1.04242, 2.48243
0.925582, 2.47578
0.788811, 2.47857
0.92152, 2.18996
0.858588, 2.12944
0.258539, 2.47804
0.0240717, 2.47055
0.00347328, 2.31199
0.0315004, 2.13964
0.0210216, 1.99721
0.869418, 1.59285
0.916506, 1.512
0.931293, 1.44558
0.90547, 1.38649
0.0217282, 1.34404
0.0040538, 1.21903
0, 1.0922
0, 0.963649
0.012625, 0.834875
0, 0.693071
0.0282289, 0.562583
0.0145335, 0.405621
0.0244778, 0.249242
0, 0.0566725
0.159528, 0
0.370269, 0
0.543746, 0
0.711852, 0
1.6442, 1.08924
1.66723, 1.09186
1.69054, 1.09937
1.71522, 1.11624
1.73126, 1.11897
1.73989, 1.09847
1.75348, 1.09049
1.76804, 1.08443
1.78405, 1.09428
1.79917, 1.06617
1.81801, 1.04102
2.0041, 0
2.09914, 0
2.19746, 0
2.29944, 0
2.408, 0
2.51885, 0
2.51685, 0.192119
2.51114, 0.353689
2.51523, 0.475752
2.51697, 0.561253
2.51451, 0.654836
2.52053, 0.730476
2.51685, 0.80561
2.50966, 0.875521
2.52183, 0.929724
2.51005, 0.991591
2.50814, 1.04532
2.12719, 1.18917
2.11003, 1.21324
2.11202, 1.23243
2.09366, 1.25224
2.08631, 1.26984
2.07916, 1.28652
2.09872, 1.30732
2.09687, 1.32596
2.12272, 1.3542
2.14986, 1.38801
2.51011, 1.5927
2.50726, 1.65179
2.50934, 1.71889
2.52091, 1.80056
2.52209, 1.88408
2.52645, 1.98251
2.51409, 2.07704
2.51157, 2.2009
2.51811, 2.36603
2.48042, 2.48995
2.37994, 2.50225
2.2751, 2.49023
2.17736, 2.47949
2.08494, 2.46924
2.00046, 2.48862
1.91342, 2.485
1.82767, 2.47701
1.74099, 2.49375
1.65351, 2.49367
1.57088, 2.46346
1.47427, 2.48605
1.37963, 2.4838
1.27724, 2.48805
1.1747, 2.47899
1.05531, 2.48566
0.930041, 2.48386
0.794773, 2.478
0.927437, 2.18369
0.859801, 2.12242
0.247904, 2.47536
0.0145649, 2.46154
0.0210564, 2.28268
0.0174354, 2.12307
0.0169216, 1.97201
0.920745, 1.54646
0.92842, 1.47559
0.925375, 1.40985
0.813775, 1.3553
0.00769494, 1.3018
0.0301294, 1.17471
0.0169755, 1.04575
0, 0.909876
0.0228352, 0.78284
0.0178187, 0.642577
0.0086286, 0.493012
0.0235291, 0.34521
0.0186225, 0.176957
0.000242106, 0
0.250546, 0
1.65942, 1.09457
1.689, 1.1012
1.71316, 1.10674
1.73577, 1.11484
1.73535, 1.09016
1.75796, 1.10385
1.76614, 1.09179
1.77481, 1.07776
1.78922, 1.07941
1.80253, 1.07936
1.81405, 1.06777
1.82708, 1.0581
1.85807, 0
1.94711, 0
2.04097, 0
2.13044, 0
2.22514, 0
2.31984, 0.00112891
2.43228, 0
2.5244, 0.0197785
2.51036, 0.223514
2.51073, 0.366602
2.52618, 0.468023
2.50911, 0.569199
2.51619, 0.647462
2.53096, 0.711459
2.51377, 0.792217
2.53042, 0.844062
2.51684, 0.90875
2.52098, 0.960283
2.50927, 1.01465
2.52592, 1.05808
2.16625, 1.16698
2.11772, 1.19221
2.11857, 1.20885
2.10198, 1.22484
2.09771, 1.23995
2.09117, 1.25427
2.07799, 1.26634
2.08134, 1.28245
2.10219, 1.30699
2.09434, 1.32178
2.11126, 1.351
2.53309, 1.66197
2.52686, 1.7275
2.51611, 1.79569
2.52301, 1.89009
2.51836, 1.98658
2.52776, 2.11983
2.52086, 2.25697
2.52026, 2.44035
2.42998, 2.47493
2.32905, 2.4777
2.22939, 2.46874
2.13346, 2.45339
2.04694, 2.47261
1.95862, 2.48031
1.87008, 2.4774
1.78193, 2.47347
1.69011, 2.49123
1.60215, 2.4715
1.50519, 2.4822
1.41381, 2.46292
1.30108, 2.48572
1.19462, 2.4772
1.07505, 2.47796
0.933276, 2.4934
0.799141, 2.47909
0.933255, 2.17738
0.860932, 2.11534
0.232556, 2.47609
0.00295448, 2.45371
0.00926225, 2.26971
0.0124609, 2.10201
0, 1.95229
0.948056, 1.50747
0.948217, 1.43722
0.896552, 1.37781
0.0153477, 1.38994
0.00749857, 1.2591
0.0263982, 1.12884
0.0369417, 0.999402
0.0024039, 0.860776
0.016718, 0.726353
0.0202109, 0.585262
0.0312944, 0.440984
0.0316999, 0.284195
1.69753, 1.10702
1.71338, 1.09989
1.74816, 1.10956
1.75909, 1.10347
1.77455, 1.10301
1.78007, 1.09263
1.785, 1.08031
1.79272, 1.07063
1.81115, 1.08053
1.8154, 1.06339
1.82166, 1.04603
1.83547, 1.04891
1.83894, 1.00384
1.72751, 0
1.81347, 0
1.89963, 0.000249922
1.98672, 0
2.0751, 0
2.16732, 0
2.25649, 0
2.35992, 0
2.45784, 0
2.50625, 0.0854545
2.51248, 0.241858
2.52431, 0.361117
2.52376, 0.475827
2.5085, 0.569737
2.52463, 0.634094
2.52721, 0.703498
2.52963, 0.766191
2.50985, 0.836298
2.53242, 0.877874
2.50996, 0.937772
2.51189, 0.98353
2.50656, 1.02932
2.52809, 1.06822
2.52459, 1.11169
2.17646, 1.16448
2.14349, 1.18088
2.12448, 1.19429
2.12472, 1.20871
2.09617, 1.2162
2.1061, 1.23262
2.11213, 1.24964
2.09849, 1.25881
2.08579, 1.26721
2.07164, 1.27348
2.09244, 1.30596
2.1031, 1.33609
2.51498, 1.79293
2.52129, 1.89459
2.52149, 2.00749
2.51418, 2.13271
2.52193, 2.31783
2.49491, 2.48186
2.3826, 2.46421
2.2912, 2.49336
2.19365, 2.49492
2.09591, 2.47585
2.00399, 2.47906
1.91243, 2.47949
1.82146, 2.47035
1.72714, 2.48553
1.63118, 2.4894
1.53463, 2.48318
1.43256, 2.48314
1.32291, 2.48766
1.21497, 2.47451
1.09042, 2.47698
0.952891, 2.48074
0.804317, 2.47914
0.937648, 2.17244
0.867239, 2.10362
0.226743, 2.46943
0, 2.44122
0.00950725, 2.24987
0.0252139, 2.07245
0.907265, 1.56965
0.942698, 1.47865
0.921094, 1.40995
0.834819, 1.35115
0.0111364, 1.35054
0.00176603, 1.21645
0.028633, 1.08318
0.00963128, 0.947425
0.00808297, 0.81003
0.0154493, 0.671066
1.71103, 1.10016
1.75064, 1.09977
1.75332, 1.08645
1.77566, 1.08426
1.79604, 1.08378
1.78946, 1.0646
1.80065, 1.05859
1.82099, 1.06318
1.82154, 1.04731
1.82077, 1.02669
1.83618, 1.02812
1.83094, 0.992132
1.83844, 0.973712
1.51342, 0
1.59667, 0
1.68826, 0
1.77206, 0
1.85841, 0
1.94156, 0
2.02548, 0
2.10955, 0
2.19797, 0
2.2831, 0
2.37784, 0
2.47652, 0
2.51768, 0.0977795
2.52214, 0.248689
2.53224, 0.363212
2.51912, 0.48626
2.51579, 0.562184
2.52504, 0.62794
2.52766, 0.692301
2.52161, 0.756176
2.50992, 0.816747
2.51015, 0.865304
2.51102, 0.910459
2.51426, 0.952511
2.52335, 0.991729
2.53588, 1.03028
2.51113, 1.07341
2.53228, 1.11109
2.51681, 1.15012
2.19709, 1.15368
2.14025, 1.15988
2.14103, 1.17285
2.10663, 1.17477
2.13106, 1.196
2.10678, 1.19791
2.10441, 1.20924
2.10483, 1.22312
2.1085, 1.24101
2.1032, 1.25337
2.08622, 1.25438
2.09339, 1.28215
2.09922, 1.31428
2.51434, 2.01967
2.52077, 2.18999
2.5198, 2.39714
2.44931, 2.48784
2.34679, 2.49574
2.24048, 2.47122
2.14484, 2.47907
2.04889, 2.47097
1.95478, 2.47674
1.86088, 2.46814
1.76491, 2.47462
1.66584, 2.48175
1.5617, 2.49199
1.46358, 2.47045
1.349, 2.48017
1.23478, 2.47271
1.11221, 2.46588
0.975121, 2.46448
0.804693, 2.48471
0.927991, 2.1817
0.855205, 2.10802
0.210401, 2.47075
0.00681895, 2.41989
0.0145292, 2.22725
0.0236306, 2.04963
0.935552, 1.53141
0.942575, 1.44816
0.886365, 1.38445
0.0232829, 1.44782
0.0409612, 1.30792
0.025771, 1.17306
0.0307187, 1.03746
1.7394, 1.10163
1.76582, 1.09039
1.79585, 1.08355
1.80442, 1.07347
1.81601, 1.0654
1.80491, 1.04708
1.83115, 1.04801
1.8257, 1.03088
1.84369, 1.03001
1.83309, 1.00527
1.83666, 0.990579
1.84548, 0.980507
1.84202, 0.95247
1.27167, 0
1.37738, 0
1.47549, 0
1.56445, 0
1.65548, 0
1.73942, 0
1.82063, 0
1.90251, 0
1.98377, 0
2.06456, 0
2.14812, 0
2.23095, 0
2.31749, 0
2.40677, 0
2.50001, 0
2.51185, 0.14141
2.51557, 0.280607
2.52164, 0.389978
2.5129, 0.498559
2.5127, 0.382764
2.51135, 0.478237
2.51645, 0.552153
2.52136, 0.616907
2.52038, 0.679223
2.51927, 0.735041
2.50626, 0.792531
2.52808, 0.826863
2.52294, 0.872747
2.52902, 0.911782
2.50428, 0.957551
2.52052, 0.991202
2.52959, 1.02703
2.49989, 1.06487
2.52635, 1.10048
2.51565, 1.13599
2.52672, 1.17443
2.50462, 1.20705
2.19826, 1.14442
2.16903, 1.14784
2.16457, 1.15943
2.15457, 1.16796
2.14937, 1.17903
2.11812, 1.16993
2.11356, 1.17935
2.11097, 1.19141
2.1074, 1.20382
2.11331, 1.23113
2.09413, 1.2247
2.08883, 1.23999
2.08891, 1.27136
2.5044, 2.4738
2.39917, 2.4817
2.29359, 2.47345
2.19344, 2.47469
2.09425, 2.46417
1.9974, 2.45435
1.89928, 2.47859
1.80329, 2.45783
1.69824, 2.48276
1.59466, 2.47941
1.49503, 2.45503
1.37422, 2.47335
1.24947, 2.47938
1.11458, 2.48453
0.96725, 2.4885
0.817512, 2.47574
0.936957, 2.17094
0.857479, 2.09881
0.199597, 2.46929
0.0207077, 2.39683
0.0213919, 2.20511
0.0110451, 2.03338
0.927737, 1.50591
0.927259, 1.42115
0.863553, 1.35517
0.00155207, 1.41601
0.0189046, 1.27166
1.77765, 1.08695
1.7942, 1.07175
1.81516, 1.05928
1.81339, 1.04534
1.82667, 1.03469
1.83355, 1.02339
1.82128, 1.00457
1.83726, 0.996986
1.83873, 0.982588
1.8517, 0.975105
1.84232, 0.950911
1.82617, 0.916219
0.955999, 0
1.11556, 0
1.22845, 0
1.33502, 0
1.43379, 0
1.52592, 0
1.62197, 0
1.69967, 0
1.78747, 0
1.86443, 0
1.94237, 0
2.01956, 0
2.09748, 0
2.17442, 0
2.25544, 0
2.34014, 0
2.4198, 0
2.51418, 0
2.51521, 0.153698
2.509, 0.299878
2.51508, 0.164212
2.52437, 0.277134
2.50831, 0.402922
2.50553, 0.489806
2.51325, 0.55276
2.52545, 0.604548
2.51458, 0.669424
2.50868, 0.723081
2.52379, 0.759572
2.5163, 0.805942
2.51189, 0.847161
2.4923, 0.89027
2.51001, 0.920236
2.51061, 0.954406
2.52509, 0.986687
2.52694, 1.02081
2.52141, 1.05473
2.52122, 1.08877
2.51299, 1.12181
2.51251, 1.15667
2.51533, 1.19395
2.51197, 1.23084
2.50727, 1.26883
2.22787, 1.14353
2.21353, 1.15235
2.20344, 1.16342
2.17181, 1.15419
2.15485, 1.15469
2.13567, 1.14995
2.14515, 1.18247
2.1273, 1.17802
2.12184, 1.19403
2.11696, 1.21565
2.09756, 1.20256
2.09531, 1.24395
2.31483, 2.47361
2.2122, 2.48108
2.10917, 2.4671
2.0087, 2.45825
1.90698, 2.47354
1.80397, 2.47541
1.69917, 2.47369
1.59258, 2.46725
1.4771, 2.47385
1.3571, 2.47429
1.23196, 2.46917
1.09107, 2.47359
0.945343, 2.46568
0.771925, 2.47193
0.913053, 2.14341
0.789465, 2.10368
0.10741, 2.46822
0.0146053, 2.32772
0.0300338, 2.12769
0.906242, 1.5493
0.933241, 1.44604
0.876547, 1.3768
0.027578, 1.48019
1.78032, 1.06863
1.79069, 1.04948
1.82255, 1.03176
1.82936, 1.01704
1.82677, 1.00193
1.85158, 0.99172
1.85313, 0.978317
1.84192, 0.960107
1.82999, 0.939047
1.82716, 0.919673
1.80121, 0.88427
0.55655, 0
0.760176, 0
0.921924, 0
1.07465, 0
1.19441, 0
1.31072, 0
1.41543, 0
1.51615, 0
1.60355, 0
1.6859, 0
1.76413, 0
1.84258, 0
1.92019, 0
1.99329, 0
2.06798, 0
2.14127, 0
2.21662, 0
2.29448, 0
2.37338, 0
2.45918, 0
2.51227, 0.0431394
2.48175, 0
2.52663, 0.0701116
2.52964, 0.204264
2.51983, 0.32908
2.51708, 0.421228
2.52282, 0.489263
2.51904, 0.557415
2.51949, 0.613298
2.52039, 0.662943
2.51789, 0.710104
2.51321, 0.754234
2.5089, 0.794548
2.5124, 0.829277
2.50479, 0.865813
2.50145, 0.899143
2.50289, 0.930551
2.50448, 0.961625
2.49879, 0.992559
2.49929, 1.02334
2.51316, 1.05674
2.52298, 1.09192
2.50635, 1.1215
2.49427, 1.15177
2.49684, 1.18888
2.50701, 1.23315
2.50016, 1.27136
2.5015, 1.31847
2.50388, 1.37198
2.24352, 1.16784
2.21107, 1.15794
2.18013, 1.14335
2.16902, 1.1518
2.15617, 1.15741
2.14468, 1.16555
2.12569, 1.15488
2.12023, 1.1812
2.11121, 1.20673
2.0943, 1.20181
2.08275, 1.24989
2.07824, 2.49461
1.9737, 2.47287
1.86904, 2.46902
1.76247, 2.46787
1.65194, 2.47062
1.54161, 2.45935
1.42015, 2.46462
1.29218, 2.46633
1.16619, 2.4486
1.01402, 2.45546
0.858237, 2.44608
0.910094, 2.19884
0.861738, 2.0844
0.230907, 2.4413
0, 2.41651
0, 2.21142
0, 2.01811
0.932549, 1.45116
0.888607, 1.37581
1.79207, 1.05325
1.82084, 1.02818
1.81809, 1.0113
1.83367, 0.993524
1.82251, 0.977302
1.82309, 0.960596
1.81776, 0.942745
1.82643, 0.927092
1.80895, 0.903848
1.79873, 0.879911
0.0209032, 0.00577665
0.235541, 0
0.503478, 0
0.718135, 0
0.90878, 0
1.06826, 0
1.18373, 0
1.31498, 0
1.40733, 0
1.50931, 0
1.59888, 0
1.68727, 0
1.76271, 0
1.84575, 0
1.91212, 0
1.98718, 0
2.05681, 0
2.1271, 0
2.19864, 0
2.2711, 0
2.33875, 0.00206871
2.41585, 0
2.36082, 0
2.43537, 0
2.52396, 0
2.51585, 0.133168
2.51751, 0.24759
2.52345, 0.333969
2.52284, 0.413883
2.51617, 0.487801
2.51241, 0.548522
2.51761, 0.5949
2.51257, 0.643988
2.51886, 0.681756
2.51114, 0.724116
2.50843, 0.760776
2.50793, 0.794444
2.50379, 0.827466
2.50342, 0.858241
2.49833, 0.888701
2.50572, 0.917815
2.51576, 0.948012
2.49945, 0.976665
2.50026, 1.00679
2.4992, 1.03735
2.50602, 1.07161
2.50838, 1.10665
2.5127, 1.14517
2.4975, 1.17546
2.48809, 1.21023
2.50254, 1.26646
2.49689, 1.31288
2.50499, 1.37966
2.49221, 1.43273
2.24159, 1.15468
2.21279, 1.14461
2.19661, 1.15206
2.17222, 1.13993
2.16037, 1.15533
2.14895, 1.17812
2.12933, 1.17266
2.11352, 1.18782
2.09575, 1.20073
2.07533, 1.26693
1.94414, 2.47974
1.83829, 2.45123
1.7196, 2.48506
1.60808, 2.46713
1.48051, 2.48473
1.35972, 2.4673
1.21957, 2.47448
1.07305, 2.47234
0.912696, 2.47035
0.731262, 2.47226
0.882323, 2.11954
0.314018, 2.45452
0.0392254, 2.45625
0, 2.27708
0, 2.07467
1.80079, 1.0562
1.80543, 1.03131
1.82207, 1.00472
1.82327, 0.985017
1.82606, 0.96585
1.83549, 0.946927
1.83899, 0.929617
1.80975, 0.910966
1.80752, 0.891494
1.78564, 0.867438
0, 0.355608
0.00719056, 0.200312
0.0113077, 0.0347824
0.219614, 0
0.493299, 0
0.717844, 0
0.911246, 0
1.06101, 0
1.2055, 0
1.32084, 0
1.41457, 0
1.50865, 0
1.60426, 0
1.68321, 0
1.75816, 0
1.83807, 0
1.90596, 0
1.97145, 0
2.03889, 0
2.10555, 0
2.17303, 0
2.24232, 0
2.30829, 0
2.30238, 0
2.36982, 0
2.43483, 0
2.51379, 0
2.51293, 0.11758
2.50829, 0.234669
2.51256, 0.316575
2.51336, 0.389094
2.50633, 0.458728
2.50441, 0.513902
2.49243, 0.570063
2.51008, 0.599826
2.49799, 0.645796
2.50087, 0.679765
2.51376, 0.708159
2.50411, 0.743673
2.51402, 0.771916
2.50296, 0.803906
2.52409, 0.830937
2.50285, 0.861216
2.50149, 0.889559
2.49886, 0.917771
2.51012, 0.948861
2.50241, 0.97727
2.50432, 1.00903
2.49705, 1.03873
2.50834, 1.07875
2.49679, 1.10956
2.4958, 1.14889
2.49166, 1.18958
2.517, 1.26235
2.50687, 1.31079
2.50103, 1.371
2.50192, 1.45157
2.28188, 1.1784
2.24091, 1.15326
2.212, 1.14214
2.19611, 1.16021
2.16911, 1.14247
2.15257, 1.16213
2.13249, 1.17108
2.11224, 1.19631
2.08884, 1.21101
1.94548, 2.4776
1.83349, 2.46166
1.71289, 2.48036
1.58819, 2.49054
1.47199, 2.46106
1.32659, 2.48815
1.18839, 2.47773
1.03463, 2.47596
0.869515, 2.46985
0.90934, 2.21159
0.833305, 2.11045
0.231869, 2.46149
0, 2.42367
1.79814, 1.05764
1.82462, 1.01507
1.82449, 0.991314
1.83144, 0.96637
1.82773, 0.946795
1.81345, 0.929841
1.79913, 0.911439
1.77877, 0.891899
1.76392, 0.869691
0.00512923, 0.736404
0.00646779, 0.588746
0.0084228, 0.438621
0, 0.280184
0.0138357, 0.124823
0.0346773, 0
0.370397, 0
0.638224, 0
0.825562, 0
1.01289, 0
1.17011, 0
1.26936, 0
1.39045, 0
1.49322, 0
1.56776, 0
1.66329, 0
1.73373, 0
1.80182, 0
1.86992, 0
1.93751, 0
1.99873, 0
2.0616, 0
2.12513, 0
2.18506, 0
2.25314, 0
2.26845, 0
2.32429, 0
2.39311, 0
2.45618, 0
2.51034, 0.00791139
2.50789, 0.13471
2.50888, 0.229404
2.51746, 0.297311
2.50546, 0.377697
2.51398, 0.42581
2.50018, 0.487355
2.51338, 0.521265
2.49269, 0.574337
2.49832, 0.606715
2.48876, 0.644129
2.50226, 0.669991
2.48261, 0.705506
2.51191, 0.727249
2.5155, 0.75571
2.49671, 0.785433
2.5162, 0.812817
2.51442, 0.841206
2.49523, 0.866987
2.50975, 0.898274
2.50558, 0.926996
2.51665, 0.962159
2.49725, 0.98674
2.50142, 1.02314
2.50629, 1.06353
2.50603, 1.10461
2.50934, 1.1533
2.52349, 1.21956
2.50254, 1.25767
2.49785, 1.32076
2.50696, 1.41718
2.50114, 1.51141
2.28373, 1.1797
2.23406, 1.13073
2.21528, 1.15212
2.18626, 1.13863
2.16286, 1.14288
2.14139, 1.16989
2.11605, 1.17634
2.08751, 1.22796
1.90541, 2.46996
1.78582, 2.4714
1.66515, 2.46378
1.53572, 2.4713
1.39819, 2.48026
1.25586, 2.47955
1.10867, 2.46952
0.937077, 2.47788
0.770729, 2.4564
0.88307, 2.11883
0.304126, 2.48563
0.0536922, 2.46627
1.81623, 1.01181
1.81931, 0.980847
1.8288, 0.949536
1.81385, 0.931964
1.8053, 0.911181
1.79367, 0.891014
1.79033, 0.868399
1.73952, 0.851603
0, 0.911371
0.00341888, 0.763615
0, 0.614264
0.0174074, 0.468215
0.0169167, 0.315894
0.00921305, 0.156169
0.000568047, 0
0.335454, 0
0.618779, 0
0.839492, 0
1.01909, 0
1.16484, 0
1.28076, 0
1.38662, 0
1.49126, 0
1.57718, 0
1.64566, 0
1.73171, 0
1.79717, 0
1.85941, 0
1.92105, 0
1.98375, 0
2.04116, 0
2.1007, 0
2.15932, 0
2.215, 0
2.24652, 0
2.30335, 0
2.36471, 0
2.42143, 0
2.48312, 0
2.50258, 0.0640374
2.51305, 0.147847
2.50261, 0.244267
2.50174, 0.312196
2.50988, 0.361056
2.49734, 0.42243
2.50804, 0.457848
2.50374, 0.500799
2.51871, 0.52895
2.49892, 0.572994
2.50273, 0.602713
2.51482, 0.628947
2.51672, 0.65805
2.5217, 0.686047
2.49844, 0.716426
2.50289, 0.742928
2.50432, 0.769835
2.5014, 0.796603
2.50694, 0.82516
2.48457, 0.847619
2.49656, 0.879899
2.49054, 0.907723
2.50042, 0.944689
2.49584, 0.977037
2.49827, 1.01661
2.49674, 1.05743
2.50342, 1.11083
2.49749, 1.15907
2.5043, 1.23044
2.48814, 1.28318
2.50014, 1.39329
2.50243, 1.51556
2.5064, 1.68236
2.2584, 1.16222
2.22469, 1.15405
2.19161, 1.13663
2.16581, 1.15508
2.13744, 1.16401
2.10793, 1.17517
1.95091, 2.46573
1.82803, 2.46817
1.70476, 2.45858
1.5721, 2.46938
1.42943, 2.48629
1.30107, 2.45133
1.14568, 2.457
0.965081, 2.47987
0.795842, 2.46078
0.878738, 2.14011
0.358745, 2.46516
1.8225, 0.999054
1.83769, 0.954094
1.82792, 0.931312
1.81367, 0.911559
1.78373, 0.898384
1.76376, 0.878269
1.74613, 0.855754
0.00579927, 1.20479
0.0149042, 1.05067
0.00354829, 0.902405
0.00205665, 0.754042
0, 0.60457
0.022773, 0.458689
0, 0.302609
0.0087565, 0.147768
0.0187672, 0
0.349859, 0
0.667946, 0
0.886096, 0
1.05159, 0
1.20501, 0
1.30809, 0
1.42, 0
1.51503, 0
1.59448, 0
1.67395, 0
1.74513, 0
1.80629, 0
1.86896, 0
1.92444, 0
1.98333, 0
2.0413, 0
2.09324, 0
2.14792, 0
2.20189, 0
2.23305, 0
2.28547, 0
2.34108, 0
2.39194, 0
2.4631, 0
2.50577, 0
2.49968, 0.102723
2.50499, 0.176956
2.49799, 0.253439
2.49534, 0.312951
2.5019, 0.356001
2.50569, 0.397015
2.49594, 0.443313
2.51163, 0.469775
2.50003, 0.509365
2.51571, 0.534063
2.48674, 0.573655
2.50233, 0.596866
2.50877, 0.622986
2.50294, 0.650572
2.50415, 0.676795
2.50408, 0.703037
2.5057, 0.729627
2.50203, 0.75589
2.49786, 0.782199
2.48769, 0.806871
2.50269, 0.841739
2.49081, 0.867415
2.50357, 0.907803
2.5015, 0.943315
2.50095, 0.983342
2.48963, 1.01813
2.50798, 1.08743
2.4982, 1.13632
2.50997, 1.22323
2.51031, 1.31226
2.50467, 1.41293
2.50176, 1.55063
2.5007, 1.74656
2.26153, 1.16993
2.21966, 1.13922
2.1886, 1.15082
2.15536, 1.14286
2.12296, 1.17613
2.08643, 1.2024
1.85253, 2.48343
1.72389, 2.47594
1.59162, 2.47025
1.45254, 2.46962
1.30601, 2.46885
1.14949, 2.46863
0.970213, 2.48429
0.78799, 2.47816
0.899705, 2.10951
1.81878, 0.998687
1.83552, 0.943176
1.81052, 0.927889
1.80958, 0.895117
1.78537, 0.878057
1.76312, 0.85809
1.71293, 0.847158
0.00240235, 1.34073
0.00614491, 1.18014
0, 1.02701
0, 0.875811
0.000193275, 0.725955
0.00931431, 0.577349
0, 0.426535
0.0233869, 0.278472
0.00302188, 0.117785
0.0466892, 0
0.426577, 0
0.758873, 0
0.942015, 0
1.11239, 0
1.24882, 0
1.37373, 0
1.47118, 0
1.54108, 0
1.6292, 0
1.7033, 0
1.77307, 0
1.82971, 0
1.88782, 0
1.9417, 0
1.9924, 0
2.04242, 0
2.09418, 0
2.14392, 0
2.19429, 0
2.22619, 0
2.27256, 0
2.32484, 0
2.37131, 0
2.42962, 0
2.48234, 0
2.5133, 0.0215577
2.50261, 0.121243
2.49991, 0.192371
2.5098, 0.23906
2.50634, 0.29275
2.52096, 0.325421
2.49752, 0.382388
2.49803, 0.417186
2.51791, 0.439855
2.5056, 0.476768
2.48952, 0.51119
2.50076, 0.535038
2.49981, 0.561768
2.51117, 0.586412
2.51104, 0.61268
2.48384, 0.637859
2.50096, 0.663998
2.49436, 0.688756
2.51031, 0.718829
2.51768, 0.749453
2.51545, 0.77868
2.50748, 0.806489
2.49419, 0.83203
2.50575, 0.874596
2.49786, 0.907858
2.51352, 0.96509
2.51426, 1.01689
2.48674, 1.04314
2.50173, 1.12873
2.50447, 1.2153
2.50472, 1.31961
2.50955, 1.46615
2.50338, 1.63822
2.29658, 1.1852
2.24841, 1.15353
2.20866, 1.1412
2.17296, 1.15236
2.13596, 1.18307
2.09656, 1.18756
1.87214, 2.46715
1.73727, 2.47542
1.59933, 2.47588
1.45865, 2.468
1.30342, 2.4784
1.14279, 2.4772
0.976537, 2.46528
0.788524, 2.46441
1.82014, 1.00065
1.82564, 0.94582
1.81278, 0.915413
1.79387, 0.891563
1.7682, 0.872149
1.74606, 0.84902
1.68622, 0.8428
0.00353265, 1.47313
0.0113589, 1.30217
0.00809854, 1.14242
0, 0.989716
0, 0.836176
0, 0.685897
0, 0.535891
0, 0.382731
0.00774474, 0.23411
0, 0.0739126
0.173587, 0
0.552067, 0
0.820535, 0
1.03201, 0
1.18713, 0
1.3124, 0
1.41465, 0
1.52281, 0
1.59954, 0
1.66792, 0
1.74583, 0
1.79717, 0
1.85417, 0
1.90728, 0
1.95341, 0
2.00731, 0
2.05282, 0
2.09893, 0
2.14486, 0
2.19199, 0
2.22256, 0
2.26473, 0
2.31315, 0
2.35542, 0
2.40434, 0
2.44563, 0
2.51219, 0
2.49505, 0.0762051
2.50404, 0.131297
2.50868, 0.183514
2.50428, 0.237426
2.48857, 0.293238
2.50288, 0.3205
2.50658, 0.353411
2.49706, 0.390787
2.50622, 0.416659
2.51123, 0.443703
2.49405, 0.475891
2.49549, 0.501171
2.49974, 0.525695
2.50861, 0.55024
2.5099, 0.575665
2.50771, 0.601029
2.49999, 0.625496
2.50385, 0.652279
2.49132, 0.675314
2.49503, 0.70407
2.50556, 0.738293
2.49879, 0.766557
2.5033, 0.803718
2.49776, 0.837421
2.49203, 0.873991
2.50705, 0.935887
2.50632, 0.991037
2.50402, 1.0539
2.51096, 1.14436
2.5032, 1.23116
2.5086, 1.37207
2.50346, 1.53728
2.5012, 1.78934
2.27729, 1.174
2.23003, 1.15122
2.18667, 1.12574
2.14749, 1.17168
2.10501, 1.17145
1.88412, 2.45877
1.74806, 2.45635
1.60308, 2.47211
1.45767, 2.46656
1.30637, 2.45901
1.1319, 2.47893
0.965925, 2.45896
1.81712, 1.01881
1.82557, 0.94771
1.81278, 0.910715
1.77047, 0.903672
1.76542, 0.862756
1.7278, 0.847395
0.813398, 1.3348
0, 1.61308
0.00180028, 1.43106
0.00423634, 1.2603
0.00175206, 1.09869
0, 0.942786
0.00403237, 0.788571
0, 0.638463
0.00772728, 0.488117
0, 0.336574
0.00243025, 0.184044
0.00913181, 0.0287901
0.327833, 0
0.674463, 0
0.932801, 0
1.09356, 0
1.26514, 0
1.39232, 0
1.48785, 0
1.58268, 0
1.65443, 0
1.72005, 0
1.77323, 0
1.82211, 0
1.88901, 0
1.93166, 0
1.97358, 0
2.01974, 0
2.0663, 0
2.10626, 0
2.14862, 0
2.19017, 0
2.22468, 0
2.26224, 0
2.29921, 0
2.33853, 0
2.38707, 0
2.43437, 0
2.47224, 0
2.51047, 0.00104742
2.50071, 0.0810233
2.49144, 0.146607
2.51296, 0.173557
2.49785, 0.229353
2.51919, 0.252046
2.51039, 0.293341
2.50385, 0.329025
2.50231, 0.359321
2.50414, 0.386556
2.51299, 0.41096
2.50075, 0.439646
2.49486, 0.465166
2.48728, 0.489534
2.48768, 0.512892
2.50115, 0.537637
2.48926, 0.560388
2.50476, 0.588556
2.48218, 0.6079
2.50161, 0.64142
2.49684, 0.668102
2.50259, 0.701896
2.49393, 0.729769
2.50565, 0.774742
2.50121, 0.812258
2.50474, 0.862191
2.5047, 0.916156
2.50696, 0.982905
2.50013, 1.0497
2.50083, 1.14588
2.50595, 1.28057
2.50918, 1.46022
2.50431, 1.69633
2.30073, 1.17399
2.2485, 1.14824
2.20273, 1.14636
2.1576, 1.12652
2.11042, 1.18274
1.88875, 2.47342
1.74861, 2.4652
1.60379, 2.46317
1.45259, 2.46352
1.28933, 2.4735
1.11555, 2.48103
0.942551, 2.46402
1.82446, 0.96225
1.81252, 0.914933
1.78324, 0.891545
1.75885, 0.86309
1.71101, 0.853297
0.880419, 1.37063
0.00621873, 1.75515
0, 1.56735
0.0110629, 1.37877
0.00526824, 1.21036
0, 1.05196
0, 0.89259
6.79952e-05, 0.73694
0, 0.585404
0, 0.434494
0.00173825, 0.283342
0.0188758, 0.132799
0, 0
0.509763, 0
0.843778, 0
1.0534, 0
1.24152, 0
1.36524, 0
1.4592, 0
1.55352, 0
1.65178, 0
1.6951, 0
1.77464, 0
1.8179, 0
1.86918, 0
1.9202, 0
1.95407, 0
2.0012, 0
2.03913, 0
2.07597, 0
2.11616, 0
2.15431, 0
2.19201, 0
2.22133, 0
2.25103, 0
2.28567, 0
2.33126, 0
2.36683, 0
2.40499, 0
2.45076, 0
2.4959, 0
2.50488, 0.0314447
2.48573, 0.107475
2.49624, 0.143028
2.51313, 0.170513
2.50875, 0.212061
2.50094, 0.251213
2.50973, 0.277823
2.50209, 0.310685
2.50312, 0.337701
2.48788, 0.367873
2.50147, 0.389412
2.51462, 0.412322
2.5167, 0.437203
2.50194, 0.46182
2.50849, 0.486439
2.54202, 0.516752
2.49431, 0.533227
2.51026, 0.563378
2.48946, 0.582776
2.49793, 0.614165
2.50315, 0.647109
2.50529, 0.681491
2.49626, 0.71098
2.48431, 0.73989
2.49545, 0.794279
2.50444, 0.856156
2.50127, 0.914047
2.50495, 0.994288
2.49907, 1.07732
2.49713, 1.19262
2.50483, 1.37522
2.50401, 1.61459
2.50155, 1.99479
2.26903, 1.18384
2.21441, 1.14715
2.16574, 1.14152
2.11515, 1.18046
1.89345, 2.46514
1.74902, 2.46342
1.59415, 2.48493
1.43674, 2.4876
1.27783, 2.47437
1.10105, 2.47982
1.82194, 1.00345
1.81656, 0.933491
1.79676, 0.892715
1.75942, 0.874151
1.72737, 0.848431
1.62391, 0.87806
0.841339, 1.35474
0.00273816, 1.71596
0, 1.53088
0, 1.34078
0, 1.17362
0.000278598, 1.00406
0.0103413, 0.843856
0.019881, 0.68913
0.0011133, 0.539215
0.0213385, 0.388693
0.00878917, 0.237065
0, 0.0788452
0.222667, 0
0.670314, 0
0.962877, 0
1.17809, 0
1.33072, 0
1.44881, 0
1.5512, 0
1.62724, 0
1.70425, 0
1.7593, 0
1.81475, 0
1.8666, 0
1.91566, 0
1.95122, 0
1.9841, 0
2.0228, 0
2.05862, 0
2.08755, 0
2.12805, 0.00175612
2.15972, 0
2.19463, 0
2.21936, 0
2.25027, 0
2.27848, 0
2.31302, 0
2.33779, 0
2.388, 0
2.42221, 0
2.46432, 0
2.49956, 0
2.4919, 0.0471895
2.49767, 0.0870536
2.51192, 0.115976
2.50735, 0.156794
2.49199, 0.199645
2.48857, 0.230956
2.49599, 0.255099
2.49238, 0.282628
2.51352, 0.301846
2.49212, 0.331373
2.49589, 0.354174
2.50737, 0.376752
2.48118, 0.39996
2.50082, 0.423781
2.49864, 0.447122
2.50147, 0.471876
2.51105, 0.499964
2.49697, 0.521459
2.50344, 0.551847
2.49626, 0.57759
2.50879, 0.617354
2.50019, 0.646682
2.51138, 0.695466
2.5099, 0.739503
2.5096, 0.791417
2.49938, 0.839174
2.49865, 0.910126
2.4959, 0.994703
2.50175, 1.12255
2.49348, 1.26
2.50101, 1.51209
2.5024, 1.89321
2.28932, 1.20018
2.22742, 1.14184
2.17497, 1.14793
2.11968, 1.18786
1.89441, 2.47802
1.74786, 2.46094
1.58891, 2.48214
1.42445, 2.49254
1.25775, 2.48543
1.07645, 2.48819
1.82954, 0.944495
1.80159, 0.905818
1.76912, 0.875957
1.72948, 0.854117
1.65576, 0.861272
0.890793, 1.40634
0.764398, 1.3548
0, 1.66783
0.00512522, 1.46683
0.00344375, 1.28494
0, 1.11404
0, 0.950781
0.00918103, 0.788021
0.00350402, 0.634285
0.00835223, 0.48171
0, 0.330125
0, 0.17725
0, 0.0217533
0.453263, 0
0.857414, 0
1.12716, 0
1.32503, 0
1.44632, 0
1.54657, 0
1.63814, 0
1.70964, 0
1.75938, 0
1.81686, 0
1.86562, 0
1.90614, 0
1.9492, 0
1.9827, 0
2.01304, 0
2.04586, 0
2.07754, 0
2.10782, 0
2.1375, 0
2.1667, 0
2.19541, 0
2.2208, 0
2.24311, 0
2.26834, 0
2.3, 0
2.33928, 0
2.3659, 0
2.39639, 0
2.41948, 0
2.4613, 0
2.51025, 0
2.49497, 0.0339871
2.50454, 0.0657161
2.51095, 0.0975131
2.51971, 0.125761
2.51619, 0.159179
2.51944, 0.186927
2.51895, 0.2148
2.51987, 0.240909
2.5043, 0.269396
2.49319, 0.29441
2.50329, 0.316332
2.49257, 0.339144
2.49841, 0.361955
2.50748, 0.386382
2.49986, 0.408787
2.49899, 0.432908
2.48793, 0.454048
2.50352, 0.487213
2.50585, 0.517521
2.50983, 0.551694
2.50375, 0.582117
2.49621, 0.613778
2.49838, 0.658167
2.50167, 0.71088
2.50576, 0.77446
2.50942, 0.851085
2.50546, 0.933109
2.50926, 1.05512
2.49767, 1.18084
2.5052, 1.42436
2.50212, 1.76934
2.30981, 1.20217
2.24433, 1.15696
2.18639, 1.14531
2.12763, 1.17979
1.90483, 2.46981
1.75101, 2.4716
1.59027, 2.48194
1.4255, 2.48171
1.25974, 2.4646
1.06914, 2.48057
1.80496, 0.943038
1.78749, 0.881436
1.738, 0.86785
1.69519, 0.842932
0.929021, 1.48348
0.866519, 1.38168
0, 1.83931
0.00152287, 1.62293
0, 1.43124
0, 1.24425
0.0101276, 1.06428
0, 0.903031
0, 0.742076
0, 0.587617
0, 0.433384
0, 0.280671
0.0168829, 0.129492
0.0309341, 0
0.67292, 0
1.03586, 0
1.26176, 0
1.41689, 0
1.53821, 0
1.62574, 0
1.70717, 0
1.7695, 0
1.82196, 0
1.87485, 0
1.91376, 0
1.94036, 0
1.97618, 0
2.02109, 0
2.04505, 0
2.0685, 0
2.09246, 0
2.12136, 0
2.1473, 0
2.17234, 0
2.19798, 0
2.22041, 0
2.24759, 0
2.26525, 0
2.29145, 0
2.32666, 0
2.34409, 0
2.37335, 0
2.40925, 0
2.43367, 0
2.50066, 0
2.50627, 0
2.4997, 0.0317196
2.51412, 0.0564176
2.50271, 0.096003
2.50429, 0.124428
2.53777, 0.137917
2.51206, 0.175021
2.49708, 0.204129
2.49042, 0.228597
2.48986, 0.250821
2.51173, 0.271651
2.49919, 0.294487
2.51424, 0.318327
2.52045, 0.34313
2.50082, 0.363172
2.51963, 0.393278
2.52303, 0.42135
2.49205, 0.435049
2.50225, 0.4686
2.50038, 0.498402
2.50302, 0.534316
2.49497, 0.565223
2.51115, 0.623805
2.5035, 0.665829
2.50418, 0.72556
2.51335, 0.811401
2.50637, 0.890074
2.50495, 1.00347
2.50265, 1.15586
2.50787, 1.40478
2.50512, 1.77507
2.31783, 1.22802
2.245, 1.14655
2.18466, 1.14608
2.12339, 1.16138
1.88397, 2.46479
1.72375, 2.48004
1.55951, 2.48505
1.39058, 2.48266
1.22316, 2.45783
1.82914, 0.952732
1.80164, 0.897082
1.76854, 0.857031
1.71505, 0.844286
0.0878753, 2.46546
0.927721, 1.42023
0.829943, 1.34676
0.0101646, 1.75745
0, 1.55922
0, 1.35812
0, 1.17407
0, 0.999
0.00870143, 0.831087
0.00824597, 0.672147
0.00649218, 0.517194
0, 0.364763
0, 0.211428
0.0106189, 0.0595342
0.371073, 0
0.918665, 0
1.2053, 0
1.37452, 0
1.54217, 0
1.63995, 0
1.6963, 0
1.77934, 0
1.83769, 0
1.88705, 0
1.91162, 0
1.9591, 0
1.98439, 0
2.01582, 0
2.03789, 0
2.07272, 0
2.08685, 0
2.11515, 0
2.13578, 0
2.15915, 0
2.18157, 0
2.20413, 0
2.21695, 0
2.23857, 0
2.2608, 0
2.28212, 0
2.30901, 0
2.33207, 0
2.36951, 0
2.39514, 0
2.4306, 0
2.45991, 0
2.50219, 0
2.50605, 0.00956267
2.50902, 0.0435278
2.50734, 0.0775089
2.50434, 0.109148
2.49935, 0.139022
2.49866, 0.164932
2.49519, 0.190265
2.50257, 0.211958
2.50109, 0.235223
2.50188, 0.257724
2.50246, 0.280146
2.50333, 0.302703
2.50056, 0.325089
2.49589, 0.347136
2.50998, 0.37482
2.51639, 0.402813
2.51076, 0.427723
2.50433, 0.453036
2.50597, 0.484603
2.51419, 0.524276
2.49928, 0.549648
2.50214, 0.59363
2.50626, 0.64603
2.50165, 0.69667
2.50138, 0.763478
2.5098, 0.86171
2.50566, 0.962749
2.50113, 1.09731
2.5039, 1.31377
2.50105, 1.63296
2.49967, 2.23133
2.26072, 1.13896
2.20047, 1.15217
2.13923, 1.15129
1.92046, 2.46891
1.76214, 2.47511
1.6047, 2.45845
1.44064, 2.45073
1.26313, 2.45851
1.83238, 0.967372
1.80231, 0.912203
1.77071, 0.867046
1.72016, 0.849625
1.65181, 0.847643
0.920623, 1.45748
0.854098, 1.3559
0.00442181, 1.80666
0.000229231, 1.59195
0, 1.39212
0.00128708, 1.20531
0, 1.03054
0.0178572, 0.858536
0.0203211, 0.698437
0.00562204, 0.545113
0.00450799, 0.391656
0, 0.238961
0.0108002, 0.086907
0.19384, 0
0.829646, 0
1.17228, 0
1.37529, 0
1.50902, 0
1.62954, 0
1.70491, 0
1.78954, 0
1.82841, 0
1.87317, 0
1.92404, 0
1.95584, 0
1.97818, 0
2.00398, 0
2.03745, 0
2.0635, 0
2.09093, 0
2.11116, 0
2.13451, 0
2.15487, 0
2.17758, 0
2.19912, 0
2.21278, 0
2.23636, 0
2.25552, 0
2.2809, 0
2.30091, 0
2.32887, 0
2.35013, 0
2.39662, 0
2.42093, 0
2.45888, 0
2.49595, 0
2.50472, 0.00239637
2.51827, 0.0291357
2.50185, 0.0739837
2.50403, 0.102835
2.49224, 0.136179
2.4997, 0.15878
2.49273, 0.185464
2.49863, 0.207335
2.51234, 0.228241
2.50985, 0.25182
2.5058, 0.274815
2.49428, 0.296734
2.51295, 0.321386
2.50143, 0.342834
2.51232, 0.369642
2.49716, 0.389692
2.5112, 0.421516
2.5089, 0.448767
2.50357, 0.475896
2.51397, 0.516101
2.49616, 0.538554
2.50907, 0.590713
2.50756, 0.636398
2.50866, 0.692876
2.49598, 0.740224
2.50679, 0.837164
2.50759, 0.942046
2.50012, 1.06175
2.50974, 1.28281
2.50856, 1.58369
2.50783, 2.12174
2.27533, 1.16353
2.21175, 1.13057
2.15062, 1.16746
1.95027, 2.47118
1.79351, 2.47133
1.63432, 2.46535
1.4682, 2.46585
1.29257, 2.47046
1.11259, 2.4616
1.81146, 0.915653
1.77405, 0.878697
1.72785, 0.855146
1.66626, 0.846541
0.941281, 1.46917
0.875265, 1.3675
0.00445611, 1.85014
0, 1.63559
0.0127636, 1.42186
0.00976562, 1.23566
0.00108629, 1.06229
0, 0.894152
0.00636219, 0.730808
0.0189443, 0.572233
0, 0.420729
0, 0.267597
0.0189813, 0.116046
0.0584857, 0
0.758164, 0
1.1239, 0
1.32953, 0
1.4931, 0
1.60196, 0
1.69904, 0
1.7684, 0
1.82908, 0
1.8716, 0
1.90079, 0
1.95515, 0
1.98237, 0
2.00609, 0
2.03099, 0
2.05406, 0
2.08964, 0
2.10504, 0
2.13002, 0
2.15082, 0
2.17373, 0
2.19484, 0
2.20971, 0
2.23534, 0
2.25541, 0
2.27951, 0
2.30542, 0
2.32857, 0
2.36288, 0
2.38183, 0
2.41445, 0
2.45017, 0
2.5186, 0
2.49404, 0.0102493
2.48712, 0.0509657
2.51288, 0.0660044
2.50533, 0.101239
2.51657, 0.124351
2.49842, 0.158492
2.50177, 0.1821
2.5204, 0.201866
2.50293, 0.22891
2.5009, 0.251805
2.49159, 0.274216
2.49632, 0.296206
2.50599, 0.319726
2.51618, 0.345172
2.48436, 0.361006
2.49884, 0.389516
2.505, 0.417917
2.50574, 0.446168
2.50036, 0.472897
2.51166, 0.513271
2.51706, 0.554695
2.51618, 0.596034
2.49626, 0.622216
2.50327, 0.683945
2.50424, 0.749944
2.49659, 0.816438
2.49475, 0.911735
2.49782, 1.05045
2.49774, 1.23767
2.50216, 1.54436
2.50434, 2.07522
2.27771, 1.1643
2.21431, 1.14034
2.15382, 1.14006
2.08639, 1.20484
1.79601, 2.49026
1.63975, 2.46753
1.46944, 2.48127
1.29736, 2.47488
1.11501, 2.47096
1.82396, 0.897894
1.78669, 0.863423
1.7294, 0.856376
1.67554, 0.839318
0.926896, 1.48932
0.872931, 1.37526
0, 1.86426
0, 1.65242
0.00567484, 1.43283
0.00324082, 1.24531
0, 1.07052
0, 0.901183
0, 0.739827
0.0171853, 0.578216
0.0223337, 0.424676
0.00926101, 0.273306
0.00100647, 0.120418
0, 0
0.741314, 0
1.10835, 0
1.34396, 0
1.4858, 0
1.6033, 0
1.6947, 0
1.77307, 0
1.82718, 0
1.85758, 0
1.89957, 0
1.93858, 0
1.97467, 0
2.00067, 0
2.03477, 0
2.05932, 0
2.08078, 0
2.10853, 0
2.13013, 0
2.15122, 0
2.17278, 0
2.19444, 0
2.20977, 0
2.23292, 0
2.25529, 0
2.27673, 0
2.3047, 0
2.32676, 0
2.34968, 0
2.38567, 0
2.43138, 0
2.45176, 0
2.49658, 0
2.51509, 0
2.49441, 0.0455219
2.49474, 0.0774619
2.51422, 0.0963714
2.49829, 0.132591
2.51748, 0.151361
2.49729, 0.183375
2.50522, 0.205153
2.49149, 0.230554
2.50177, 0.251702
2.51753, 0.274026
2.50748, 0.296887
2.50845, 0.320024
2.49693, 0.341156
2.50753, 0.367486
2.51476, 0.395181
2.4859, 0.409495
2.50686, 0.446717
2.49673, 0.470617
2.50741, 0.510165
2.51365, 0.551803
2.50032, 0.580785
2.49884, 0.624994
2.50824, 0.690173
2.50112, 0.745246
2.50347, 0.828133
2.50254, 0.927409
2.5067, 1.07198
2.50568, 1.26149
2.50442, 1.55269
2.50399, 2.07202
2.27793, 1.16544
2.21507, 1.15796
2.15277, 1.1752
2.08529, 1.21653
1.79862, 2.4769
1.6364, 2.48225
1.47856, 2.45397
1.30062, 2.46756
1.11555, 2.47053
1.81082, 0.920884
1.78508, 0.865951
1.73338, 0.851414
1.66402, 0.85227
0.927876, 1.48868
0.868066, 1.37963
0.0141188, 1.85213
0, 1.64645
0, 1.43887
0.0142225, 1.24076
0.00269017, 1.06844
0.00281592, 0.899763
0.00438254, 0.737435
0.00325506, 0.580451
0.000345317, 0.426477
0.0158013, 0.2736
0, 0.120494
0.0112971, 0
0.740623, 0
1.12379, 0
1.34924, 0
1.48787, 0
1.62377, 0
1.69609, 0
1.76185, 0
1.81622, 0
1.88224, 0
1.91005, 0
1.93634, 0
1.97922, 0
2.00547, 0
2.03518, 0
2.06659, 0
2.08167, 0
2.10559, 0
2.12793, 0
2.15082, 0
2.17245, 0
2.19453, 0
2.21158, 0
2.23475, 0
2.25841, 0
2.27951, 0
2.30199, 0
2.33296, 0
2.35152, 0
2.38351, 0
2.42938, 0
2.45955, 0
2.5026, 0
2.5015, 0.00374754
2.51454, 0.030604
2.50379, 0.0716651
2.50547, 0.101062
2.48415, 0.138972
2.49665, 0.159073
2.50817, 0.180148
2.50639, 0.204875
2.50297, 0.228848
2.50296, 0.251597
2.5061, 0.274084
2.50184, 0.296518
2.50149, 0.319081
2.50176, 0.342153
2.50235, 0.366029
2.51847, 0.39651
2.50402, 0.417457
2.50775, 0.447191
2.49685, 0.470697
2.49515, 0.501358
2.50305, 0.543
2.49137, 0.57223
2.51239, 0.639917
2.51062, 0.693201
2.50526, 0.751329
2.51215, 0.843026
2.50481, 0.931984
2.50642, 1.07123
2.50527, 1.26012
2.5063, 1.55987
2.5049, 2.07649
2.27962, 1.18078
2.21428, 1.13607
2.15378, 1.14518
2.08455, 1.22414
1.79915, 2.47471
1.63512, 2.48808
1.47778, 2.45688
1.29923, 2.47146
1.11498, 2.47211
1.81585, 0.912216
1.78151, 0.871316
1.73739, 0.846329
1.66427, 0.852051
0.926886, 1.48982
0.873002, 1.37566
0, 1.86626
0.00255143, 1.63862
0.00213419, 1.43531
0.015415, 1.24045
0.00156743, 1.06906
0.020261, 0.894975
0.00295309, 0.737941
0.0229572, 0.577898
0.00506799, 0.426353
0, 0.273786
0.00294854, 0.121055
0.00773103, 0
0.748048, 0
1.13304, 0
1.34912, 0
1.4954, 0
1.59695, 0
1.68777, 0
1.76447, 0
1.8137, 0
1.86261, 0
1.90755, 0
1.94413, 0
1.97513, 0
1.99515, 0
2.02354, 0
2.06191, 0
2.07886, 0
2.10605, 0
2.12943, 0
2.15187, 0
2.17267, 0
2.19433, 0
2.21022, 0
2.23117, 0
2.25604, 0
2.28128, 0
2.2936, 0
2.32612, 0
2.35988, 0
2.39218, 0
2.42456, 0
2.44727, 0
2.48879, 0
2.50875, 0
2.50142, 0.0398222
2.52103, 0.0602699
2.50282, 0.102101
2.51018, 0.126788
2.50742, 0.154718
2.48637, 0.186246
2.51686, 0.202252
2.49865, 0.229183
2.49906, 0.251601
2.50978, 0.273764
2.51409, 0.297003
2.49652, 0.318127
2.49334, 0.340128
2.49636, 0.364055
2.51386, 0.394541
2.51487, 0.421885
2.50845, 0.447213
2.50111, 0.472969
2.49682, 0.502172
2.49943, 0.539566
2.52058, 0.59968
2.49512, 0.620361
2.50497, 0.685382
2.51031, 0.757969
2.50512, 0.829975
2.50464, 0.93037
2.50352, 1.06242
2.50181, 1.24706
2.50664, 1.55706
2.50443, 2.06586
2.27982, 1.17631
2.21555, 1.1526
2.15412, 1.15495
2.08364, 1.24002
1.80205, 2.46814
1.64337, 2.46201
1.47725, 2.46435
1.31107, 2.44688
1.12429, 2.45727
1.81928, 0.907303
1.78021, 0.87419
1.74299, 0.839991
1.68211, 0.833022
0.933441, 1.48534
0.88904, 1.36388
0.0154937, 1.85399
0.0174417, 1.63166
0, 1.44036
0, 1.25141
0, 1.07488
0.00856735, 0.900164
0, 0.741776
0.0015595, 0.582633
0.000563811, 0.428386
0.00790959, 0.275505
0.00897421, 0.123206
0.0191827, 0
0.722082, 0
1.12419, 0
1.34834, 0
1.49718, 0
1.60047, 0
1.70195, 0
1.7774, 0
1.80492, 0
1.85758, 0
1.9078, 0
1.94716, 0
1.98083, 0
2.00568, 0
2.02805, 0
2.06162, 0
2.0806, 0
2.10535, 0
2.12817, 0
2.15066, 0
2.17217, 0
2.19426, 0
2.21207, 0
2.23218, 0
2.25506, 0
2.28112, 0
2.30123, 0
2.32992, 0
2.34918, 0
2.38467, 0
2.42802, 0
2.45202, 0
2.5019, 0
2.49823, 0.00529033
2.50684, 0.0351373
2.51471, 0.0636518
2.50334, 0.101241
2.50452, 0.128813
2.49411, 0.159171
2.49966, 0.181829
2.51467, 0.20223
2.50974, 0.227054
2.51157, 0.25015
2.49919, 0.273365
2.50134, 0.29572
2.51513, 0.320114
2.50191, 0.341391
2.50771, 0.36671
2.50695, 0.39153
2.50261, 0.415947
2.50925, 0.447022
2.49168, 0.466522
2.51051, 0.511284
2.50526, 0.543619
2.51402, 0.592514
2.49463, 0.618855
2.50725, 0.687093
2.50252, 0.745152
2.50342, 0.82536
2.50105, 0.920927
2.50605, 1.06565
2.5047, 1.25159
2.5087, 1.55828
2.50154, 2.03706
2.27978, 1.16531
2.21611, 1.13832
2.15596, 1.1313
2.08695, 1.21943
1.80691, 2.45628
1.6438, 2.47202
1.4859, 2.44671
1.31052, 2.45607
1.12767, 2.45716
1.81737, 0.912432
1.77667, 0.881048
1.73651, 0.849734
1.67976, 0.836993
0.932094, 1.4896
0.893009, 1.36322
0, 1.87033
0.0213572, 1.63288
0.0220652, 1.43024
0, 1.2528
0.0192775, 1.0675
0, 0.907683
0.0117113, 0.740595
0.00214256, 0.585225
0, 0.431451
0, 0.278132
0.0230203, 0.126794
0.00768741, 0
0.71003, 0
1.10076, 0
1.3381, 0
1.4933, 0
1.61005, 0
1.70361, 0
1.7487, 0
1.80857, 0
1.87095, 0
1.8939, 0
1.94395, 0
1.9746, 0
1.99909, 0
2.03252, 0
2.06231, 0
2.08162, 0
2.10533, 0
2.12858, 0
2.14945, 0
2.17192, 0
2.1936, 0
2.20986, 0
2.23271, 0
2.25104, 0
2.27922, 0
2.2987, 0
2.32704, 0
2.3533, 0
2.38074, 0
2.42624, 0
2.4509, 0
2.51169, 0
2.49898, 0.00465606
2.4969, 0.0425076
2.47873, 0.0866044
2.49786, 0.104219
2.4982, 0.131688
2.49979, 0.157037
2.50858, 0.179174
2.50271, 0.204865
2.51128, 0.226807
2.50034, 0.25101
2.5203, 0.273172
2.5293, 0.297427
2.48869, 0.316584
2.50993, 0.343006
2.4962, 0.363472
2.50731, 0.391626
2.48324, 0.407457
2.51527, 0.450129
2.48676, 0.463458
2.50814, 0.509544
2.50533, 0.54363
2.50367, 0.582598
2.50068, 0.625433
2.50073, 0.678789
2.50564, 0.749649
2.50059, 0.820437
2.4998, 0.918313
2.50096, 1.05313
2.50763, 1.2603
2.50388, 1.53917
2.50585, 2.0605
2.28073, 1.1735
2.21591, 1.13228
2.15532, 1.15364
2.08739, 1.21548
1.80414, 2.47268
1.64651, 2.46119
1.48111, 2.46184
1.30641, 2.4665
1.1161, 2.48122
1.81217, 0.921571
1.78202, 0.873106
1.74008, 0.845179
1.67189, 0.845818
0.926223, 1.49534
0.876431, 1.37724
0, 1.87129
0.0210003, 1.63314
0, 1.44672
0, 1.25576
0, 1.07583
0.00586731, 0.903807
0, 0.744091
0, 0.58653
0.00295414, 0.430865
0, 0.278145
0, 0.124527
0.0115292, 0
0.733905, 0
1.11614, 0
1.32642, 0
1.48155, 0
1.60784, 0
1.70579, 0
1.75688, 0
1.80985, 0
1.85181, 0
1.90328, 0
1.93412, 0
1.97311, 0
2.00301, 0
2.02855, 0
2.04716, 0
2.08161, 0
2.10109, 0
2.13062, 0
2.15043, 0
2.1721, 0
2.19362, 0
2.20953, 0
2.23383, 0
2.25502, 0
2.28313, 0
2.30156, 0
2.32694, 0
2.34829, 0
2.39241, 0
2.41966, 0
2.45271, 0
2.50682, 0
2.51287, 0
2.50608, 0.0356372
2.51573, 0.0629379
2.51792, 0.0932518
2.49261, 0.134187
2.51753, 0.150348
2.50428, 0.180398
2.49729, 0.206017
2.49729, 0.228846
2.51944, 0.249466
2.52056, 0.273122
2.50243, 0.295716
2.5145, 0.319958
2.499, 0.340724
2.5023, 0.365124
2.50662, 0.391333
2.50689, 0.417733
2.51606, 0.450491
2.50696, 0.475835
2.50449, 0.506877
2.49379, 0.534026
2.50694, 0.585659
2.49437, 0.618458
2.49648, 0.673354
2.4954, 0.734588
2.51586, 0.846463
2.50714, 0.933051
2.50449, 1.06161
2.49811, 1.23137
2.49936, 1.52121
2.50656, 2.06397
2.28115, 1.17697
2.21606, 1.13512
2.15583, 1.13784
2.0867, 1.22266
1.80479, 2.46944
1.64557, 2.46538
1.47775, 2.4726
1.30613, 2.46743
1.1204, 2.47253
1.81989, 0.908104
1.78187, 0.873335
1.74516, 0.838648
1.66753, 0.85069
0.914882, 1.50642
0.870903, 1.38196
0.001506, 1.86841
0, 1.64705
0.00179428, 1.4412
0, 1.25651
0.00048817, 1.07448
0.00380832, 0.904471
0, 0.743313
0.0146552, 0.583532
0.000885465, 0.431076
0.00493183, 0.278194
0, 0.124982
0.0076081, 0
0.727716, 0
1.09156, 0
1.3369, 0
1.49448, 0
1.60852, 0
1.69711, 0
1.76728, 0
1.79655, 0
1.86986, 0
1.90251, 0
1.94358, 0
1.9802, 0
2.00725, 0
2.02647, 0
2.05829, 0
2.08327, 0
2.10306, 0
2.12851, 0
2.1498, 0
2.17105, 0
2.19349, 0
2.21019, 0
2.23434, 0
2.25422, 0
2.27958, 0
2.30226, 0
2.32627, 0
2.34944, 0
2.3912, 0
2.42739, 0
2.45054, 0
2.49392, 0
2.51218, 0
2.49816, 0.0414017
2.49272, 0.0775274
2.50978, 0.0975881
2.50963, 0.126333
2.50674, 0.154302
2.48902, 0.18484
2.50234, 0.204821
2.49312, 0.229395
2.51591, 0.249669
2.50694, 0.273163
2.50047, 0.295527
2.49844, 0.317762
2.50349, 0.341575
2.50984, 0.367159
2.48819, 0.384717
2.50068, 0.414958
2.50112, 0.442618
2.50359, 0.473694
2.5091, 0.510111
2.50818, 0.545864
2.50094, 0.579856
2.50424, 0.629198
2.50153, 0.679647
2.4966, 0.736236
2.5072, 0.831532
2.50505, 0.928678
2.50359, 1.0592
2.50173, 1.242
2.5018, 1.53028
2.50237, 2.03991
2.27972, 1.16326
2.21663, 1.14766
2.1559, 1.13776
2.08567, 1.2336
1.80682, 2.45887
1.64356, 2.47446
1.47756, 2.47389
1.30789, 2.46361
1.11787, 2.47827
1.81767, 0.912059
1.78443, 0.869581
1.74939, 0.833247
1.66646, 0.851946
0.917547, 1.50404
0.896688, 1.36039
0, 1.8713
0.0167098, 1.63621
0, 1.44599
0.000131809, 1.25282
0.0051132, 1.073
0.0095178, 0.903032
0.0140805, 0.740376
0.0261781, 0.582092
0.017939, 0.430058
0.0171517, 0.278376
0, 0.125327
0, 0
0.741661, 0
1.11895, 0
1.33394, 0
1.4976, 0
1.61068, 0
1.69758, 0
1.75164, 0
1.82378, 0
1.86739, 0
1.90447, 0
1.93831, 0
1.97732, 0
2.01046, 0
2.03633, 0
2.05975, 0
2.0776, 0
2.11136, 0
2.12802, 0
2.15007, 0
2.17221, 0
2.19337, 0
2.20932, 0
2.23129, 0
2.25802, 0
2.27987, 0
2.30258, 0
2.33117, 0
2.35176, 0
2.37671, 0
2.42718, 0
2.44384, 0
2.48102, 0
2.48729, 0.0144901
2.5007, 0.0395301
2.51906, 0.0607216
2.50227, 0.101679
2.51853, 0.122277
2.4825, 0.16338
2.50484, 0.180158
2.51985, 0.200945
2.47777, 0.231693
2.50838, 0.250266
2.51326, 0.273117
2.49839, 0.295405
2.49963, 0.317926
2.48836, 0.338488
2.50098, 0.364698
2.51614, 0.394658
2.49564, 0.412766
2.52083, 0.452924
2.49769, 0.470072
2.50947, 0.510379
2.50311, 0.541676
2.49631, 0.575451
2.50401, 0.628956
2.51087, 0.691461
2.50695, 0.751402
2.50293, 0.824245
2.50466, 0.927913
2.50992, 1.07465
2.50623, 1.25563
2.50144, 1.52895
2.50411, 2.0496
2.28084, 1.17362
2.21596, 1.13118
2.15517, 1.16144
2.08662, 1.22407
1.80467, 2.47117
1.64896, 2.45228
1.47517, 2.48122
1.30406, 2.47308
1.12658, 2.46017
1.82123, 0.905836
1.78513, 0.868523
1.74667, 0.836736
1.68233, 0.834206
0.9225, 1.49919
0.88476, 1.37042
0, 1.87032
0, 1.64675
0.000293868, 1.44221
0.00148859, 1.25217
0, 1.07699
0.00915778, 0.9031
0.00593454, 0.742086
0.00586055, 0.584944
0, 0.431655
0.0192512, 0.27834
0.0103389, 0.126159
0, 0
0.737859, 0
1.08778, 0
1.3321, 0
1.50607, 0
1.60937, 0
1.67537, 0
1.77908, 0
1.81406, 0
1.86675, 0
1.91515, 0
1.94351, 0
1.97707, 0
1.99923, 0
2.02589, 0
2.06032, 0
2.0821, 0
2.1077, 0
2.12697, 0
2.14973, 0
2.17199, 0
2.19325, 0
2.21013, 0
2.23339, 0
2.25607, 0
2.28272, 0
2.3073, 0
2.32705, 0
2.34769, 0
2.39411, 0
2.42671, 0
2.45864, 0
2.50473, 0
2.5106, 0
2.51748, 0.0270173
2.50872, 0.0672619
2.50222, 0.101651
2.50941, 0.126385
2.49537, 0.158514
2.50206, 0.180931
2.49875, 0.205575
2.51815, 0.22561
2.52223, 0.249126
2.48815, 0.273275
2.50693, 0.295878
2.50319, 0.318342
2.50818, 0.34248
2.49235, 0.362236
2.4999, 0.388819
2.49958, 0.414416
2.51138, 0.447911
2.4978, 0.470057
2.49812, 0.50216
2.51005, 0.547313
2.50563, 0.58422
2.5054, 0.630336
2.50779, 0.687406
2.49988, 0.740859
2.5009, 0.820546
2.50624, 0.930787
2.5077, 1.06882
2.50435, 1.24939
2.50317, 1.53482
2.50108, 2.03123
2.27979, 1.16258
2.21642, 1.13868
2.15571, 1.14903
2.08757, 1.21625
1.80595, 2.46592
1.64567, 2.46728
1.47542, 2.48171
1.30934, 2.46094
1.11443, 2.48626
1.81956, 0.909009
1.77607, 0.882284
1.72759, 0.861544
1.68227, 0.834466
0.933436, 1.48898
0.888762, 1.36742
0.0121457, 1.86144
0.00367526, 1.64485
0.0127886, 1.43599
0.0107578, 1.24845
0.00144627, 1.07471
0, 0.907338
0.00123745, 0.743463
0, 0.588317
0.0129431, 0.430732
0.0112831, 0.278698
0.0082701, 0.126366
0.00989236, 0
0.72321, 0
1.10889, 0
1.32725, 0
1.49305, 0
1.60144, 0
1.68924, 0
1.75525, 0
1.80056, 0
1.86343, 0
1.90168, 0
1.93851, 0
1.96737, 0
1.99583, 0
2.03915, 0
2.06151, 0
2.08294, 0
2.10157, 0
2.1333, 0
2.1503, 0
2.17256, 0
2.19368, 0
2.21002, 0
2.23138, 0
2.25229, 0
2.27427, 0
2.30012, 0
2.33172, 0
2.35072, 0
2.37345, 0
2.42, 0
2.43605, 0
2.50534, 0
2.49716, 0.00586574
2.51381, 0.0296366
2.4978, 0.074144
2.50961, 0.0975444
2.50812, 0.126893
2.51433, 0.151332
2.5123, 0.17782
2.52075, 0.200618
2.49234, 0.229402
2.50871, 0.25012
2.50757, 0.273044
2.5035, 0.2956
2.51007, 0.319184
2.51744, 0.344301
2.50045, 0.364421
2.49615, 0.387418
2.51561, 0.421333
2.49303, 0.43825
2.50381, 0.473673
2.51842, 0.516605
2.49656, 0.53606
2.51395, 0.592036
2.51737, 0.643335
2.50459, 0.683228
2.50681, 0.750836
2.50714, 0.831
2.50074, 0.919434
2.50537, 1.0628
2.50262, 1.24366
2.50081, 1.52476
2.50393, 2.04533
2.27863, 1.15079
2.21596, 1.12396
2.15544, 1.16215
2.08803, 1.21312
1.80643, 2.46516
1.63905, 2.49585
1.48068, 2.46647
1.31006, 2.46012
1.12405, 2.46719
1.81609, 0.915287
1.78132, 0.874623
1.73449, 0.852815
1.67751, 0.839942
0.917295, 1.50503
0.881532, 1.37385
0.00909583, 1.86418
0.00899461, 1.64197
0, 1.44622
0.0159507, 1.24651
0.019203, 1.06858
0.00599468, 0.904754
0.0135727, 0.741161
0.013865, 0.5845
0, 0.432634
0.00273886, 0.27904
0.0217798, 0.127624
0.00796804, 0
0.732402, 0
1.08828, 0
1.31924, 0
1.48776, 0
1.59609, 0
1.68226, 0
1.7514, 0
1.82388, 0
1.87515, 0
1.90019, 0
1.94662, 0
1.9848, 0
2.00153, 0
2.02784, 0
2.05879, 0
2.08205, 0
2.10893, 0
2.12638, 0
2.15151, 0
2.17143, 0
2.19343, 0
2.20999, 0
2.23288, 0
2.25412, 0
2.28124, 0
2.30404, 0
2.32672, 0
2.34854, 0
2.38417, 0
2.41636, 0
2.46405, 0
2.50329, 0
2.50127, 0.00219644
2.51332, 0.0298654
2.5007, 0.072165
2.50244, 0.101331
2.50634, 0.127594
2.48315, 0.162913
2.50319, 0.18042
2.4901, 0.207327
2.51645, 0.225692
2.50294, 0.250476
2.49177, 0.273084
2.49569, 0.295024
2.51258, 0.319414
2.50958, 0.342595
2.49525, 0.362873
2.50182, 0.389324
2.50431, 0.416294
2.49578, 0.439569
2.4979, 0.469914
2.49918, 0.502697
2.50738, 0.544855
2.50924, 0.587391
2.50835, 0.63326
2.51198, 0.692339
2.50356, 0.745833
2.49815, 0.815347
2.50559, 0.928835
2.50804, 1.06878
2.50403, 1.24716
2.50242, 1.52988
2.50539, 2.05114
2.27963, 1.15809
2.21733, 1.15352
2.15573, 1.15887
2.08819, 1.21356
1.80663, 2.46678
1.64357, 2.47936
1.48455, 2.45596
1.30549, 2.47291
1.13385, 2.44807
1.81624, 0.915316
1.77846, 0.879152
1.73066, 0.857979
1.67984, 0.83756
0.910233, 1.51239
0.863638, 1.38941
0.0148312, 1.86067
0.00934227, 1.64237
0, 1.44965
9.28862e-05, 1.25415
0, 1.07612
0.000303243, 0.906873
0.00493867, 0.743469
0.0135892, 0.58498
0.0251336, 0.430621
0.0164649, 0.27945
0, 0.125558
0.00396375, 0
0.725863, 0
1.10197, 0
1.33521, 0
1.48131, 0
1.60579, 0
1.69539, 0
1.74674, 0
1.81411, 0
1.87089, 0
1.8874, 0
1.94673, 0
1.9712, 0
2.01614, 0
2.03564, 0
2.05794, 0
2.08536, 0
2.10617, 0
2.12795, 0
2.14977, 0
2.17179, 0
2.1934, 0
2.21078, 0
2.23484, 0
2.25496, 0
2.28178, 0
2.29366, 0
2.33039, 0
2.34642, 0
2.38756, 0
2.41855, 0
2.44537, 0
2.50384, 0
2.49459, 0.00790359
2.50567, 0.0355263
2.52509, 0.0565626
2.49486, 0.105435
2.51583, 0.123239
2.5063, 0.154217
2.48846, 0.18478
2.49317, 0.206629
2.50198, 0.227845
2.50069, 0.250639
2.49544, 0.273038
2.52516, 0.296813
2.50538, 0.318451
2.50173, 0.340981
2.52085, 0.369973
2.48935, 0.384885
2.51211, 0.419676
2.49289, 0.438049
2.50737, 0.475719
2.50697, 0.508259
2.50195, 0.540356
2.49785, 0.576531
2.51013, 0.635201
2.51001, 0.689839
2.50257, 0.744373
2.50431, 0.825853
2.50115, 0.91986
2.50688, 1.06592
2.50675, 1.25534
2.49993, 1.52009
2.50044, 2.02385
2.27933, 1.15536
2.21644, 1.13116
2.15538, 1.17111
2.08607, 1.23486
1.80701, 2.46471
1.64825, 2.46031
1.48165, 2.46509
1.31392, 2.45183
1.12273, 2.47117
1.81839, 0.911561
1.78528, 0.868961
1.74304, 0.842019
1.68732, 0.829191
0.925785, 1.49729
0.88161, 1.37425
0.00959712, 1.86453
0.000487334, 1.64797
0.00381634, 1.44181
0, 1.25584
0.00531189, 1.07419
0, 0.910031
0.0124958, 0.74187
0.00639832, 0.586029
0.0013197, 0.432353
0.017455, 0.279472
0.00632439, 0.127023
0.0220053, 0
0.727792, 0
1.10336, 0
1.33248, 0
1.47603, 0
1.59781, 0
1.70163, 0
1.76331, 0
1.80767, 0
1.85215, 0
1.89593, 0
1.94113, 0
1.97639, 0
2.0125, 0
2.03255, 0
2.05581, 0
2.0766, 0
2.10572, 0
2.12873, 0
2.15017, 0
2.17156, 0
2.1931, 0
2.21107, 0
2.23258, 0
2.25193, 0
2.27381, 0
2.31163, 0
2.32574, 0
2.3621, 0
2.378, 0
2.41197, 0
2.44966, 0
2.4967, 0
2.49893, 0.00406408
2.50563, 0.0354446
2.50488, 0.0693744
2.51102, 0.096544
2.5098, 0.125908
2.50057, 0.156286
2.50837, 0.178785
2.5048, 0.203966
2.5098, 0.226596
2.50755, 0.250023
2.49912, 0.272932
2.50547, 0.295534
2.50136, 0.317847
2.4987, 0.340289
2.50337, 0.365038
2.48601, 0.383625
2.50205, 0.41521
2.50505, 0.444306
2.5149, 0.48025
2.49952, 0.50283
2.50514, 0.542876
2.52055, 0.598006
2.49916, 0.62304
2.50195, 0.679499
2.51202, 0.757969
2.51202, 0.838746
2.50408, 0.925457
2.51023, 1.07364
2.50045, 1.23572
2.50948, 1.55645
2.5065, 2.05521
2.27939, 1.15434
2.21754, 1.15436
2.15612, 1.15157
2.0871, 1.22623
1.80652, 2.47003
1.64367, 2.48083
1.48123, 2.4678
1.30322, 2.47985
1.12831, 2.46063
1.81777, 0.912904
1.78848, 0.864395
1.74284, 0.842479
1.67787, 0.839958
0.922943, 1.5005
0.897558, 1.36118
0, 1.87471
0.00484565, 1.64578
0.00187315, 1.44336
0, 1.25807
0.000941478, 1.07624
0.00577108, 0.905742
0, 0.745657
0.00630602, 0.586443
0.0143436, 0.431812
0, 0.279909
0, 0.126182
0.00825506, 0
0.723546, 0
1.07526, 0
1.31766, 0
1.48432, 0
1.59592, 0
1.68055, 0
1.76184, 0
1.80619, 0
1.85673, 0
1.91073, 0
1.93461, 0
1.97228, 0
2.00502, 0
2.02229, 0
2.05494, 0
2.08099, 0
2.10709, 0
2.12799, 0
2.14897, 0
2.1721, 0
2.19336, 0
2.21061, 0
2.23329, 0
2.25626, 0
2.27681, 0
2.30235, 0
2.33248, 0
2.3521, 0
2.39281, 0
2.42417, 0
2.4509, 0
2.49019, 0
2.5058, 0
2.51358, 0.0295289
2.50494, 0.0693271
2.50044, 0.102299
2.51216, 0.124817
2.50025, 0.156395
2.51855, 0.175748
2.51, 0.2028
2.53233, 0.223204
2.51757, 0.249218
2.49994, 0.272913
2.51387, 0.296034
2.50748, 0.318639
2.51664, 0.343927
2.49377, 0.362357
2.50953, 0.391948
2.5093, 0.418351
2.49906, 0.441157
2.49329, 0.466955
2.50532, 0.506953
2.50249, 0.540657
2.50135, 0.579708
2.51265, 0.637774
2.49865, 0.675291
2.50846, 0.752717
2.49929, 0.816974
2.50853, 0.934345
2.50507, 1.061
2.50404, 1.24639
2.50466, 1.53738
2.50165, 2.02823
2.27939, 1.15399
2.21671, 1.13288
2.15562, 1.16995
2.08895, 1.20815
1.80621, 2.47233
1.64887, 2.45989
1.4799, 2.47224
1.30602, 2.47306
1.11947, 2.47916
1.81559, 0.916772
1.79766, 0.850719
1.73971, 0.846564
1.67547, 0.842694
0.919337, 1.5041
0.885915, 1.37109
0.0021866, 1.87068
0.00160428, 1.64793
0, 1.44478
0.0138796, 1.24856
0, 1.07715
0.00850499, 0.905029
0.00527673, 0.743907
0.0171499, 0.584967
0, 0.432978
0, 0.279966
0, 0.126979
0, 0
0.705035, 0
1.12712, 0
1.33267, 0
1.48251, 0
1.61133, 0
1.68752, 0
1.75533, 0
1.82038, 0
1.87367, 0
1.89807, 0
1.93237, 0
1.97573, 0
2.00636, 0
2.03344, 0
2.05523, 0
2.07922, 0
2.1048, 0
2.12746, 0
2.15108, 0
2.17186, 0
2.19332, 0
2.20996, 0
2.23049, 0
2.25411, 0
2.27409, 0
2.29995, 0
2.33253, 0
2.36411, 0
2.38476, 0
2.4131, 0
2.45472, 0
2.50848, 0
2.51056, 0
2.51957, 0.0250233
2.49796, 0.0737428
2.52208, 0.0904616
2.50198, 0.12943
2.49876, 0.156917
2.50327, 0.180254
2.51579, 0.201473
2.51253, 0.226139
2.49777, 0.250752
2.49888, 0.272889
2.50171, 0.295258
2.5118, 0.319172
2.50652, 0.341831
2.50795, 0.366257
2.50743, 0.391165
2.50651, 0.417094
2.50748, 0.445505
2.5129, 0.478947
2.49914, 0.502485
2.50472, 0.542448
2.49937, 0.57776
2.50722, 0.631753
2.50351, 0.681343
2.48961, 0.725085
2.50732, 0.830534
2.50016, 0.917299
2.50258, 1.05473
2.50185, 1.23948
2.50587, 1.54157
2.50362, 2.03806
2.28257, 1.18184
2.21773, 1.15598
2.15604, 1.15865
2.08702, 1.22852
1.81031, 2.44969
1.64724, 2.46753
1.48247, 2.46497
1.30813, 2.4684
1.13211, 2.45351
1.81549, 0.917095
1.79388, 0.856495
1.74738, 0.836783
1.66806, 0.851099
0.921793, 1.50195
0.889701, 1.36812
0.00691942, 1.86755
0, 1.6529
0.0157381, 1.43631
0.00738047, 1.25174
0.00248875, 1.07601
0, 0.908637
0.00863564, 0.743415
0.0176749, 0.585115
0.00306655, 0.432916
0.00508012, 0.280176
0.00645169, 0.127716
0.00194548, 0
0.718186, 0
1.11713, 0
1.32996, 0
1.4814, 0
1.597, 0
1.68755, 0
1.7596, 0
1.81998, 0
1.85907, 0
1.8987, 0
1.9436, 0
1.97971, 0
2.00623, 0
2.03143, 0
2.0584, 0
2.08109, 0
2.10304, 0
2.13037, 0
2.15044, 0
2.1715, 0
2.19292, 0
2.20972, 0
2.2322, 0
2.25758, 0
2.27638, 0
2.30509, 0
2.32949, 0
2.35611, 0
2.38134, 0
2.42069, 0
2.46111, 0
2.48898, 0
2.51031, 0
2.49752, 0.0413917
2.51317, 0.0640011
2.50297, 0.100856
2.50314, 0.128885
2.49273, 0.159164
2.4926, 0.183409
2.50659, 0.203505
2.51502, 0.225749
2.50817, 0.249911
2.48309, 0.273018
2.49236, 0.294673
2.52565, 0.320977
2.50213, 0.340922
2.5207, 0.369777
2.51033, 0.392175
2.51546, 0.420973
2.49718, 0.440117
2.49616, 0.468652
2.48613, 0.493164
2.50085, 0.539226
2.51495, 0.592561
2.51585, 0.641177
2.50991, 0.689387
2.49757, 0.736681
2.51147, 0.837583
2.49354, 0.903901
2.50154, 1.05213
2.50581, 1.25131
2.50214, 1.52685
2.50455, 2.04289
2.28164, 1.17329
2.21698, 1.13683
2.15641, 1.14683
2.08932, 1.20563
1.80717, 2.46833
1.64869, 2.4618
1.4816, 2.46786
1.30651, 2.47261
1.12371, 2.47105
1.81062, 0.925642
1.78689, 0.866972
1.74761, 0.836504
1.66825, 0.850911
0.917132, 1.50653
0.875462, 1.38019
0.0142504, 1.86225
0, 1.65313
0.00733034, 1.44087
0, 1.25643
0, 1.07769
0, 0.910188
0.00158402, 0.744971
0.00192758, 0.587404
0.000369646, 0.433147
0, 0.280238
0.021902, 0.128804
0.00948574, 0
0.715175, 0
1.10359, 0
1.31577, 0
1.48908, 0
1.6051, 0
1.68518, 0
1.75932, 0
1.81724, 0
1.85893, 0
1.89537, 0
1.93693, 0
1.96785, 0
2.00319, 0
2.03273, 0
2.06051, 0
2.08137, 0
2.10707, 0
2.12783, 0
2.14973, 0
2.17174, 0
2.19381, 0
