0.299995, 2.48161
0.146284, 2.49432
0.0486485, 2.08548
0.0486025, 1.48112
0.0515603, 1.1655
0.0486873, 0.98994
0.0510152, 0.858965
0.0607394, 0.749948
0.048732, 0.702147
0.0499157, 0.644348
0.0456816, 0.603278
0.0451892, 0.564113
0.0505783, 0.524891
0.0484198, 0.49689
0.0631333, 0.460173
0.04969, 0.444892
0.0532789, 0.420729
0.0694544, 0.393593
0.071174, 0.374797
0.0687075, 0.358097
0.0433181, 0.345589
0.0548186, 0.326113
0.0511995, 0.308987
0.0535599, 0.291662
0.0369018, 0.272502
0.0551691, 0.256996
0.0405477, 0.235341
0.0481016, 0.218126
0.0507385, 0.199168
0.0601517, 0.182816
0.0389805, 0.148805
0.0352153, 0.120665
0.0480673, 0.102265
0.0548769, 0.0781192
0.0847875, 0.0758852
0.122252, 0.0869266
0.138945, 0.0768057
0.165255, 0.0826818
0.189277, 0.0898579
0.211421, 0.0988476
0.220701, 0.0789064
0.239886, 0.0862457
0.253359, 0.0742938
0.270958, 0.0837405
0.285537, 0.0712188
0.301664, 0.068876
0.31658, 0.0866428
0.33366, 0.0740082
0.351258, 0.0687642
0.364405, 0.082999
0.377738, 0.0927611
0.392795, 0.0972212
0.416826, 0.0857708
0.452933, 0.0609577
0.471524, 0.0693031
0.490409, 0.0782411
0.504821, 0.0928187
0.551333, 0.0789628
0.583907, 0.0835462
0.645556, 0.0727789
0.678235, 0.0875829
0.765908, 0.0795009
0.85452, 0.0834654
0.998853, 0.0818158
1.23405, 0.0783579
1.62549, 0.0815529
2.44749, 0.0982234
2.46074, 0.248757
2.44388, 0.399257
2.44919, 0.550929
2.45392, 0.705736
2.44531, 0.861856
2.4443, 1.02514
2.43613, 1.1932
1.61018, 0.959384
1.56717, 1.05306
2.45675, 1.79415
2.44589, 2.02045
2.43746, 2.2743
2.36973, 2.49903
2.07605, 2.47331
1.83982, 2.479
1.62651, 2.48694
0.886723, 1.44066
0.769837, 1.39555
0.700054, 1.44832
0.808151, 2.16935
0.685903, 2.2488
0.578584, 2.50691
0.42153, 2.48226
0.313884, 2.46875
0.162207, 2.48451
0.0498826, 2.18062
0.0490117, 1.53463
0.0521657, 1.20178
0.0450976, 1.03096
0.0503276, 0.887269
0.0509771, 0.792524
0.0492288, 0.724062
0.0560555, 0.657406
0.0563414, 0.611335
0.0463397, 0.583223
0.0492722, 0.54589
0.0383818, 0.524311
0.0587952, 0.482238
0.0560016, 0.460252
0.0491193, 0.441629
0.0603247, 0.41593
0.0489817, 0.400604
0.0387793, 0.384125
0.0475851, 0.3634
0.0407203, 0.346106
0.0520466, 0.327428
0.0436956, 0.309801
0.0513295, 0.292558
0.0433779, 0.273435
0.0489906, 0.256061
0.0472353, 0.236499
0.0346095, 0.211414
0.0460014, 0.194713
0.0576494, 0.178637
0.0577615, 0.155156
0.0484839, 0.122054
0.0618267, 0.104071
0.0692749, 0.0795757
0.101955, 0.0823975
0.135955, 0.0925446
0.1545, 0.0854265
0.170551, 0.0747523
0.195027, 0.0823436
0.216188, 0.0877359
0.236196, 0.0953469
0.251417, 0.089052
0.267391, 0.0851108
0.283094, 0.0738586
0.300193, 0.0927649
0.317828, 0.0667046
0.333151, 0.0841364
0.347814, 0.0945535
0.368883, 0.0791467
0.386376, 0.0819209
0.404105, 0.0853322
0.423978, 0.085955
0.448443, 0.081577
0.472479, 0.0817535
0.48813, 0.0949174
0.541239, 0.0694888
0.572991, 0.0735572
0.594819, 0.0890426
0.64722, 0.0853386
0.717433, 0.0787729
0.797872, 0.0772293
0.895161, 0.0799521
1.01825, 0.0875105
1.26071, 0.0823212
1.67062, 0.0818639
2.44934, 0.100937
2.44992, 0.252025
2.44232, 0.402223
2.44869, 0.553714
2.44614, 0.706836
2.46248, 0.868343
2.45299, 1.02951
2.44982, 1.19955
1.58165, 0.95159
1.58031, 1.06659
2.45575, 1.78985
2.44607, 2.01485
2.45421, 2.28104
2.37795, 2.4963
2.10488, 2.49661
1.84615, 2.47515
1.63191, 2.4811
0.884713, 1.43581
0.777324, 1.41031
0.710857, 1.4721
0.814965, 2.1641
0.689942, 2.22148
0.587757, 2.48381
0.433841, 2.46981
0.365458, 2.49081
0.215117, 2.47295
0.0644233, 2.47343
0.0429866, 1.74924
0.0471076, 1.32584
0.0471086, 1.09789
0.0501056, 0.942295
0.0439629, 0.850895
0.0508396, 0.759171
0.0492803, 0.700267
0.0456028, 0.654797
0.0467969, 0.61091
0.0489744, 0.572504
0.0549555, 0.536046
0.0470635, 0.51431
0.0512258, 0.486184
0.0649148, 0.455966
0.0435004, 0.44505
0.0251334, 0.430787
0.0614329, 0.399487
0.0588433, 0.382321
0.047197, 0.36648
0.0445861, 0.348756
0.0607649, 0.330978
0.0605209, 0.314158
0.0601352, 0.297096
0.0549671, 0.278558
0.055875, 0.2605
0.0464908, 0.237953
0.0623986, 0.224384
0.0449338, 0.194068
0.0477581, 0.171757
0.0433188, 0.142383
0.0486127, 0.117465
0.054921, 0.0911546
0.0803114, 0.0835267
0.104325, 0.0766475
0.133657, 0.080153
0.15489, 0.0747115
0.181671, 0.0828188
0.198049, 0.0715498
0.219102, 0.0731154
0.23898, 0.0744432
0.260892, 0.0931987
0.275997, 0.0722004
0.294399, 0.075891
0.311836, 0.0878609
0.330575, 0.0753942
0.351333, 0.0632152
0.367092, 0.0787745
0.383573, 0.0873965
0.40552, 0.0819318
0.431568, 0.0725322
0.449583, 0.0821331
0.47765, 0.0774869
0.510576, 0.0712169
0.543649, 0.0700392
0.559104, 0.0898872
0.606861, 0.0829695
0.668026, 0.0736773
0.704519, 0.0883618
0.789891, 0.0816667
0.897587, 0.0774367
1.01464, 0.0848589
1.21329, 0.0858585
1.55461, 0.0860611
2.23272, 0.0913359
2.44835, 0.215946
2.43977, 0.366233
2.45376, 0.517578
2.45655, 0.670971
2.4572, 0.827677
2.4407, 0.984373
2.45271, 1.15645
1.60581, 0.94022
1.58127, 1.04168
2.43887, 1.71983
2.44564, 1.94797
2.42573, 2.17936
2.42374, 2.4557
2.17543, 2.49002
1.92157, 2.48514
1.7004, 2.49039
1.48141, 2.4661
0.799613, 1.40549
0.716541, 1.41984
0.669973, 1.54618
0.721073, 2.16471
0.639986, 2.49525
0.485962, 2.49026
0.476552, 2.48109
0.327197, 2.47757
0.177939, 2.48527
0.0341375, 2.43261
0.039402, 1.66025
0.0402161, 1.3049
0.0483487, 1.07343
0.0421714, 0.953056
0.0502645, 0.837983
0.0573016, 0.753086
0.0449214, 0.713911
0.0524574, 0.655943
0.044998, 0.623919
0.0558606, 0.5785
0.0594766, 0.545789
0.0612677, 0.518279
0.0443532, 0.504587
0.0488945, 0.478986
0.0180032, 0.470438
0.0475864, 0.437895
0.0603445, 0.415256
0.0549942, 0.398541
0.0421295, 0.382371
0.0396336, 0.364217
0.0588688, 0.346399
0.0522384, 0.328715
0.0572455, 0.311808
0.037816, 0.289323
0.0414731, 0.270598
0.0622747, 0.258322
0.0514617, 0.233219
0.0687241, 0.220741
0.0513702, 0.186761
0.0491517, 0.158567
0.0560683, 0.134939
0.0614803, 0.107672
0.054118, 0.061993
0.100465, 0.0799205
0.13126, 0.0842534
0.154971, 0.0813883
0.178216, 0.0804583
0.203857, 0.0895071
0.222224, 0.0823748
0.24347, 0.0873258
0.264177, 0.0976528
0.281318, 0.0851581
0.300039, 0.0761085
0.318757, 0.0863878
0.340664, 0.0637856
0.360604, 0.0680591
0.376832, 0.0854291
0.401286, 0.0748081
0.420504, 0.0824126
0.438016, 0.0934925
0.471925, 0.0776768
0.508558, 0.0655684
0.53725, 0.0698132
0.551904, 0.0917418
0.606232, 0.0766542
0.647489, 0.0808032
0.701806, 0.0811385
0.773798, 0.0784454
0.838566, 0.0892047
0.964452, 0.0831701
1.13201, 0.080988
1.3498, 0.0892381
1.77207, 0.0907647
2.47503, 0.12075
2.44243, 0.274869
2.4372, 0.424566
2.45977, 0.577124
2.43527, 0.726858
2.46101, 0.889319
2.45353, 1.05044
1.70153, 0.917635
1.57263, 0.972245
1.59381, 1.09861
2.43184, 1.78964
2.42689, 2.01378
2.42187, 2.2631
2.36858, 2.49524
2.09676, 2.49496
1.85626, 2.49622
1.61958, 2.46655
0.877924, 1.43985
0.762775, 1.39245
0.696387, 1.44266
0.819126, 2.16882
0.690056, 2.1966
0.598408, 2.49486
0.61903, 2.49407
0.467746, 2.48211
0.319828, 2.47798
0.172378, 2.47815
0.0421179, 2.33925
0.0460297, 1.63003
0.0515677, 1.27666
0.0453018, 1.09885
0.0589323, 0.933267
0.0433507, 0.870893
0.0514063, 0.782957
0.0536729, 0.722072
0.0470198, 0.683079
0.0564807, 0.632422
0.0476876, 0.606558
0.0436834, 0.578854
0.0587158, 0.540536
0.0473194, 0.523171
0.0677174, 0.48993
0.0689708, 0.469522
0.0527034, 0.45621
0.0351703, 0.441593
0.0499053, 0.419235
0.0288596, 0.403393
0.0493137, 0.383243
0.0603196, 0.365771
0.0652688, 0.349155
0.0445641, 0.328574
0.0628008, 0.314115
0.0486496, 0.291347
0.0573459, 0.274648
0.0572924, 0.254003
0.0548245, 0.230517
0.0470697, 0.201157
0.044352, 0.171675
0.0604273, 0.155235
0.0481372, 0.109752
0.0534068, 0.0761668
0.0849481, 0.0733091
0.117529, 0.0763932
0.139137, 0.0648353
0.16078, 0.053348
0.192142, 0.0677838
0.217816, 0.0747575
0.241533, 0.0818107
0.262329, 0.0800357
0.282314, 0.0690672
0.303635, 0.0622071
0.323676, 0.0875148
0.344465, 0.0834994
0.366752, 0.077057
0.384246, 0.0928641
0.41184, 0.0767136
0.429109, 0.0921803
0.458874, 0.0820686
0.490764, 0.0746032
0.514496, 0.0838653
0.547346, 0.0836954
0.59498, 0.0725304
0.631881, 0.0787358
0.682757, 0.0781895
0.742186, 0.0787155
0.798182, 0.0891236
0.914305, 0.0770981
1.02658, 0.0831518
1.20646, 0.0823909
1.46692, 0.0864501
1.94817, 0.0879459
2.44791, 0.154164
2.45915, 0.30457
2.4613, 0.45553
2.46101, 0.607338
2.43348, 0.756529
2.4511, 0.917053
2.46924, 1.08607
1.65099, 0.92386
1.59964, 1.01199
2.102, 1.42184
2.45497, 1.8383
2.43701, 2.05589
2.44557, 2.32038
2.33951, 2.50229
2.0578, 2.48542
1.82193, 2.48611
1.60899, 2.48745
0.84631, 1.40751
0.763762, 1.42258
0.694418, 1.46656
0.805905, 2.16525
0.686031, 2.22818
0.677674, 2.25901
0.574398, 2.5019
0.42435, 2.48019
0.278098, 2.48791
0.132283, 2.47417
0.0514555, 2.04278
0.0549254, 1.50185
0.0556176, 1.22512
0.0547485, 1.05666
0.0523474, 0.943778
0.0520906, 0.856386
0.0469664, 0.796213
0.0487778, 0.737922
0.0497117, 0.690837
0.0661019, 0.635414
0.0470392, 0.62034
0.0443354, 0.59212
0.0471515, 0.562784
0.0586887, 0.53154
0.0501185, 0.513596
0.046563, 0.493697
0.0542423, 0.470915
0.0491824, 0.453093
0.0680524, 0.431343
0.0531713, 0.415647
0.0474766, 0.397909
0.068734, 0.380833
0.0531396, 0.362086
0.0446958, 0.3422
0.0588606, 0.326637
0.0734882, 0.31266
0.0355606, 0.277725
0.0728277, 0.27358
0.0478335, 0.237027
0.0537664, 0.215314
0.056064, 0.189274
0.0612826, 0.163164
0.0520818, 0.11865
0.0536361, 0.0788139
0.0842125, 0.073276
0.11205, 0.0666822
0.15439, 0.0913974
0.17807, 0.0866539
0.202781, 0.0870178
0.223154, 0.0755444
0.247237, 0.0791092
0.268962, 0.0723884
0.292472, 0.0904017
0.313942, 0.0781577
0.335091, 0.088948
0.356594, 0.0898659
0.381777, 0.0766932
0.406817, 0.0727469
0.42829, 0.0822884
0.462917, 0.0635938
0.477193, 0.0902658
0.512175, 0.081244
0.548574, 0.0765321
0.589174, 0.0725045
0.625635, 0.0784372
0.67623, 0.0762312
0.73817, 0.0725163
0.80623, 0.0734989
0.890774, 0.0745183
0.984315, 0.0827482
1.1381, 0.08048
1.37306, 0.0750909
1.68944, 0.0839529
2.34902, 0.084244
2.44221, 0.221586
2.45486, 0.371209
2.45863, 0.521858
2.46747, 0.674963
2.45988, 0.828819
2.45312, 0.986252
2.45216, 1.15098
1.59976, 0.954372
1.5638, 1.0467
2.46886, 1.71703
2.44026, 1.91428
2.4627, 2.17015
2.44796, 2.42543
2.21431, 2.47583
1.96631, 2.48108
1.7425, 2.48444
1.54627, 2.50055
0.801731, 1.38743
0.731697, 1.4212
0.677447, 1.50433
0.763592, 2.1682
0.693675, 2.24801
0.593511, 2.48357
0.446106, 2.46876
0.301976, 2.48585
0.158196, 2.46489
0.0573962, 2.15826
0.0556153, 1.58673
0.0511196, 1.30267
0.0587616, 1.09518
0.0605104, 0.967738
0.0545464, 0.889056
0.0540368, 0.819128
0.0656944, 0.746538
0.0672056, 0.700015
0.0544881, 0.675332
0.0640167, 0.632512
0.0427209, 0.619733
0.048498, 0.587433
0.0611467, 0.554877
0.0615381, 0.532393
0.0509971, 0.51575
0.0634919, 0.491268
0.0432681, 0.477462
0.0557994, 0.455809
0.0556993, 0.437626
0.0531713, 0.41974
0.0550726, 0.401759
0.0609319, 0.384386
0.0578095, 0.3659
0.0459019, 0.344215
0.0635651, 0.329924
0.0433986, 0.301804
0.053787, 0.284338
0.0570633, 0.262921
0.0774731, 0.251928
0.0490653, 0.203931
0.0565587, 0.179001
0.0423868, 0.128882
0.0538667, 0.0998036
0.0704038, 0.0741771
0.106592, 0.0777007
0.135825, 0.0744512
0.163558, 0.0714565
0.187268, 0.0605052
0.219564, 0.0794897
0.244967, 0.0832377
0.268646, 0.0831039
0.2914, 0.0741097
0.315194, 0.0677868
0.338787, 0.0752384
0.362742, 0.0752225
0.387787, 0.0726788
0.411635, 0.0780085
0.439015, 0.0746883
0.464799, 0.0791126
0.492809, 0.0814416
0.525762, 0.0790352
0.560526, 0.0788407
0.594196, 0.0844054
0.64056, 0.0806983
0.685908, 0.0844409
0.754783, 0.0758699
0.820008, 0.0797219
0.920492, 0.0722727
1.01592, 0.0813159
1.18189, 0.0753993
1.39405, 0.0781735
1.74674, 0.0770731
2.39354, 0.0772596
2.46161, 0.219192
2.44387, 0.370528
2.44945, 0.520132
2.44498, 0.670364
2.45791, 0.825876
2.45291, 0.982705
2.45913, 1.14863
1.6062, 0.960339
1.57862, 1.05658
2.47135, 1.70755
2.45347, 1.90987
2.45399, 2.14527
2.46158, 2.41561
2.23088, 2.46954
1.98774, 2.48192
1.75573, 2.47522
1.55265, 2.47905
0.816231, 1.40443
0.736102, 1.41477
0.684963, 1.50007
0.779556, 2.16539
0.681845, 2.24456
0.582286, 2.48061
0.436558, 2.46252
0.294331, 2.46782
0.151649, 2.46696
0.0547009, 2.15412
0.0517115, 1.61025
0.0542746, 1.30683
0.0616404, 1.1063
0.052569, 1.0054
0.0679788, 0.885335
0.0592071, 0.832203
0.0513971, 0.787144
0.0559963, 0.7344
0.0542776, 0.696591
0.0525016, 0.66361
0.0550995, 0.63089
0.0437916, 0.61096
0.0624385, 0.574476
0.0460259, 0.559811
0.068603, 0.528692
0.0570194, 0.51291
0.0470783, 0.495825
0.0512959, 0.475622
0.0566228, 0.456358
0.0736262, 0.437834
0.0729379, 0.42088
0.0662091, 0.402991
0.0414187, 0.380398
0.0437932, 0.36086
0.0570129, 0.344622
0.0608285, 0.325525
0.054214, 0.300537
0.0554781, 0.277456
0.0490192, 0.247161
0.0520327, 0.22044
0.052275, 0.188392
0.0654597, 0.165747
0.0522225, 0.10891
0.0715298, 0.085647
0.0969425, 0.0703651
0.127929, 0.0660001
0.16832, 0.0873802
0.191966, 0.0754601
0.221007, 0.0817124
0.244444, 0.0691265
0.271908, 0.0802412
0.296587, 0.0767053
0.321269, 0.0908957
0.347015, 0.0709116
0.371969, 0.0756886
0.395132, 0.0877021
0.425784, 0.0721841
0.451009, 0.080043
0.480957, 0.0783684
0.506711, 0.0883283
0.550326, 0.0718347
0.575195, 0.0888694
0.629309, 0.0726681
0.681495, 0.0678203
0.728133, 0.0752467
0.798968, 0.0698314
0.861092, 0.0800202
0.955547, 0.0798354
1.07268, 0.0819064
1.25528, 0.0748264
1.48641, 0.0783554
1.86464, 0.0799721
2.4699, 0.0985071
2.46523, 0.251878
2.45852, 0.402829
2.46964, 0.553548
2.4434, 0.702287
2.45447, 0.857386
2.45118, 1.01452
1.66588, 0.904275
1.58186, 0.977029
1.60515, 1.09746
2.4629, 1.73714
2.45745, 1.94849
2.45542, 2.18388
2.45036, 2.44477
2.1929, 2.46818
1.95118, 2.47604
1.72618, 2.47244
1.52402, 2.47146
0.809985, 1.41829
0.736019, 1.44123
0.684741, 1.52826
0.765456, 2.15766
0.6904, 2.27121
0.583271, 2.45108
0.443239, 2.46996
0.30188, 2.4765
0.158318, 2.49717
0.0552383, 2.21729
0.0566908, 1.63544
0.0566114, 1.33804
0.0587076, 1.14844
0.0527457, 1.03648
0.0611688, 0.927154
0.0563299, 0.86458
0.0508628, 0.814616
0.0582353, 0.757588
0.0656124, 0.710136
0.0636518, 0.678179
0.0570788, 0.653206
0.0611009, 0.622918
0.0636735, 0.596658
0.065594, 0.573047
0.0456641, 0.559756
0.0525826, 0.536071
0.0614548, 0.513886
0.0595543, 0.495418
0.0677368, 0.476169
0.0476504, 0.458953
0.0663296, 0.440812
0.058581, 0.422066
0.0524015, 0.40221
0.0608648, 0.384793
0.0725679, 0.369029
0.0584632, 0.343356
0.0500709, 0.316971
0.0609285, 0.298895
0.065055, 0.276158
0.0510621, 0.237141
0.0603649, 0.212956
0.0561049, 0.172365
0.0527306, 0.125666
0.0619345, 0.0875097
0.088343, 0.0708039
0.124046, 0.0720237
0.155496, 0.069478
0.189656, 0.0790159
0.220165, 0.0858801
0.245667, 0.0778471
0.272357, 0.0759969
0.298788, 0.0731563
0.325068, 0.0923347
0.352221, 0.0707316
0.380422, 0.0639557
0.405207, 0.078972
0.43388, 0.0768627
0.454571, 0.0996568
0.486814, 0.0930301
0.52042, 0.0896042
0.564926, 0.0743299
0.602619, 0.0767116
0.640157, 0.0836976
0.700545, 0.0716657
0.759336, 0.0705075
0.810303, 0.0831405
0.895827, 0.0788803
0.987584, 0.083008
1.10317, 0.0881254
1.29914, 0.0778453
1.54356, 0.0801082
1.94994, 0.0786637
2.46926, 0.115616
2.46204, 0.26894
2.47323, 0.419139
2.43278, 0.567767
2.4422, 0.718073
2.44958, 0.871966
2.4535, 1.03028
1.65338, 0.916038
1.58482, 0.994097
1.62154, 1.12111
2.45342, 1.74409
2.46388, 1.96485
2.45224, 2.19208
2.45764, 2.46114
2.19525, 2.47958
1.94128, 2.47174
1.72074, 2.47156
1.52421, 2.47729
0.799958, 1.40628
0.73181, 1.43682
0.681082, 1.51952
0.768239, 2.16114
0.688743, 2.2554
0.590614, 2.48272
0.449191, 2.49257
0.307895, 2.46737
0.165997, 2.49325
0.0542348, 2.28168
0.0553889, 1.68451
0.0547924, 1.38073
0.0608321, 1.17547
0.0540473, 1.06389
0.0607069, 0.956474
0.0563606, 0.891701
0.0574469, 0.831876
0.0538491, 0.788009
0.0714668, 0.728768
0.0497527, 0.714437
0.0491337, 0.682761
0.0603781, 0.646398
0.0468233, 0.628741
0.0507587, 0.60229
0.0547685, 0.578049
0.0591233, 0.555542
0.0702331, 0.532993
0.0532788, 0.517346
0.0668473, 0.496843
0.0467826, 0.479292
0.0556409, 0.460333
0.0527969, 0.441128
0.0476278, 0.420766
0.0522819, 0.401698
0.0668367, 0.385932
0.0635821, 0.364038
0.052772, 0.33655
0.0506737, 0.310659
0.0503833, 0.283463
0.0538582, 0.256468
0.0563546, 0.225868
0.0606695, 0.193337
0.0611412, 0.151513
0.0450069, 0.0783899
0.0830551, 0.076049
0.130703, 0.0978013
0.152276, 0.0733094
0.188284, 0.0843314
0.217735, 0.0830688
0.246937, 0.0852305
0.274145, 0.0802393
0.30181, 0.0795899
0.329402, 0.0756421
0.357127, 0.0773203
0.386185, 0.0710843
0.410021, 0.0943484
0.444287, 0.0749121
0.476295, 0.0725813
0.504823, 0.0822578
0.542071, 0.0770883
0.58705, 0.0657795
0.628639, 0.0668776
0.662357, 0.0821912
0.704254, 0.0913989
0.776867, 0.0781523
0.854887, 0.071945
0.919476, 0.0854754
1.01615, 0.0886975
1.16991, 0.0781051
1.35349, 0.0776133
1.62239, 0.076158
2.04169, 0.0770272
2.44491, 0.138243
2.44992, 0.288526
2.46744, 0.437485
2.44175, 0.586242
2.4455, 0.736158
2.45202, 0.889778
2.46664, 1.05079
1.62495, 0.923517
1.58915, 1.01294
2.0834, 1.37419
2.46291, 1.7649
2.46558, 1.98047
2.45464, 2.20772
2.45836, 2.47459
2.18164, 2.47708
1.93414, 2.4743
1.72785, 2.49227
1.52442, 2.4869
0.799273, 1.41484
0.731413, 1.44382
0.682842, 1.52972
0.767903, 2.15853
0.685145, 2.23519
0.592775, 2.48358
0.452131, 2.48437
0.312795, 2.45995
0.171693, 2.50048
0.0566183, 2.31694
0.0536985, 1.73244
0.0553569, 1.41369
0.0529255, 1.22827
0.0561904, 1.08865
0.0597549, 0.986127
0.0555899, 0.919622
0.0587593, 0.855865
0.0466847, 0.821377
0.0590653, 0.765693
0.0648236, 0.724886
0.0611985, 0.696786
0.0526756, 0.674302
0.0667536, 0.639912
0.0516392, 0.623915
0.0444082, 0.603806
0.0644778, 0.575229
0.0643902, 0.555434
0.0517811, 0.538347
0.0524134, 0.518657
0.0541264, 0.499288
0.0559978, 0.480231
0.047609, 0.460117
0.0703237, 0.44434
0.0507356, 0.420295
0.0438919, 0.396863
0.0619941, 0.381739
0.0482255, 0.35229
0.0611893, 0.334564
0.0645109, 0.310515
0.0549924, 0.274206
0.0613152, 0.246793
0.0514071, 0.199285
0.0585048, 0.163443
0.0514906, 0.10199
0.0824987, 0.0886112
0.115243, 0.0800264
0.150931, 0.0809083
0.187536, 0.0907501
0.21595, 0.0818168
0.245352, 0.0770325
0.278438, 0.102625
0.304605, 0.07795
0.333553, 0.0848027
0.362157, 0.0850673
0.388784, 0.0999801
0.422243, 0.0783101
0.449403, 0.0911638
0.485324, 0.0793268
0.519412, 0.0793654
0.548256, 0.0930445
0.595508, 0.0787893
0.63581, 0.0825449
0.681852, 0.0842082
0.725558, 0.0939349
0.801156, 0.0803361
0.869253, 0.0839501
0.950547, 0.0876871
1.07067, 0.0804505
1.21059, 0.0807285
1.38735, 0.0858358
1.69525, 0.0747183
2.10663, 0.0824572
2.46893, 0.154451
2.47547, 0.306024
2.4536, 0.457148
2.44071, 0.605336
2.46468, 0.757383
2.48053, 0.913895
2.45386, 1.06555
1.61312, 0.937565
1.5857, 1.02927
2.1164, 1.40832
2.45407, 1.77622
2.4554, 1.98947
2.45459, 2.22329
2.4377, 2.4702
2.18288, 2.49279
1.92335, 2.4746
1.70721, 2.47543
0.889813, 1.43507
0.78686, 1.40145
0.723987, 1.43558
0.681394, 1.53237
0.768551, 2.16341
0.687902, 2.24672
0.593981, 2.4804
0.454728, 2.48112
0.316514, 2.49266
0.178945, 2.47315
0.0551138, 2.36943
0.0558788, 1.75591
0.0604801, 1.42524
0.0563788, 1.24526
0.0667185, 1.08998
0.0518276, 1.0239
0.0564393, 0.94047
0.0657893, 0.867761
0.0615558, 0.824731
0.0469, 0.798276
0.0628726, 0.746352
0.056485, 0.719729
0.0714853, 0.680839
0.0577508, 0.663622
0.0682492, 0.634338
0.0449103, 0.621647
0.0609338, 0.594102
0.0587306, 0.574286
0.0279942, 0.559541
0.029661, 0.537817
0.0383958, 0.51644
0.0491561, 0.496451
0.068873, 0.478888
0.0472961, 0.456061
0.0442155, 0.434396
0.0567024, 0.416741
0.0377402, 0.386885
0.0552805, 0.370833
0.0571415, 0.346852
0.0420603, 0.30933
0.0536341, 0.28712
0.0663299, 0.265021
0.0501284, 0.211073
0.0521412, 0.168274
0.0547809, 0.118644
0.0668907, 0.0741089
0.101494, 0.0635583
0.145968, 0.0782975
0.18063, 0.0780948
0.21472, 0.0817656
0.247599, 0.0883057
0.27573, 0.0715213
0.306738, 0.0733949
0.337064, 0.0876796
0.368118, 0.0703905
0.39828, 0.0768861
0.430946, 0.0712877
0.46325, 0.0730182
0.496618, 0.0749876
0.53416, 0.071296
0.562647, 0.0895537
0.605034, 0.0857548
0.644891, 0.0914264
0.717678, 0.0632509
0.763836, 0.0754255
0.831937, 0.0729302
0.914965, 0.0684481
0.977021, 0.0891133
1.09755, 0.0838376
1.2511, 0.0797975
1.45967, 0.0757181
1.75738, 0.0730551
2.18326, 0.0817698
2.45338, 0.173595
2.44168, 0.325419
2.44993, 0.473429
2.45305, 0.621972
2.44378, 0.770531
2.47249, 0.927796
2.45392, 1.08078
1.59823, 0.947552
1.58837, 1.04526
2.45082, 1.59378
2.4419, 1.78282
2.45637, 2.00369
2.46345, 2.24357
2.42973, 2.4753
2.1602, 2.48043
1.91322, 2.47353
1.70142, 2.47793
0.886745, 1.44039
0.790171, 1.4174
0.727138, 1.45103
0.685403, 1.55003
0.767555, 2.1619
0.684868, 2.2304
0.598095, 2.49776
0.457346, 2.47189
0.321057, 2.50047
0.185824, 2.46173
0.0569262, 2.40714
0.0557257, 1.79623
0.0542416, 1.48084
0.0537436, 1.28368
0.0536915, 1.14787
0.0568213, 1.04244
0.0654863, 0.952834
0.058699, 0.902989
0.065119, 0.845438
0.0667235, 0.802347
0.0465136, 0.784491
0.0708914, 0.731869
0.0682075, 0.705745
0.0436092, 0.693951
0.0500405, 0.664973
0.0505819, 0.641051
0.0507492, 0.618602
0.0539823, 0.59641
0.0654633, 0.574027
0.0611035, 0.555247
0.0625678, 0.535966
0.0488027, 0.516259
0.0516284, 0.496417
0.060081, 0.477705
0.0701052, 0.460105
0.0597235, 0.436391
0.0508633, 0.410673
0.0706185, 0.396499
0.0669936, 0.37029
0.047086, 0.330006
0.0511082, 0.301851
0.0564716, 0.272183
0.0625998, 0.240026
0.0614367, 0.194709
0.0597204, 0.139936
0.062935, 0.0809671
0.100038, 0.0729195
0.137417, 0.0689992
0.177013, 0.076167
0.212137, 0.0774485
0.243678, 0.0681724
0.276262, 0.0638418
0.309117, 0.0638334
0.341463, 0.0816194
0.373248, 0.0772601
0.404148, 0.0849845
0.434015, 0.0954235
0.474214, 0.0700542
0.508783, 0.0735625
0.545843, 0.0747015
0.583338, 0.0792663
0.627922, 0.076502
0.674097, 0.0777975
0.731079, 0.0723207
0.777707, 0.0854357
0.847115, 0.0830819
0.926713, 0.0824709
1.01617, 0.0861003
1.16349, 0.0692762
1.30201, 0.0776941
1.51125, 0.0771983
1.80417, 0.0796697
2.28198, 0.079523
2.4662, 0.191788
2.47748, 0.342232
2.45396, 0.493014
2.44847, 0.641095
2.44855, 0.790192
2.4589, 0.943906
2.45027, 1.09825
1.60341, 0.967632
1.56804, 1.05454
2.44381, 1.60758
2.4574, 1.80913
2.46063, 2.02319
2.4493, 2.24807
2.40993, 2.47218
2.14841, 2.48257
1.9051, 2.47761
1.69066, 2.47581
0.870751, 1.42632
0.775964, 1.40077
0.721463, 1.44729
0.680134, 1.54189
0.770355, 2.17574
0.685633, 2.23221
0.599559, 2.49463
0.460906, 2.47626
0.32594, 2.47228
0.190934, 2.47437
0.0571466, 2.45632
0.0592939, 1.82002
0.0556007, 1.51094
0.0550004, 1.31184
0.0538458, 1.17691
0.0524168, 1.0784
0.047944, 1.00705
0.0607017, 0.925993
0.0507649, 0.88719
0.052789, 0.840814
0.0531353, 0.802363
0.0637065, 0.760605
0.0597042, 0.734151
0.0612365, 0.706378
0.0459497, 0.688934
0.0575053, 0.659997
0.0535589, 0.639058
0.0750409, 0.612407
0.0598123, 0.595687
0.0540484, 0.576345
0.0532006, 0.556335
0.0545353, 0.536374
0.054552, 0.516321
0.0625106, 0.497431
0.0542246, 0.474927
0.0575563, 0.45432
0.0542694, 0.430431
0.0683631, 0.413355
0.064756, 0.386584
0.0477039, 0.347661
0.0526386, 0.319866
0.0524027, 0.284728
0.055595, 0.248334
0.0575133, 0.205018
0.0534566, 0.145432
0.05754, 0.0855149
0.098243, 0.0816834
0.134234, 0.0722812
0.167721, 0.0580675
0.204517, 0.0547389
0.245387, 0.0765796
0.280204, 0.0833139
0.31299, 0.0814053
0.345685, 0.0866607
0.380079, 0.0637425
0.41269, 0.0757678
0.44453, 0.0868464
0.482743, 0.0750675
0.5123, 0.0947975
0.550471, 0.0932993
0.600301, 0.0756951
0.650079, 0.0683407
0.697453, 0.0719225
0.747058, 0.0783902
0.800878, 0.0860935
0.887947, 0.0708416
0.963372, 0.0776472
1.05096, 0.0858899
1.18119, 0.0814605
1.36001, 0.0722248
1.57193, 0.0751122
1.87801, 0.0779308
2.37238, 0.0790856
2.44696, 0.214983
2.46256, 0.363396
2.45264, 0.512614
2.43427, 0.659637
2.46088, 0.810705
2.45539, 0.961907
1.67045, 0.907064
1.60339, 0.98587
1.58862, 1.08121
2.4482, 1.6271
2.46097, 1.82815
2.44963, 2.03185
2.46233, 2.27451
2.40447, 2.48233
2.12057, 2.46727
1.88452, 2.46607
1.67845, 2.47143
0.857172, 1.41624
0.77841, 1.41698
0.712613, 1.43593
0.90073, 2.19591
0.766715, 2.16494
0.683349, 2.21571
0.597859, 2.45578
0.466739, 2.47821
0.333824, 2.47373
0.201398, 2.46955
0.0644465, 2.49043
0.0551935, 1.9033
0.0539618, 1.57203
0.0590408, 1.35112
0.0560199, 1.21871
0.0614063, 1.10582
0.04959, 1.04657
0.0647349, 0.961073
0.0632708, 0.911826
0.0711588, 0.86034
0.0555158, 0.837594
0.0530726, 0.805304
0.0632305, 0.767643
0.0684333, 0.737488
0.0570353, 0.718252
0.0692707, 0.689411
0.063507, 0.669456
0.051182, 0.651143
0.0616324, 0.627941
0.0463032, 0.609182
0.0580223, 0.587857
0.0604051, 0.567829
0.0771868, 0.549669
0.0623208, 0.527671
0.0444718, 0.502201
0.0537025, 0.482351
0.0637152, 0.463192
0.0435025, 0.429176
0.0540357, 0.407953
0.0634022, 0.385626
0.0624086, 0.354122
0.0693359, 0.326028
0.0582219, 0.275969
0.0550078, 0.225837
0.0512338, 0.165041
0.0631172, 0.116054
0.0807431, 0.067315
0.124575, 0.0670039
0.166761, 0.0692023
0.208129, 0.0769028
0.243143, 0.0658104
0.283072, 0.0888745
0.317469, 0.0832908
0.352445, 0.0723206
0.38763, 0.0780632
0.424565, 0.0699209
0.460127, 0.0764704
0.500479, 0.0678779
0.538379, 0.0735629
0.578395, 0.0773898
0.626805, 0.0698316
0.668537, 0.0803462
0.723065, 0.0770037
0.781789, 0.0763707
0.85064, 0.0732739
0.937606, 0.063785
1.00558, 0.0812466
1.12745, 0.0708609
1.26301, 0.0700956
1.43481, 0.0707159
1.65878, 0.0745017
1.99116, 0.075372
2.44498, 0.0936479
2.46401, 0.243187
2.46565, 0.393598
2.44608, 0.542771
2.46583, 0.690874
2.4611, 0.839838
2.45977, 0.991374
1.60702, 0.918703
1.59781, 1.0121
1.62236, 1.12314
2.45497, 1.65684
2.46256, 1.85464
2.45777, 2.06228
2.45259, 2.29038
2.37595, 2.47842
2.10755, 2.47514
1.87849, 2.47936
1.66463, 2.47102
0.854237, 1.43057
0.762138, 1.40207
0.70803, 1.43947
0.899, 2.19978
0.764001, 2.15747
0.683013, 2.20718
0.604321, 2.46597
0.47452, 2.46721
0.345733, 2.46532
0.216151, 2.47618
0.0861377, 2.47011
0.0579915, 1.98986
0.0555446, 1.65211
0.0578127, 1.43166
0.0551145, 1.2925
0.0573585, 1.18117
0.0603821, 1.09446
0.0568415, 1.03429
0.0519446, 0.985721
0.0681535, 0.922358
0.0625984, 0.888888
0.0553396, 0.859915
0.0423201, 0.836762
0.0421571, 0.806634
0.0441049, 0.777778
0.0529232, 0.748345
0.0496692, 0.725512
0.0737009, 0.696662
0.0606552, 0.678291
0.0445051, 0.658838
0.058454, 0.636614
0.0527313, 0.615557
0.0443837, 0.593265
0.0635178, 0.574545
0.0515893, 0.549988
0.0508319, 0.526568
0.0513311, 0.502432
0.0592012, 0.480608
0.0645855, 0.456872
0.0651396, 0.428541
0.0612635, 0.393878
0.0621935, 0.358951
0.0501656, 0.305637
0.0546422, 0.262075
0.0549062, 0.205126
0.053477, 0.132959
0.0705061, 0.0774994
0.123888, 0.0916761
0.161568, 0.0755171
0.202047, 0.0681066
0.245133, 0.0762622
0.283254, 0.0637492
0.324243, 0.0826969
0.362353, 0.0940639
0.400281, 0.0891539
0.438471, 0.0899301
0.482513, 0.0680207
0.517827, 0.0901815
0.566775, 0.0720287
0.607872, 0.0823443
0.659197, 0.0763216
0.704405, 0.0875362
0.772563, 0.0715907
0.833031, 0.0760165
0.91029, 0.0707205
0.991674, 0.0726315
1.09071, 0.0716885
1.20259, 0.0756375
1.34045, 0.0797459
1.51935, 0.0828871
1.76251, 0.0852761
2.12908, 0.0827239
2.44112, 0.143272
2.44811, 0.293766
2.46086, 0.441376
2.46359, 0.58912
2.47633, 0.737369
2.45963, 0.884893
2.45138, 1.03423
1.61123, 0.964277
1.58662, 1.0519
2.10265, 1.36951
2.44446, 1.69242
2.46178, 1.89399
2.4774, 2.11463
2.45732, 2.33143
2.33888, 2.47955
2.08005, 2.47994
1.84911, 2.47566
1.64563, 2.47439
0.818677, 1.40121
0.751093, 1.40718
0.698911, 1.4405
0.885003, 2.17356
0.762576, 2.15745
0.690977, 2.23963
0.611401, 2.4907
0.47932, 2.44904
0.353934, 2.47698
0.226358, 2.48071
0.100125, 2.46238
0.0579856, 2.05813
0.0545618, 1.71379
0.0602206, 1.47765
0.0541304, 1.34336
0.051296, 1.23835
0.0458888, 1.16121
0.0599808, 1.07227
0.0622628, 1.0145
0.0724041, 0.95779
0.0554615, 0.934058
0.0483742, 0.90328
0.0500178, 0.868911
0.0433727, 0.842529
0.0484548, 0.811655
0.0527048, 0.783805
0.0627644, 0.756198
0.0371334, 0.739777
0.0705652, 0.710431
0.0619842, 0.690477
0.0452291, 0.669816
0.0492462, 0.647787
0.0573977, 0.626659
0.0704184, 0.607246
0.056768, 0.582271
0.0567498, 0.55899
0.0504113, 0.531967
0.0623621, 0.511541
0.0642036, 0.485407
0.0621973, 0.454637
0.0579393, 0.418657
0.0566986, 0.380558
0.0576937, 0.339393
0.0450944, 0.275253
0.0661099, 0.244513
0.0558197, 0.159022
0.053614, 0.0653236
0.111281, 0.080454
0.157723, 0.0791527
0.199344, 0.0677906
0.245741, 0.0802652
0.288663, 0.0891421
0.328142, 0.0732636
0.369277, 0.0777172
0.410846, 0.0700712
0.451311, 0.0798427
0.498236, 0.0586982
0.530118, 0.102705
0.5835, 0.0768462
0.62812, 0.0844079
0.68302, 0.0766542
0.73684, 0.0791597
0.795321, 0.0817377
0.862526, 0.0812479
0.927546, 0.0917465
1.02342, 0.0823481
1.1187, 0.0871492
1.25866, 0.0749111
1.4203, 0.0703987
1.61167, 0.0740521
1.86018, 0.0813157
2.27737, 0.0700258
2.46217, 0.170747
2.46448, 0.323074
2.46293, 0.472671
2.45446, 0.620317
2.467, 0.767431
2.4568, 0.914601
1.64937, 0.909263
1.59423, 0.989404
1.59819, 1.08498
2.09957, 1.39627
2.4429, 1.7187
2.46782, 1.92389
2.45984, 2.12774
2.45651, 2.35519
2.30745, 2.47368
2.05321, 2.47364
1.82875, 2.47184
1.63317, 2.4765
0.804992, 1.39835
0.758454, 1.43942
0.698841, 1.4552
0.87909, 2.16544
0.762225, 2.15878
0.692868, 2.24114
0.61848, 2.49203
0.4925, 2.46921
0.370702, 2.49279
0.248686, 2.47365
0.124969, 2.47615
0.0539076, 2.22256
0.0574586, 1.82927
0.0545329, 1.60643
0.0594956, 1.43689
0.0553577, 1.33049
0.0642701, 1.22745
0.0509284, 1.17642
0.050425, 1.11744
0.0609287, 1.05612
0.0535741, 1.02029
0.0666319, 0.971942
0.0691788, 0.937292
0.0584999, 0.913603
0.0475046, 0.890444
0.0574127, 0.85901
0.0617234, 0.832407
0.0516136, 0.811047
0.04644, 0.788171
0.0612767, 0.763153
0.0407985, 0.741522
0.0613258, 0.718843
0.0550648, 0.695897
0.064727, 0.674634
0.0538512, 0.648896
0.056074, 0.62503
0.0571943, 0.599884
0.039155, 0.563857
0.0704376, 0.551638
0.0588835, 0.513508
0.0704419, 0.488204
0.0563232, 0.43809
0.0457492, 0.382718
0.055222, 0.341251
0.055742, 0.280951
0.0580618, 0.210513
0.0546129, 0.111104
0.0932877, 0.0772975
0.149603, 0.0869393
0.192251, 0.0616498
0.244154, 0.0730145
0.292256, 0.0783468
0.338846, 0.0852993
0.384155, 0.0853055
0.429004, 0.0918319
0.47582, 0.0827252
0.521799, 0.0875886
0.574503, 0.0725687
0.62559, 0.0735248
0.676309, 0.0810206
0.733389, 0.0810745
0.792006, 0.0858132
0.858128, 0.0869592
0.929673, 0.0900767
1.04263, 0.0601815
1.12843, 0.0728536
1.22556, 0.0867734
1.381, 0.0739753
1.54343, 0.0792173
1.77132, 0.0751226
2.07349, 0.0733645
2.45419, 0.0885971
2.46008, 0.243373
2.47063, 0.393198
2.45218, 0.543755
2.44249, 0.689657
2.4649, 0.835371
2.44556, 0.980241
1.58343, 0.963337
1.57842, 1.05085
2.09309, 1.31854
2.47338, 1.61659
2.45089, 1.78353
2.45152, 1.97333
2.45187, 2.17965
2.45585, 2.41017
2.25759, 2.48085
2.01223, 2.48128
1.79867, 2.48378
0.85591, 1.4146
0.779145, 1.40007
0.722905, 1.40977
0.699838, 1.49146
0.875288, 2.17758
0.758931, 2.15633
0.692085, 2.23501
0.625269, 2.48538
0.507917, 2.48018
0.392325, 2.49198
0.275876, 2.49219
0.15997, 2.48008
0.058467, 2.39844
0.0559927, 2.00574
0.0513256, 1.77113
0.0597938, 1.58176
0.0549647, 1.46915
0.0498672, 1.38236
0.0498554, 1.30534
0.0597776, 1.23002
0.0508303, 1.18684
0.0470471, 1.14367
0.0503395, 1.09962
0.066549, 1.05191
0.0429196, 1.03334
0.0345394, 1.00568
0.0565708, 0.966607
0.0404847, 0.944782
0.0671108, 0.911342
0.0436059, 0.891193
0.0590013, 0.864435
0.0519545, 0.840816
0.0564817, 0.81679
0.0621128, 0.793383
0.0529776, 0.767684
0.0634486, 0.745062
0.0558953, 0.717094
0.0571183, 0.69033
0.0489403, 0.657468
0.0480195, 0.625312
0.0586885, 0.598214
0.0555957, 0.559007
0.0527298, 0.514923
0.0623925, 0.477563
0.0535201, 0.413213
0.0544529, 0.349296
0.0530021, 0.267689
0.0545906, 0.170598
0.0731141, 0.0825306
0.130954, 0.0749942
0.190616, 0.0804396
0.247122, 0.0851832
0.300083, 0.0798581
0.353055, 0.0783598
0.405768, 0.0794443
0.458207, 0.0829969
0.510261, 0.0897222
0.566961, 0.0764448
0.621636, 0.0823292
0.686103, 0.0661964
0.739824, 0.0861554
0.805457, 0.0855689
0.872591, 0.0909313
0.954976, 0.0832474
1.03723, 0.0875923
1.14204, 0.0791538
1.25177, 0.081222
1.36885, 0.091955
1.54675, 0.0772658
1.74381, 0.0769779
1.99048, 0.0798863
2.33027, 0.0798818
2.44686, 0.195482
2.4611, 0.346212
2.46176, 0.496221
2.45958, 0.64321
2.4618, 0.787936
2.47108, 0.932897
1.578, 0.972244
1.57986, 1.0572
2.09, 1.27939
2.10893, 1.41517
2.45056, 1.69635
2.45214, 1.87174
2.47118, 2.07071
2.45972, 2.2686
2.43299, 2.47282
2.17668, 2.48419
1.93355, 2.4728
0.881885, 1.42711
0.800011, 1.40391
0.751746, 1.41861
0.709258, 1.44084
0.680626, 1.49582
0.856958, 2.16179
0.75587, 2.16481
0.688211, 2.21561
0.629125, 2.47176
0.517686, 2.45984
0.408902, 2.46214
0.30038, 2.45581
0.189522, 2.4641
0.0773139, 2.46274
0.0520783, 2.15121
0.0486909, 1.89851
0.0518102, 1.71171
0.0554052, 1.57474
0.0571781, 1.4727
0.0583952, 1.39205
0.0544022, 1.33176
0.0522746, 1.27826
0.0463168, 1.23507
0.0523717, 1.18688
0.0566624, 1.14563
0.0595163, 1.10945
0.0643188, 1.0755
0.0410181, 1.05558
0.0533864, 1.02221
0.0509453, 0.99558
0.0593672, 0.967664
0.0432434, 0.943988
0.0497691, 0.917754
0.0434943, 0.892001
0.0543376, 0.867135
0.0638166, 0.843156
0.0342199, 0.80985
0.0591513, 0.789267
0.0591463, 0.76098
0.0604884, 0.731676
0.0456562, 0.690939
0.0465864, 0.65535
0.0554493, 0.622606
0.0600472, 0.583408
0.0573154, 0.5318
0.0520259, 0.468446
0.05364, 0.402189
0.0509546, 0.314714
0.0514986, 0.210411
0.0597422, 0.0914342
0.121534, 0.0796305
0.179225, 0.0579415
0.245093, 0.0727767
0.304801, 0.0702066
0.364531, 0.080121
0.422409, 0.0872037
0.481303, 0.0703659
0.540166, 0.0738215
0.598817, 0.0816801
0.662642, 0.0747292
0.725803, 0.0794304
0.791323, 0.084978
0.862922, 0.0859012
0.946434, 0.0769301
1.04625, 0.0583894
1.1403, 0.0625308
1.24113, 0.0713849
1.36312, 0.0736753
1.53402, 0.0545686
1.69926, 0.0638587
1.90769, 0.0702637
2.18762, 0.0705628
2.44477, 0.117683
2.45316, 0.274594
2.44593, 0.429651
2.46308, 0.574721
2.46734, 0.720081
2.43476, 0.864961
1.59894, 0.965519
1.58947, 1.04793
2.10769, 1.23126
2.10021, 1.354
2.46959, 1.6089
2.45376, 1.76702
2.45125, 1.93923
2.45244, 2.12595
2.43512, 2.31628
2.35327, 2.47155
2.09715, 2.47137
1.87686, 2.47104
0.816075, 1.40259
0.765969, 1.40883
0.723514, 1.42137
0.69551, 1.45875
0.680361, 1.53368
0.846356, 2.16047
0.752157, 2.16702
0.685965, 2.25371
0.622112, 2.47386
0.515585, 2.46984
0.410235, 2.48977
0.304157, 2.48222
0.19604, 2.48709
0.0914884, 2.46264
0.0608526, 2.19173
0.0567346, 1.94985
0.0584726, 1.77053
0.0524239, 1.65309
0.0589077, 1.54205
0.0623978, 1.4577
0.0550245, 1.40091
0.0559336, 1.34336
0.0517394, 1.29801
0.0553382, 1.25143
0.0487326, 1.21674
0.0543972, 1.17734
0.0527178, 1.14514
0.061492, 1.11071
0.0750391, 1.07782
0.0601474, 1.05486
0.0544457, 1.0291
0.0564225, 1.00244
0.0627073, 0.976294
0.0597612, 0.950648
0.049865, 0.923574
0.0481648, 0.896213
0.0609033, 0.871698
0.0481146, 0.839346
0.0601361, 0.81404
0.0591505, 0.782331
0.0383534, 0.736284
0.0537311, 0.708408
0.0586881, 0.671517
0.0483459, 0.616704
0.0655644, 0.582187
0.058786, 0.515104
0.0485795, 0.429408
0.0570998, 0.354216
0.0491831, 0.228326
0.0504934, 0.0827647
0.117166, 0.0696487
0.185168, 0.0665305
0.254449, 0.0806934
0.315674, 0.0602541
0.380677, 0.0779505
0.443018, 0.0802042
0.50604, 0.0729467
0.569131, 0.0766086
0.637533, 0.0612897
0.704789, 0.0641741
0.765501, 0.0906362
0.84593, 0.0740518
0.940518, 0.0461553
1.01963, 0.0600019
1.1075, 0.0696053
1.2122, 0.0695901
1.32566, 0.0744328
1.46546, 0.0707365
1.63098, 0.0666637
1.82491, 0.0667143
2.06504, 0.0673391
2.37282, 0.0690481
2.45891, 0.196682
2.44856, 0.358558
2.43282, 0.51353
2.46612, 0.653903
2.4557, 0.799535
1.59332, 0.953345
1.58913, 1.0348
1.63337, 1.12247
2.08715, 1.29957
2.45173, 1.52182
2.45812, 1.67953
2.47161, 1.84914
2.44809, 2.01216
2.45888, 2.20486
2.46145, 2.41048
2.25216, 2.46437
2.02203, 2.47405
0.82992, 1.40631
0.776849, 1.40653
0.740038, 1.42217
0.711816, 1.45011
0.692477, 1.4988
1.05342, 2.47345
0.82417, 2.14944
0.738598, 2.16641
0.670494, 2.46721
0.568712, 2.47394
0.467085, 2.4713
0.365645, 2.47817
0.264682, 2.46714
0.161423, 2.46726
0.0574374, 2.45946
0.0582519, 2.13689
0.056175, 1.93101
0.0603892, 1.77111
0.0710783, 1.63973
0.0519505, 1.57995
0.0500818, 1.50727
0.0490352, 1.44508
0.0635762, 1.3769
0.0518734, 1.3403
0.0508354, 1.29861
0.0521202, 1.25929
0.0465016, 1.22685
0.0560803, 1.18943
0.0629612, 1.1564
0.0531868, 1.13034
0.0431517, 1.10394
0.0533515, 1.07438
0.0499298, 1.04746
0.0650194, 1.02058
0.0501145, 0.993107
0.0629641, 0.967612
0.0536723, 0.938223
0.0446399, 0.906617
0.0440481, 0.875582
0.0648174, 0.852741
0.0534592, 0.813474
0.0564601, 0.778728
0.0422652, 0.728077
0.0594808, 0.697082
0.0598891, 0.647725
0.0438509, 0.57193
0.0513657, 0.511756
0.0517143, 0.429216
0.0559413, 0.333663
0.0535979, 0.196683
0.0699359, 0.0595347
0.147319, 0.0654106
0.218857, 0.0632129
0.291569, 0.0811582
0.356902, 0.0591426
0.424994, 0.0711173
0.492943, 0.0538712
0.559563, 0.0703714
0.62834, 0.0703597
0.695498, 0.0834128
0.772271, 0.0711503
0.850786, 0.0679012
0.933903, 0.0661126
1.01596, 0.0767548
1.12186, 0.0618626
1.22538, 0.0660666
1.34887, 0.0618166
1.47575, 0.0711431
1.62905, 0.0749227
1.83211, 0.0642851
2.07605, 0.0575793
2.37186, 0.0582551
2.47014, 0.181177
2.45268, 0.349455
2.44802, 0.504254
2.45162, 0.651329
2.451, 0.795587
1.59509, 0.975654
1.58946, 1.05654
2.1706, 1.19302
2.0792, 1.30117
2.47026, 1.51455
2.44798, 1.66075
2.45742, 1.82284
2.478, 2.00082
2.46921, 2.17747
2.47153, 2.3748
2.30743, 2.46383
0.87384, 1.41385
0.806893, 1.40378
0.757957, 1.4032
0.728392, 1.42128
0.699335, 1.43938
0.692747, 1.49892
1.09067, 2.46674
0.85669, 2.15451
0.768533, 2.15273
0.699342, 2.22005
0.57862, 2.46801
0.481469, 2.4609
0.3849, 2.47129
0.285873, 2.4852
0.186338, 2.48267
0.0811859, 2.49304
0.0588011, 2.24073
0.0629053, 2.00924
0.0531358, 1.87283
0.0535522, 1.75152
0.060434, 1.64661
0.0528674, 1.58004
0.0459175, 1.52257
0.0611813, 1.45134
0.063754, 1.40139
0.0520085, 1.36737
0.0534084, 1.327
0.0603003, 1.28728
0.0527796, 1.2575
0.0502527, 1.22669
0.0409573, 1.19886
0.0639541, 1.16435
0.0637294, 1.13694
0.0633529, 1.11
0.0406751, 1.08295
0.0613247, 1.05625
0.0458936, 1.02661
0.0682465, 1.00268
0.0540815, 0.970169
0.0535764, 0.93941
0.0616695, 0.910865
0.0516961, 0.871663
0.0539506, 0.835744
0.0436476, 0.787368
0.0361997, 0.73458
0.0374945, 0.682567
0.0408912, 0.625367
0.062788, 0.58312
0.0592758, 0.496762
0.0473701, 0.374052
0.0451963, 0.234898
0.0527409, 0.0716723
0.130345, 0.0648295
0.20969, 0.0755074
0.283919, 0.0793652
0.355007, 0.0724889
0.425929, 0.052917
0.497638, 0.0679077
0.570804, 0.0577957
0.640108, 0.0815667
0.714935, 0.0791305
0.799745, 0.0569546
0.877132, 0.0696836
0.96368, 0.0701088
1.05061, 0.0804505
1.1626, 0.0637572
1.26185, 0.0800949
1.40199, 0.0628165
1.5351, 0.0727591
1.69763, 0.0752122
1.90773, 0.0656904
2.16917, 0.0543549
2.43195, 0.0784148
2.44708, 0.241171
2.43532, 0.405827
2.45891, 0.551733
2.45713, 0.700424
1.61012, 0.947136
1.57688, 1.03093
1.61079, 1.1108
2.09965, 1.23651
2.0832, 1.35147
2.46054, 1.55871
2.44705, 1.70595
2.45351, 1.8655
2.4588, 2.03433
2.46257, 2.21458
2.46115, 2.40668
2.25615, 2.46248
0.803855, 1.40178
0.768357, 1.41328
0.736365, 1.42524
0.705736, 1.43626
0.691603, 1.47046
0.684182, 1.52306
1.07399, 2.45221
0.856848, 2.17505
0.766354, 2.15623
0.701511, 2.22318
0.658311, 2.47886
0.496979, 2.46225
0.404094, 2.4903
0.311836, 2.47032
0.215777, 2.48029
0.114685, 2.49517
0.0553122, 2.36394
0.0558986, 2.12403
0.0571921, 1.95368
0.0524991, 1.83666
0.0442264, 1.74968
0.0654546, 1.64029
0.0478673, 1.59467
0.0528739, 1.53156
0.0557634, 1.47888
0.0680354, 1.42561
0.0668053, 1.38755
0.047527, 1.36206
0.0609363, 1.32131
0.0576923, 1.29086
0.0652234, 1.25841
0.0583806, 1.23129
0.0608567, 1.20272
0.0558038, 1.17555
0.0483856, 1.14792
0.0629684, 1.12085
0.0471564, 1.09119
0.0610175, 1.06509
0.0500341, 1.03295
0.0417293, 0.998892
0.0601891, 0.973865
0.0531415, 0.936198
0.0477758, 0.89562
0.0573964, 0.861486
0.0356638, 0.798544
0.0516326, 0.761154
0.0525235, 0.703787
0.0409634, 0.620684
0.0548786, 0.557411
0.0465691, 0.442529
0.0416475, 0.301191
0.0408054, 0.121127
0.109876, 0.0831617
0.186898, 0.0688869
0.265436, 0.067124
0.345117, 0.0931441
0.418924, 0.0791275
0.49416, 0.0707862
0.570517, 0.0668156
0.648191, 0.0652942
0.72461, 0.0773773
0.806572, 0.0760213
0.886205, 0.0902751
0.986759, 0.0678094
1.08601, 0.0654713
1.19973, 0.0549517
1.30344, 0.0734553
1.4485, 0.0571091
1.58697, 0.068243
1.75167, 0.074536
1.9528, 0.0759629
2.20815, 0.0708509
2.43213, 0.116816
2.44884, 0.279939
2.43925, 0.444994
2.44423, 0.596713
1.66047, 0.903354
1.57565, 1.00157
1.58944, 1.08027
2.46172, 1.16862
2.09019, 1.28005
2.09328, 1.39688
2.443, 1.59403
2.45078, 1.74535
2.45524, 1.90299
2.46825, 2.07372
2.45506, 2.24336
2.45926, 2.43571
0.796037, 1.40654
0.749334, 1.40621
0.725201, 1.42118
0.711523, 1.44662
0.693195, 1.46829
0.678182, 1.49656
0.695845, 1.58745
1.08035, 2.48334
0.849675, 2.1755
0.764571, 2.16122
0.697514, 2.19978
0.667686, 2.48596
0.572131, 2.48109
0.419113, 2.46674
0.329699, 2.48711
0.243341, 2.4646
0.150292, 2.4749
0.0508639, 2.49072
0.0541793, 2.22815
0.0510473, 2.05893
0.0576442, 1.91552
0.0476692, 1.82959
0.0522821, 1.73986
0.0453321, 1.67879
0.0508087, 1.61358
0.0548041, 1.55875
0.0604463, 1.50942
0.0470492, 1.4778
0.0471287, 1.43979
0.0554316, 1.40083
0.0619055, 1.36608
0.0523306, 1.33871
0.0571887, 1.30796
0.0560877, 1.27969
0.0380109, 1.25315
0.0466222, 1.2242
0.0480922, 1.19603
0.05934, 1.16913
0.0619601, 1.14152
0.0474743, 1.10869
0.0339868, 1.07282
0.0459467, 1.04433
0.0445101, 1.00873
0.0467431, 0.972477
0.0493602, 0.933542
0.0542285, 0.892733
0.0438666, 0.833036
0.0476681, 0.778787
0.0509329, 0.715369
0.0449223, 0.626456
0.0423717, 0.522132
0.048861, 0.407234
0.0501946, 0.242667
0.0745801, 0.0802267
0.156551, 0.0617297
0.247031, 0.0922759
0.325804, 0.0745854
0.406596, 0.0765445
0.486603, 0.0811007
0.56698, 0.079299
0.649155, 0.0753016
0.730563, 0.084913
0.81853, 0.0788195
0.914717, 0.0645628
1.00367, 0.0809294
1.10395, 0.0843562
1.21959, 0.0767226
1.35501, 0.0598053
1.48557, 0.0685193
1.63736, 0.0723914
1.81916, 0.0704698
2.02892, 0.0724721
2.2851, 0.073216
2.44389, 0.160138
2.43748, 0.335884
2.44363, 0.495541
2.44089, 0.650641
1.57054, 0.98355
1.5744, 1.06388
1.66034, 1.13747
2.11817, 1.22257
2.06713, 1.33588
2.45233, 1.50485
2.45833, 1.6507
2.45061, 1.79789
2.43272, 1.94633
2.44138, 2.11187
0.783046, 1.39934
0.750254, 1.40992
0.730581, 1.42623
0.705705, 1.43702
0.705617, 1.4695
0.691513, 1.49106
0.682371, 1.52053
0.6841, 1.57064
1.16541, 2.46915
1.05665, 2.47522
0.817754, 2.14033
0.753952, 2.16795
0.692883, 2.21067
0.664958, 2.46778
0.577824, 2.48491
0.488597, 2.4717
0.353286, 2.46766
0.268635, 2.48868
0.18736, 2.47313
0.104342, 2.46219
0.0524963, 2.36304
0.0504954, 2.18008
0.0470798, 2.04805
0.045005, 1.94356
0.0431137, 1.85919
0.036161, 1.79501
0.0545032, 1.71401
0.0527153, 1.66386
0.0555922, 1.61574
0.0365971, 1.58726
0.0483603, 1.54148
0.0450187, 1.50789
0.052542, 1.47177
0.0690658, 1.4358
0.0356662, 1.41541
0.0556033, 1.38237
0.0615323, 1.35413
0.0325256, 1.32785
0.0444552, 1.29955
0.0353349, 1.27025
0.0562768, 1.24488
0.0550923, 1.21597
0.0528748, 1.18544
0.0504422, 1.15302
0.0473138, 1.11792
0.0374665, 1.07578
0.0569228, 1.04892
0.0352337, 0.989032
0.0508431, 0.953361
0.0594607, 0.90761
0.0519071, 0.835892
0.0413752, 0.745263
0.0471436, 0.65994
0.0459508, 0.539515
0.0529156, 0.399814
0.0461708, 0.166716
0.110786, 0.0788934
0.202667, 0.0809224
0.289522, 0.0647076
0.379178, 0.0867975
0.465773, 0.0674977
0.553775, 0.065511
0.637552, 0.098876
0.734395, 0.0632071
0.824515, 0.0765732
0.92521, 0.0676841
1.02192, 0.0820254
1.13205, 0.0801952
1.24947, 0.0812867
1.38426, 0.0740064
1.52538, 0.0779708
1.70088, 0.0653473
1.89117, 0.0645418
2.08876, 0.0834932
2.36235, 0.0776561
2.4347, 0.22013
2.44101, 0.392404
2.44171, 0.55682
1.56225, 0.979812
1.58883, 1.05748
1.63365, 1.13353
2.4696, 1.147
2.07702, 1.29486
2.11257, 1.41112
2.45334, 1.57173
2.45338, 1.71601
0.776426, 1.40889
0.72607, 1.41679
0.704518, 1.4302
0.700573, 1.45039
0.688128, 1.46635
0.670013, 1.47791
0.682737, 1.51319
0.671112, 1.53175
0.678388, 1.57163
1.37341, 2.4769
1.2517, 2.48346
1.12932, 2.47138
0.881967, 2.1881
0.790716, 2.14618
0.730068, 2.16255
0.687575, 2.24611
0.665991, 2.49372
0.579344, 2.47231
0.498188, 2.47496
0.417175, 2.47805
0.315147, 2.48252
0.237742, 2.48257
0.156209, 2.49077
0.0829192, 2.46177
0.0449343, 2.34894
0.0406457, 2.1966
0.0450552, 2.06655
0.0469525, 1.96839
0.041882, 1.8974
0.0373701, 1.83665
0.0397315, 1.77742
0.0501725, 1.71923
0.053501, 1.67385
0.0436436, 1.64129
0.0422108, 1.60571
0.04042, 1.57259
0.0450797, 1.5389
0.0420511, 1.5096
0.0275921, 1.4833
0.0570226, 1.45004
0.0516477, 1.42352
0.0584817, 1.39661
0.0367276, 1.3683
0.0346959, 1.3396
0.0419404, 1.31207
0.0465938, 1.28392
0.0418377, 1.25168
0.0451683, 1.22072
0.0407064, 1.18392
0.0453215, 1.14936
0.0559988, 1.11675
0.0437329, 1.06237
0.0399529, 1.0076
0.052002, 0.962114
0.0429555, 0.882847
0.0359418, 0.789199
0.049049, 0.707969
0.048447, 0.576516
0.0435483, 0.387987
0.0446687, 0.13504
0.128087, 0.0850341
0.222229, 0.0753167
0.316813, 0.078917
0.40995, 0.0946382
0.501997, 0.0823659
0.593919, 0.0908781
0.688551, 0.0870842
0.784914, 0.0885094
0.884394, 0.0908982
0.990852, 0.0875014
1.10568, 0.0813532
1.23332, 0.0694203
1.36449, 0.0709569
1.50788, 0.0737704
1.66256, 0.0824829
1.85814, 0.0719028
2.0659, 0.0784637
2.31003, 0.0863537
2.45524, 0.185668
2.44546, 0.375576
2.43882, 0.549706
1.57647, 1.00785
1.58766, 1.09209
1.70654, 1.15384
2.44457, 1.15441
2.06403, 1.31585
0.790281, 1.40699
0.73016, 1.4265
0.697079, 1.44207
0.693634, 1.46018
0.678543, 1.47482
0.677865, 1.49349
0.674033, 1.51163
0.669105, 1.52983
0.660034, 1.54608
0.68779, 1.59043
1.68254, 2.48788
1.4985, 2.46687
1.38029, 2.49101
1.24341, 2.47646
1.13447, 2.48104
0.871452, 2.18977
0.784995, 2.1529
0.725283, 2.15891
0.690405, 2.23956
0.678641, 2.46431
0.602894, 2.47349
0.52779, 2.48613
0.451581, 2.48272
0.375345, 2.49081
0.310215, 2.48492
0.23465, 2.49482
0.160105, 2.48776
0.082225, 2.48527
0.0507503, 2.36377
0.0444081, 2.22342
0.0429937, 2.10829
0.044436, 2.01315
0.0330769, 1.9516
0.0410844, 1.87753
0.0484742, 1.81552
0.0510103, 1.76611
0.0497607, 1.72505
0.0414786, 1.69195
0.0411562, 1.65635
0.0432318, 1.62214
0.0362432, 1.59337
0.0553287, 1.55794
0.0569605, 1.5299
0.0549199, 1.50331
0.0350956, 1.47788
0.0197489, 1.44993
0.0335791, 1.42227
0.036487, 1.39452
0.0614266, 1.37161
0.0338354, 1.33553
0.0520226, 1.31143
0.0548116, 1.28147
0.0369522, 1.23847
0.0497655, 1.20928
0.0541041, 1.17282
0.0566376, 1.13138
0.0444571, 1.07024
0.0385029, 1.00522
0.0491672, 0.949942
0.0409708, 0.855932
0.0410945, 0.752901
0.0380352, 0.613217
0.0445955, 0.448654
0.0409852, 0.178216
0.114534, 0.0812354
0.215932, 0.0910399
0.312414, 0.0852722
0.408859, 0.0993327
0.50453, 0.087186
0.602057, 0.0796823
0.699258, 0.0879929
0.801613, 0.0828872
0.911077, 0.0707655
1.02457, 0.0660611
1.1344, 0.0834922
1.26121, 0.0821707
1.40425, 0.074013
1.56165, 0.0679335
1.71891, 0.0832881
1.91886, 0.0774666
2.13955, 0.0819994
2.42115, 0.0729955
2.4387, 0.259801
2.44009, 0.442148
1.59233, 0.968649
1.5744, 1.06776
1.65462, 1.13396
2.43593, 1.07579
0.751596, 1.41833
0.692677, 1.44375
0.692063, 1.46207
0.679975, 1.4793
0.687056, 1.49819
0.670798, 1.51301
0.66715, 1.52993
0.674075, 1.55122
0.68296, 1.57564
0.69619, 1.60546
1.98768, 2.48116
1.77489, 2.48264
1.60388, 2.48958
1.44493, 2.4841
1.31716, 2.49017
1.1856, 2.47272
1.07825, 2.46914
0.817247, 2.1657
0.753359, 2.16182
0.711794, 2.20546
0.670221, 2.26196
0.658581, 2.48027
0.580549, 2.45452
0.512546, 2.48985
0.440003, 2.48456
0.367455, 2.49297
0.33033, 2.47715
0.257773, 2.49408
0.184791, 2.49568
0.113206, 2.48422
0.0450691, 2.46
0.0360361, 2.31195
0.0396283, 2.17832
0.0458942, 2.0704
0.0387869, 2.00112
0.0556949, 1.91549
0.052609, 1.86405
0.0351821, 1.83094
0.051847, 1.77422
0.0569591, 1.73257
0.0466825, 1.70339
0.0435652, 1.67173
0.0582665, 1.63501
0.0449056, 1.61031
0.0503421, 1.58069
0.0509772, 1.55341
0.0298794, 1.52835
0.0480216, 1.50048
0.0503058, 1.4741
0.0602263, 1.44885
0.0341216, 1.41696
0.0557447, 1.39395
0.0471418, 1.36218
0.0327371, 1.32496
0.0628396, 1.30682
0.050324, 1.26514
0.0393656, 1.21896
0.0543868, 1.18795
0.0394779, 1.1265
0.0477274, 1.07957
0.0572906, 1.02767
0.0566171, 0.951891
0.0513966, 0.850618
0.0567365, 0.742203
0.0520415, 0.57355
0.0531643, 0.351321
0.0682665, 0.0632672
0.173928, 0.0666057
0.276796, 0.072311
0.377263, 0.0749913
0.477716, 0.0536683
0.578152, 0.065581
0.677207, 0.0842521
0.783077, 0.0750552
0.887483, 0.0859673
1.00642, 0.0692314
1.12908, 0.0640331
1.24778, 0.0819928
1.38699, 0.0806431
1.53452, 0.0866152
1.72016, 0.068443
1.90431, 0.0784596
2.13244, 0.0746685
2.37522, 0.0909204
2.44712, 0.244141
2.44063, 0.435632
1.58041, 0.989651
1.58412, 1.08205
1.6478, 1.15343
0.717093, 1.43856
0.672564, 1.46559
0.66972, 1.48317
0.673834, 1.50022
0.682406, 1.51819
0.685659, 1.53678
0.662859, 1.55056
0.699823, 1.57894
0.695674, 1.59862
2.42877, 2.40239
2.26734, 2.4899
1.98443, 2.48397
1.74488, 2.46785
1.58248, 2.48004
1.42119, 2.47066
1.31185, 2.494
1.19359, 2.49314
1.07525, 2.47376
0.796067, 2.14858
0.748611, 2.17041
0.700703, 2.19079
0.673083, 2.27567
0.661985, 2.47197
0.594227, 2.49093
0.522652, 2.48149
0.453079, 2.4616
0.384897, 2.48073
0.372586, 2.4897
0.305366, 2.48257
0.23807, 2.47492
0.169139, 2.47039
0.0912868, 2.48575
0.0427052, 2.41841
0.0496512, 2.25596
0.0469277, 2.14939
0.0410525, 2.06909
0.0448773, 1.99067
0.0494134, 1.9244
0.0380853, 1.88261
0.0495534, 1.82611
0.0432386, 1.78951
0.0494302, 1.74801
0.0369693, 1.72007
0.0486783, 1.68222
0.0515506, 1.65112
0.0397818, 1.62571
0.0461504, 1.59617
0.0585845, 1.56756
0.0542756, 1.54195
0.0252212, 1.51534
0.0463365, 1.48923
0.0492355, 1.46276
0.0546582, 1.43669
0.0525883, 1.40817
0.0566302, 1.38047
0.0306221, 1.33754
0.0460902, 1.31124
0.0630768, 1.28604
0.0467571, 1.23543
0.039848, 1.18498
0.049326, 1.14347
0.0550135, 1.09262
0.0452419, 1.01274
0.0481603, 0.934545
0.0618851, 0.857393
0.0561455, 0.717028
0.0566974, 0.541621
0.0579733, 0.288027
0.105138, 0.084492
0.210832, 0.0939703
0.311168, 0.0799599
0.412341, 0.0643729
0.513987, 0.0746527
0.617017, 0.0701424
0.718972, 0.0834682
0.829555, 0.0695929
0.935339, 0.0871973
1.05423, 0.0813329
1.18358, 0.0713992
1.31598, 0.0748625
1.44772, 0.095189
1.60927, 0.0926671
1.79915, 0.0816676
2.00215, 0.0850006
2.24485, 0.0832362
2.44404, 0.143649
2.47878, 0.321492
2.46054, 0.516232
1.58646, 1.04713
0.746831, 1.4178
0.688549, 1.45715
0.667233, 1.48036
0.693655, 1.49476
0.680105, 1.51422
0.67139, 1.53182
0.665601, 1.54857
0.664876, 1.5656
0.684346, 1.58788
0.69158, 1.6098
2.4319, 2.32556
2.41777, 2.48651
2.117, 2.49266
1.86715, 2.48948
1.66113, 2.48322
1.49772, 2.48383
1.35674, 2.48314
1.22848, 2.47612
1.13014, 2.48915
0.826457, 2.16309
0.759007, 2.14882
0.714712, 2.17104
0.685628, 2.23564
0.703403, 2.48786
0.632055, 2.48956
0.562191, 2.48846
0.492718, 2.47142
0.426338, 2.46914
0.437792, 2.48868
0.372642, 2.47184
0.305353, 2.48659
0.238354, 2.48329
0.173894, 2.46545
0.0973691, 2.4823
0.0462062, 2.42554
0.0436479, 2.28418
0.0420804, 2.17474
0.0489129, 2.07587
0.0444955, 2.00946
0.0529674, 1.93928
0.0432722, 1.89668
0.0390964, 1.85356
0.0540664, 1.80123
0.0381701, 1.77404
0.0405854, 1.73769
0.0475524, 1.70224
0.03514, 1.67629
0.0524682, 1.64208
0.0410428, 1.61687
0.0480563, 1.5886
0.0672856, 1.56121
0.0458359, 1.53568
0.0411909, 1.50864
0.061275, 1.48469
0.051862, 1.45598
0.0487148, 1.42692
0.0643189, 1.40346
0.0543674, 1.36876
0.0519743, 1.3345
0.0559464, 1.30127
0.0543821, 1.26114
0.0553267, 1.21845
0.0484854, 1.16233
0.0532731, 1.11018
0.0640785, 1.05757
0.0576087, 0.968475
0.0573396, 0.867743
0.0639459, 0.752173
0.0610995, 0.570228
0.0575143, 0.301035
0.0994874, 0.0701614
0.206646, 0.0730428
0.310754, 0.0700751
0.41406, 0.0532761
0.51794, 0.0630827
0.620576, 0.0787653
0.722422, 0.0969452
0.835229, 0.0773762
0.946785, 0.0817956
1.0617, 0.0901706
1.19302, 0.0788159
1.33025, 0.0768014
1.46789, 0.0919139
1.63275, 0.0891083
1.83088, 0.07323
2.02942, 0.0850342
2.26562, 0.091856
2.47441, 0.148019
2.44034, 0.368696
1.59402, 0.968071
1.58508, 1.07023
0.704437, 1.45269
0.694967, 1.47635
0.680899, 1.49871
0.67341, 1.51785
0.679681, 1.53513
0.671047, 1.55272
0.694572, 1.57246
0.681483, 1.58946
0.714731, 1.61643
2.4544, 2.19849
2.44954, 2.35718
2.36815, 2.48725
2.06235, 2.48576
1.82672, 2.4866
1.62564, 2.47975
1.47175, 2.48465
1.34011, 2.49014
1.21143, 2.48013
1.1083, 2.48369
0.813371, 2.16581
0.761865, 2.17807
0.716615, 2.19976
0.679172, 2.24341
0.695327, 2.48794
0.624875, 2.48644
0.555347, 2.47532
0.489268, 2.47202
0.493212, 2.48217
0.428965, 2.48788
0.364997, 2.47782
0.298225, 2.49425
0.236105, 2.47109
0.166989, 2.47775
0.100173, 2.46762
0.0480042, 2.41979
0.0467068, 2.28241
0.0512162, 2.16772
0.048537, 2.0868
0.0543033, 2.00973
0.0429668, 1.96313
0.0447261, 1.90954
0.0432748, 1.86509
0.0578447, 1.81423
0.046079, 1.78519
0.045573, 1.75132
0.0317168, 1.72504
0.0730021, 1.68034
0.0418858, 1.66142
0.0510356, 1.63173
0.0608259, 1.60398
0.0538948, 1.57858
0.0538213, 1.55258
0.0583283, 1.52692
0.0605687, 1.50112
0.067787, 1.47623
0.0637774, 1.44783
0.043787, 1.41107
0.044862, 1.37957
0.0634079, 1.35609
0.0569449, 1.31644
0.0551611, 1.27556
0.0560842, 1.23211
0.0502063, 1.17586
0.0475859, 1.11379
0.0547218, 1.05345
0.0670593, 0.989626
0.0569933, 0.869205
0.0567841, 0.73265
0.0610203, 0.556974
0.0587429, 0.274521
0.114832, 0.0848532
0.21985, 0.0721635
0.325635, 0.0746067
0.43007, 0.0838864
0.533783, 0.0859161
0.638689, 0.0851145
0.748039, 0.0741916
0.857659, 0.0792667
0.969577, 0.0885193
1.08894, 0.0914554
1.22751, 0.0723316
1.36213, 0.0810609
1.50435, 0.0946725
1.68493, 0.0788323
1.85786, 0.0966344
2.09085, 0.0811365
2.33056, 0.093015
2.46164, 0.207954
2.45678, 0.407665
1.59823, 1.0017
0.708029, 1.45316
0.68035, 1.48428
0.684709, 1.50248
0.67693, 1.52273
0.688668, 1.5395
0.698641, 1.55773
0.687496, 1.5764
0.703524, 1.59666
0.720918, 1.61975
2.43706, 2.08273
2.44312, 2.23783
2.45842, 2.40503
2.28623, 2.49114
1.97944, 2.47931
1.77902, 2.49463
1.58805, 2.48949
1.43491, 2.49005
1.31311, 2.50075
1.18732, 2.4899
0.862182, 2.17816
0.791186, 2.16296
0.748197, 2.18646
0.693963, 2.18442
0.671815, 2.26337
0.683022, 2.49828
0.612253, 2.48969
0.545663, 2.48889
0.55009, 2.49061
0.485648, 2.48337
0.422687, 2.49785
0.358182, 2.50525
0.295214, 2.49033
0.231576, 2.48217
0.163952, 2.48483
0.101939, 2.46367
0.0509979, 2.41747
0.045658, 2.29301
0.0508369, 2.17989
0.0531082, 2.0939
0.0566666, 2.02162
0.0497236, 1.97153
0.0534635, 1.91775
0.042743, 1.88188
0.0334911, 1.84729
0.0523106, 1.79861
0.0543094, 1.76423
0.0468071, 1.7361
0.0539341, 1.70384
0.0583985, 1.6746
0.0587219, 1.64764
0.0382007, 1.62336
0.0493879, 1.59572
0.0566946, 1.56957
0.0593987, 1.54377
0.060031, 1.51754
0.0408544, 1.48558
0.0519195, 1.45984
0.0504469, 1.42925
0.0527508, 1.39849
0.0491315, 1.36234
0.0491314, 1.32503
0.0523848, 1.28652
0.0466265, 1.23566
0.0580484, 1.19509
0.0572013, 1.13481
0.0619858, 1.07108
0.0505813, 0.967579
0.0550558, 0.866066
0.0560673, 0.725444
0.0617659, 0.543827
0.059766, 0.244476
0.125317, 0.0765407
0.231416, 0.0578519
0.340698, 0.0821359
0.44608, 0.0764527
0.551285, 0.0847905
0.660986, 0.064155
0.768483, 0.0767663
0.879465, 0.0833233
1.00551, 0.0602668
1.12324, 0.0773532
1.25073, 0.0864829
1.3959, 0.0819337
1.54728, 0.088315
1.71418, 0.0950383
1.91087, 0.0923997
2.13844, 0.0888405
2.39464, 0.0940356
2.45791, 0.258892
2.45744, 0.453344
0.705326, 1.45536
0.668931, 1.49244
0.664252, 1.51282
0.6841, 1.52599
0.682958, 1.54483
0.695037, 1.56192
0.688672, 1.58083
0.693177, 1.59935
0.722216, 1.62162
2.46073, 1.97867
2.46388, 2.12937
2.44336, 2.27813
2.45808, 2.44621
2.19793, 2.48684
1.90974, 2.4758
1.70212, 2.47803
1.53931, 2.48617
1.39271, 2.48621
1.26497, 2.48451
1.14089, 2.46769
0.838289, 2.17335
0.770889, 2.15843
0.7291, 2.17925
0.684864, 2.19414
0.732381, 2.47509
0.665735, 2.48025
0.599945, 2.48086
0.603975, 2.47875
0.540938, 2.47615
0.479936, 2.48361
0.418669, 2.46968
0.357873, 2.47194
0.294216, 2.48594
0.232056, 2.4785
0.168612, 2.47214
0.10307, 2.46647
0.0490373, 2.42995
0.0545214, 2.28849
0.0507307, 2.19397
0.0606763, 2.09917
0.0422893, 2.05455
0.0512419, 1.98679
0.053477, 1.93497
0.0641854, 1.88301
0.0572329, 1.8492
0.0456829, 1.81996
0.0585976, 1.77993
0.0398911, 1.75635
0.0758437, 1.71471
0.0486355, 1.69437
0.0556904, 1.66548
0.0845603, 1.6363
0.0501107, 1.6126
0.0479193, 1.58583
0.0647241, 1.56089
0.0546938, 1.53266
0.0652879, 1.50777
0.056522, 1.47675
0.0738457, 1.45404
0.052999, 1.41293
0.0548326, 1.3794
0.0456977, 1.33548
0.0602532, 1.30492
0.0663723, 1.26493
0.0550678, 1.20149
0.0495737, 1.13318
0.0530278, 1.06387
0.0597627, 0.985076
0.0601509, 0.873882
0.0532638, 0.709745
0.0583267, 0.513961
0.0607626, 0.20787
0.140538, 0.0865888
0.247732, 0.0721616
0.356885, 0.0931933
0.463223, 0.073273
0.572089, 0.0597465
0.679492, 0.0755948
0.788642, 0.0849895
0.903498, 0.0834863
1.0252, 0.0780723
1.14004, 0.103299
1.29406, 0.0661334
1.43055, 0.08313
1.5957, 0.0765002
1.76222, 0.0906246
1.96014, 0.0932295
2.19498, 0.0896987
2.46148, 0.0940505
2.45365, 0.309323
0.708268, 1.45436
0.68198, 1.49074
0.681121, 1.51171
0.676054, 1.53274
0.66651, 1.55322
0.673035, 1.56931
0.701601, 1.5842
0.696625, 1.60325
0.722698, 1.62343
0.759027, 1.64879
2.45769, 2.01617
2.45137, 2.16442
2.4589, 2.32253
2.45018, 2.48269
2.12752, 2.48838
1.871, 2.48807
1.64491, 2.47185
1.49701, 2.48504
1.34741, 2.47624
1.23235, 2.48143
1.13013, 2.48619
0.81613, 2.16752
0.751449, 2.15146
0.712597, 2.17268
0.68651, 2.22546
0.716772, 2.46457
0.652476, 2.46859
0.658803, 2.47542
0.596079, 2.47427
0.534164, 2.46469
0.475217, 2.46827
0.416049, 2.47675
0.356545, 2.474
0.295031, 2.48111
0.232024, 2.48422
0.172548, 2.46779
0.101497, 2.48019
0.0541825, 2.43029
0.0525544, 2.30627
0.0530982, 2.20622
0.0544546, 2.12442
0.0565106, 2.05575
0.059742, 1.9963
0.0600374, 1.94748
0.0595768, 1.90479
0.0559585, 1.86827
0.0508961, 1.83519
0.0510368, 1.80148
0.0439775, 1.77258
0.0793561, 1.73159
0.0560888, 1.71016
0.058611, 1.68232
0.0371959, 1.65729
0.0273018, 1.62945
0.0565781, 1.60266
0.0670254, 1.57728
0.0636248, 1.55007
0.0648765, 1.52289
0.0552392, 1.49094
0.0653416, 1.46458
0.0637018, 1.43189
0.0624723, 1.39673
0.0450576, 1.34664
0.071479, 1.32495
0.0567831, 1.26536
0.0660384, 1.22129
0.0456111, 1.13381
0.0518254, 1.06515
0.0623704, 0.989187
0.0614824, 0.871173
0.0571771, 0.705804
0.0590866, 0.490473
0.0547363, 0.135461
0.155157, 0.0866003
0.264341, 0.0787182
0.37372, 0.0902067
0.48164, 0.0761953
0.590155, 0.0804148
0.697718, 0.0956683
0.815771, 0.0698579
0.933499, 0.0694271
1.05504, 0.0731395
1.18461, 0.0735828
1.31965, 0.0802337
1.46111, 0.0926878
1.63826, 0.074707
1.80797, 0.0907958
2.0118, 0.0934477
2.25899, 0.0858857
2.45899, 0.14639
0.710737, 1.45274
0.683694, 1.49301
0.689887, 1.51181
0.676522, 1.53748
0.682669, 1.55439
0.677261, 1.57396
0.685922, 1.5902
0.712263, 1.60606
0.751319, 1.6254
0.776774, 1.64929
2.45812, 1.90762
2.43336, 2.04833
2.46292, 2.20527
2.44345, 2.35505
2.34846, 2.47628
2.05223, 2.48467
1.81241, 2.48582
1.61278, 2.48111
1.46297, 2.48821
1.30913, 2.47001
1.20565, 2.48199
0.866984, 2.17892
0.800685, 2.16829
0.747662, 2.16785
0.712231, 2.19498
0.686858, 2.25042
0.712969, 2.48408
0.719783, 2.4905
0.650439, 2.47014
0.596814, 2.50791
0.53244, 2.48275
0.473323, 2.47779
0.414722, 2.48864
0.356877, 2.47454
0.295672, 2.48656
0.234582, 2.48507
0.173857, 2.47645
0.113849, 2.46213
0.0554039, 2.44169
0.0638994, 2.30266
0.0483735, 2.23073
0.0592227, 2.13653
0.053593, 2.07767
0.0609434, 2.01403
0.060583, 1.96594
0.077064, 1.91088
0.0512791, 1.88987
0.0803554, 1.83791
0.0410316, 1.82415
0.0581081, 1.78531
0.03839, 1.76131
0.0678855, 1.72507
0.0581194, 1.6995
0.0512056, 1.67287
0.0776385, 1.64554
0.0572767, 1.61863
0.0648575, 1.59253
0.0499032, 1.56217
0.0763819, 1.54068
0.0692718, 1.50984
0.0606667, 1.47569
0.0585832, 1.44156
0.0679742, 1.41168
0.0648241, 1.37128
0.0697186, 1.33285
0.0559058, 1.27219
0.0631235, 1.22407
0.0489671, 1.14141
0.0785576, 1.10537
0.0500218, 0.964335
0.0595923, 0.858157
0.0606605, 0.69644
0.0620062, 0.467249
0.0633676, 0.110735
0.167885, 0.0666298
0.27916, 0.0535283
0.391705, 0.072957
0.500919, 0.0954839
0.611112, 0.0853836
0.726155, 0.0657052
0.837169, 0.0845313
0.961498, 0.0670091
1.07789, 0.0894097
1.21773, 0.0716456
1.35651, 0.0772904
1.50324, 0.0874285
1.68527, 0.0696112
1.85974, 0.0864452
2.07249, 0.0870049
2.33005, 0.0782693
0.718537, 1.44641
0.695065, 1.48893
0.69932, 1.51024
0.684326, 1.53905
0.678565, 1.56081
0.690813, 1.57569
0.712763, 1.58967
0.723668, 1.60777
0.733707, 1.62711
0.768013, 1.64785
2.47431, 1.80256
2.46361, 1.9451
2.45442, 2.08944
2.45416, 2.23965
2.47253, 2.40312
2.28473, 2.48421
1.9835, 2.48194
1.75581, 2.4824
1.57046, 2.48083
1.42706, 2.4875
1.29046, 2.48033
1.17691, 2.47761
0.831959, 2.15527
0.790795, 2.17444
0.742993, 2.17994
0.703362, 2.19652
0.690151, 2.2796
0.688728, 2.28574
0.695916, 2.46757
0.638025, 2.47902
0.577218, 2.47057
0.520392, 2.47828
0.463121, 2.4818
0.40569, 2.48185
0.348415, 2.47719
0.287815, 2.48814
0.2279, 2.48445
0.169665, 2.47074
0.107288, 2.46471
0.0436755, 2.45532
0.054508, 2.31619
0.0661213, 2.20643
0.0518162, 2.15021
0.0585206, 2.07856
0.0519384, 2.03021
0.0626496, 1.97292
0.0510399, 1.93883
0.0569709, 1.89585
0.0713704, 1.85283
0.0617054, 1.82492
0.05689, 1.79564
0.0635769, 1.76401
0.0686217, 1.73478
0.0606476, 1.70861
0.0707107, 1.68085
0.0836071, 1.65475
0.0748645, 1.62846
0.0592699, 1.59952
0.0558508, 1.57054
0.066824, 1.54454
0.0858945, 1.5221
0.0515236, 1.47608
0.0552836, 1.44321
0.0604147, 1.40912
0.0641733, 1.37146
0.0674647, 1.32973
0.07344, 1.28575
0.0686277, 1.22349
0.0623126, 1.14749
0.0676517, 1.0729
0.0692109, 0.974052
0.0671911, 0.838795
0.0672864, 0.660347
0.069143, 0.406842
0.0871168, 0.07109
0.201543, 0.0650855
0.316609, 0.0862343
0.427084, 0.0821246
0.537939, 0.0780316
0.646861, 0.100532
0.765521, 0.0682757
0.876517, 0.0930651
0.99855, 0.0886707
1.12908, 0.080296
1.26047, 0.0883495
1.41021, 0.0805737
1.56594, 0.0847777
1.73816, 0.0880076
1.9241, 0.0984495
2.15009, 0.0948651
2.40753, 0.0963726
0.703115, 1.48492
0.675642, 1.52643
0.685664, 1.54218
0.690443, 1.56041
0.691441, 1.57952
0.69643, 1.59685
0.718046, 1.61116
0.752215, 1.62666
0.749194, 1.64829
2.48167, 1.71449
2.48369, 1.85765
2.43674, 1.99484
2.46786, 2.14739
2.46245, 2.29807
2.44736, 2.45098
2.20179, 2.50026
1.90203, 2.48662
1.68639, 2.4839
1.51294, 2.48167
1.38057, 2.48993
1.26818, 2.49991
1.15301, 2.49118
0.818219, 2.16532
0.7687, 2.16893
0.728488, 2.18287
0.702982, 2.22695
0.700702, 2.21523
0.686514, 2.29184
0.692698, 2.46888
0.634014, 2.46668
0.57616, 2.456
0.522693, 2.46596
0.468351, 2.46777
0.413539, 2.47475
0.360481, 2.45707
0.301334, 2.47724
0.247066, 2.46312
0.181872, 2.47969
0.123614, 2.46712
0.0620846, 2.45733
0.0576753, 2.34879
0.0532586, 2.26205
0.0558232, 2.18181
0.045767, 2.12782
0.0544095, 2.0628
0.0685521, 2.00239
0.0622429, 1.96432
0.0575973, 1.92792
0.0508178, 1.89485
0.0508302, 1.86028
0.0670315, 1.82225
0.0498353, 1.7968
0.0679957, 1.76336
0.0598765, 1.73626
0.0551742, 1.70831
0.0614463, 1.68018
0.060824, 1.65214
0.0825815, 1.6274
0.0592158, 1.59425
0.0741877, 1.56879
0.0630808, 1.53399
0.0714613, 1.50494
0.0633487, 1.46571
0.0493037, 1.41809
0.060533, 1.38324
0.0562891, 1.3323
0.0573242, 1.27937
0.0692063, 1.23119
0.0554348, 1.14125
0.0636206, 1.06494
0.0729395, 0.972999
0.0681868, 0.823872
0.0664469, 0.627282
0.0717351, 0.36245
0.103029, 0.0508801
0.224288, 0.0693623
0.339255, 0.0704949
0.452846, 0.0653043
0.566272, 0.0726569
0.680803, 0.072054
0.799684, 0.0616269
0.915889, 0.0783792
1.04092, 0.0770232
1.17647, 0.0669541
1.30317, 0.0928139
1.45806, 0.0828811
1.61847, 0.086831
1.80781, 0.0759243
2.01021, 0.0776053
0.692159, 1.48067
0.690964, 1.50948
0.688889, 1.53572
0.69387, 1.55522
0.7003, 1.57315
0.707327, 1.59052
0.70551, 1.61078
0.722968, 1.62505
0.759369, 1.63788
2.45667, 1.47951
2.46056, 1.61987
2.46678, 1.76015
2.45945, 1.90057
2.45217, 2.04204
2.46285, 2.19049
2.45362, 2.33927
2.43747, 2.49087
2.10986, 2.49689
1.83334, 2.48533
1.64816, 2.49411
1.47816, 2.48839
1.33407, 2.48018
1.2159, 2.47621
0.866651, 2.17757
0.800188, 2.16141
0.746644, 2.15222
0.72176, 2.1864
0.727656, 2.18082
0.707422, 2.2204
0.686708, 2.26948
0.709466, 2.48034
0.656172, 2.48916
0.599103, 2.4708
0.5477, 2.47467
0.496228, 2.4692
0.444975, 2.47555
0.394377, 2.46643
0.340676, 2.47497
0.291686, 2.45613
0.228283, 2.48095
0.16807, 2.48262
0.104259, 2.48355
0.0522698, 2.4569
0.0478712, 2.36186
0.0593397, 2.264
0.0655306, 2.1887
0.0618642, 2.13375
0.0707083, 2.07496
0.0633432, 2.03484
0.0596096, 1.99529
0.0607935, 1.95593
0.0619674, 1.91941
0.059661, 1.88631
0.0532026, 1.85551
0.0575678, 1.8229
0.0564817, 1.79237
0.0683303, 1.76159
0.0599179, 1.73218
0.0547576, 1.7018
0.089027, 1.6768
0.0636785, 1.64188
0.0766409, 1.61417
0.0633851, 1.57679
0.0658556, 1.54287
0.0481673, 1.49559
0.0676614, 1.46639
0.074565, 1.42758
0.0760135, 1.38056
0.0676556, 1.3176
0.0715168, 1.258
0.0757158, 1.18881
0.0643968, 1.08144
0.0730041, 0.982455
0.0747792, 0.840512
0.0738576, 0.640013
0.0795474, 0.36908
0.111878, 0.051376
0.236744, 0.0679419
0.355941, 0.0742482
0.472847, 0.0645683
0.58851, 0.0944891
0.708713, 0.0663318
0.829142, 0.0675263
0.952707, 0.0694644
1.07797, 0.0797017
1.20911, 0.0878119
1.3586, 0.0744845
1.5045, 0.088596
1.66589, 0.0965912
0.689913, 1.49579
0.695845, 1.522
0.678027, 1.56703
0.703653, 1.56998
0.706983, 1.59124
0.728792, 1.6002
0.734339, 1.61943
0.773983, 1.62416
0.772093, 1.64773
2.09116, 1.33426
2.14358, 1.44248
2.47204, 1.52506
2.47088, 1.66493
2.47324, 1.80398
2.46364, 1.94275
2.45565, 2.08244
2.46117, 2.22773
2.46946, 2.37979
2.36162, 2.49355
2.01547, 2.48295
1.78934, 2.49024
1.60716, 2.49459
1.4438, 2.48721
1.31684, 2.48737
1.20341, 2.48252
0.823807, 2.14384
0.784438, 2.15216
0.749259, 2.16281
0.769252, 2.15057
0.743883, 2.1691
0.714151, 2.17996
0.69269, 2.20877
0.684113, 2.2824
0.697607, 2.47339
0.649973, 2.48968
0.59777, 2.47702
0.548738, 2.47372
0.500301, 2.48551
0.451802, 2.47752
0.402328, 2.47918
0.352704, 2.47567
0.303978, 2.46553
0.241655, 2.48914
0.196622, 2.46091
0.137293, 2.46042
0.0698479, 2.46515
0.0615526, 2.3819
0.0518128, 2.31342
0.060554, 2.23542
0.0597279, 2.1771
0.0592953, 2.12506
0.0699967, 2.07096
0.0638458, 2.03233
0.068979, 1.9905
0.0541381, 1.95966
0.067257, 1.91988
0.0718881, 1.88552
0.0529573, 1.85658
0.0731984, 1.82229
0.0587548, 1.79176
0.0657881, 1.76045
0.0674764, 1.72922
0.0618168, 1.69623
0.055172, 1.66125
0.0808676, 1.6352
0.0541047, 1.5891
0.0842749, 1.5655
0.0754043, 1.52091
0.0638371, 1.46916
0.0563947, 1.4137
0.0656766, 1.36611
0.0645962, 1.30201
0.0749196, 1.24144
0.0701883, 1.14919
0.0791991, 1.05858
0.0768862, 0.922742
0.0769931, 0.748425
0.0897861, 0.541538
0.0872641, 0.170832
0.18726, 0.0718037
0.310387, 0.0752654
0.43056, 0.0689651
0.550613, 0.071881
0.670347, 0.0779577
0.794762, 0.0599106
0.91052, 0.101386
1.04684, 0.0706383
1.17591, 0.085326
1.317, 0.0855297
1.47456, 0.0736429
0.711299, 1.48128
0.698249, 1.54018
0.703037, 1.56729
0.699463, 1.59926
0.721785, 1.60446
0.731087, 1.62168
0.743766, 1.63628
0.766511, 1.64585
0.797998, 1.6538
2.46945, 1.05133
2.11057, 1.31027
2.12277, 1.42703
2.46756, 1.49216
2.4779, 1.63006
2.46692, 1.76808
2.45955, 1.90461
2.46231, 2.04263
2.47617, 2.18589
2.4516, 2.32458
2.47562, 2.48255
2.14396, 2.49687
1.8658, 2.49209
1.67022, 2.49724
1.49585, 2.4894
1.36467, 2.49073
1.23969, 2.4786
0.853751, 2.15996
0.804921, 2.1555
0.828359, 2.14643
0.792745, 2.15236
0.7591, 2.15693
0.732654, 2.16989
0.712123, 2.19451
0.696832, 2.23728
0.738899, 2.47506
0.689007, 2.47731
0.63826, 2.46658
0.591787, 2.47171
0.545096, 2.47177
0.498806, 2.46649
0.453325, 2.45823
0.404173, 2.47261
0.35407, 2.47774
0.301254, 2.48333
0.249, 2.4795
0.192771, 2.47854
0.143459, 2.45911
0.0790264, 2.45975
0.0641955, 2.38949
0.0712224, 2.3048
0.0590923, 2.25134
0.0682041, 2.18541
0.0622175, 2.1387
0.0684356, 2.08816
0.0685188, 2.04582
0.0773749, 2.00266
0.0802654, 1.96538
0.0718375, 1.93345
0.0724071, 1.89974
0.0613146, 1.8686
0.053254, 1.8363
0.0725744, 1.8034
0.0899029, 1.77301
0.0625757, 1.73802
0.0758024, 1.70744
0.0873797, 1.67729
0.07073, 1.63692
0.0522347, 1.59113
0.0807112, 1.56522
0.0775971, 1.52121
0.0732502, 1.47169
0.0741029, 1.42056
0.0764735, 1.36451
0.069014, 1.28934
0.0778318, 1.22134
0.0884917, 1.14377
0.0733384, 1.00347
0.0800335, 0.866934
0.0843041, 0.677854
0.0840607, 0.392317
0.114174, 0.069494
0.241488, 0.0742817
0.36415, 0.0672109
0.485892, 0.045845
0.608224, 0.0669191
0.733035, 0.0488114
0.855343, 0.0683684
0.983042, 0.0694159
1.10886, 0.0897016
1.25672, 0.0651386
1.39444, 0.0854792
0.699982, 1.5145
0.707737, 1.54512
0.717475, 1.56865
0.724254, 1.59286
0.741565, 1.60467
0.74883, 1.62547
0.782123, 1.62667
0.79281, 1.64586
0.821907, 1.65549
2.48338, 0.971078
2.11811, 1.25527
2.10951, 1.37967
2.46982, 1.42586
2.46268, 1.56636
2.47968, 1.70212
2.47191, 1.83885
2.47633, 1.97584
2.47556, 2.11431
2.47855, 2.25662
2.46837, 2.4
2.29424, 2.48536
1.96332, 2.4773
1.74213, 2.48154
1.55917, 2.4787
1.42349, 2.48434
1.30474, 2.48526
0.874813, 2.15714
1.20954, 2.4673
0.832326, 2.14842
0.804246, 2.16223
0.771116, 2.167
0.741332, 2.17342
0.722388, 2.19891
0.705311, 2.23434
0.746477, 2.45902
0.70349, 2.47957
0.655845, 2.48158
0.605913, 2.45398
0.562679, 2.4829
0.517007, 2.46964
0.473165, 2.45465
0.425834, 2.46816
0.376958, 2.47543
0.332383, 2.46084
0.27769, 2.47147
0.217722, 2.48327
0.166262, 2.46997
0.09883, 2.47685
0.0701119, 2.42424
0.0754806, 2.33871
0.0682106, 2.27846
0.0643726, 2.22202
0.0767986, 2.15953
0.077101, 2.11232
0.0681018, 2.07406
0.0645748, 2.0349
0.0699664, 1.99439
0.0706856, 1.95796
0.0818999, 1.92085
0.0919811, 1.88652
0.0651202, 1.8568
0.0734103, 1.82366
0.0639108, 1.79042
0.0681919, 1.75745
0.0660951, 1.72307
0.0785417, 1.69153
0.0751407, 1.65467
0.0601694, 1.61019
0.0560375, 1.56646
0.0837974, 1.53877
0.0893498, 1.49636
0.08078, 1.43829
0.077567, 1.37683
0.0754397, 1.30713
0.0642993, 1.21363
0.0782185, 1.13729
0.0773096, 1.01937
0.0720304, 0.859362
0.0724886, 0.658535
0.0751197, 0.37909
0.105746, 0.0579765
0.23715, 0.0719941
0.363516, 0.0863017
0.485059, 0.0653242
0.608116, 0.0671434
0.731364, 0.0711585
0.852035, 0.0967926
0.98665, 0.065697
1.12011, 0.0662953
1.25946, 0.0677949
0.695131, 1.50703
0.696986, 1.55285
0.709306, 1.57379
0.720937, 1.59327
0.742076, 1.60066
0.755025, 1.61755
0.775295, 1.62797
0.783305, 1.6487
0.830703, 1.64431
2.45419, 0.823332
2.47963, 0.977132
2.13193, 1.25787
2.09138, 1.3919
2.47609, 1.42838
2.48315, 1.56694
2.46966, 1.7052
2.45924, 1.84042
2.46548, 1.97565
2.46766, 2.11264
2.46887, 2.25263
2.46487, 2.39567
2.27506, 2.47463
1.96561, 2.47591
1.72665, 2.47082
1.54993, 2.47023
1.41894, 2.47757
1.29304, 2.4707
1.29347, 2.47442
0.879792, 2.16089
0.825715, 2.14794
0.796648, 2.15737
0.762065, 2.15581
0.729519, 2.15209
0.722791, 2.19685
0.705322, 2.22849
0.75385, 2.48396
0.704018, 2.4786
0.657725, 2.48056
0.613195, 2.49344
0.56637, 2.45502
0.522508, 2.46834
0.477769, 2.47081
0.433877, 2.46308
0.389782, 2.45575
0.340349, 2.46222
0.283736, 2.47777
0.229815, 2.47677
0.174389, 2.47188
0.111729, 2.47144
0.0676626, 2.44006
0.0642023, 2.36434
0.0720061, 2.28824
0.0674936, 2.23253
0.0715745, 2.17619
0.0803748, 2.12284
0.0784038, 2.08049
0.0586009, 2.04838
0.0703315, 2.00456
0.0722054, 1.96705
0.0730206, 1.9314
0.0650679, 1.89789
0.096239, 1.8618
0.0844599, 1.82957
0.0657559, 1.79499
0.0791073, 1.76245
0.0706976, 1.72602
0.0774424, 1.69184
0.0870838, 1.65823
0.0757383, 1.61434
0.0733602, 1.57081
0.0796085, 1.52902
0.0697898, 1.47199
0.0760312, 1.42115
0.0696376, 1.35192
0.0786447, 1.28905
0.077747, 1.20325
0.0805047, 1.10528
0.0691445, 0.958248
0.0841025, 0.823384
0.0760993, 0.582471
0.0761663, 0.25804
0.153169, 0.0761865
0.278847, 0.0623555
0.404394, 0.0562673
0.529606, 0.0709174
0.652442, 0.0871005
0.77914, 0.0626372
0.908674, 0.0527639
1.03588, 0.0700065
1.16952, 0.075972
0.704593, 1.48691
0.706661, 1.54118
0.711181, 1.57869
0.716768, 1.6075
0.736603, 1.61444
0.761451, 1.61753
0.776263, 1.63268
0.797533, 1.64278
0.836747, 1.64223
1.72784, 1.14236
2.47894, 0.872464
2.47701, 1.03641
2.09637, 1.31833
2.14336, 1.42371
2.49557, 1.47468
2.48498, 1.61494
2.47521, 1.75145
2.47761, 1.88604
2.46091, 2.01962
2.47459, 2.1577
2.46251, 2.29481
2.46747, 2.44023
2.165, 2.47197
1.88262, 2.47148
1.66224, 2.46508
1.51184, 2.47232
1.36328, 2.45956
1.38434, 2.4635
1.26439, 2.45381
0.875006, 2.15589
0.824511, 2.14388
0.787349, 2.13974
0.761208, 2.14597
0.745072, 2.16766
0.72629, 2.18735
0.706689, 2.20878
0.705173, 2.29567
0.710428, 2.46348
0.666796, 2.46907
0.622674, 2.46693
0.579387, 2.46506
0.535008, 2.4903
0.493164, 2.46382
0.452736, 2.44548
0.404772, 2.46056
0.355199, 2.46873
0.310871, 2.45608
0.263255, 2.44808
0.196152, 2.4684
0.139764, 2.46084
0.0749418, 2.45782
0.0773088, 2.37527
0.0697508, 2.31371
0.0628648, 2.25812
0.0742609, 2.19484
0.0712744, 2.14754
0.0758703, 2.09981
0.0605862, 2.06431
0.0684598, 2.02088
0.072957, 1.98145
0.0792245, 1.94373
0.0849246, 1.90793
0.0687618, 1.87457
0.0598064, 1.83932
0.078319, 1.80525
0.0836677, 1.77119
0.0713288, 1.73293
0.0841611, 1.69945
0.0763781, 1.65828
0.0725208, 1.61553
0.0690133, 1.56948
0.0764228, 1.52632
0.0900427, 1.48483
0.0758223, 1.41615
0.0654461, 1.3402
0.0734983, 1.27257
0.0755137, 1.186
0.0734751, 1.07538
0.0729852, 0.940044
0.0667044, 0.752036
0.079875, 0.546782
0.0755564, 0.190765
0.174052, 0.0760734
0.300466, 0.061963
0.427085, 0.0589735
0.552744, 0.0585116
0.67786, 0.0653418
0.804043, 0.0648914
0.932215, 0.0665114
1.06276, 0.0721048
1.1944, 0.0869761
0.705625, 1.53749
0.71834, 1.56475
0.723262, 1.59982
0.751991, 1.595
0.750437, 1.63137
0.782678, 1.62633
0.789037, 1.64984
0.834011, 1.64073
1.63425, 1.12138
2.47232, 0.734439
2.50096, 0.892415
2.46846, 1.06882
2.09283, 1.34482
2.16554, 1.44207
2.47941, 1.50186
2.46961, 1.63953
2.47456, 1.77312
2.46698, 1.90627
2.48565, 2.04152
2.47425, 2.17617
2.47635, 2.31576
2.46103, 2.45494
2.12922, 2.47218
1.85515, 2.47041
1.63661, 2.46047
1.50608, 2.47661
1.51965, 2.47295
1.37422, 2.46053
1.28798, 2.47699
0.872982, 2.15153
0.808366, 2.12025
0.798757, 2.1472
0.7739, 2.15454
0.742881, 2.14853
0.735526, 2.18713
0.713304, 2.19908
0.700893, 2.2453
0.717663, 2.4467
0.677874, 2.46364
0.635489, 2.46727
0.593148, 2.47631
0.550752, 2.4657
0.50805, 2.46638
0.462711, 2.47586
0.425839, 2.44487
0.375707, 2.46011
0.329992, 2.4542
0.268091, 2.47569
0.218939, 2.46351
0.159248, 2.46249
0.101289, 2.45194
0.0794448, 2.39738
0.0804472, 2.32651
0.0860603, 2.26066
0.0622535, 2.2228
0.0791405, 2.16122
0.0733415, 2.11814
0.0656201, 2.07799
0.0698268, 2.03506
0.0837317, 1.99216
0.0883972, 1.95442
0.0761989, 1.92021
0.0893935, 1.88375
0.0753445, 1.84862
0.0669344, 1.81194
0.0802145, 1.77722
0.0646757, 1.7366
0.0879067, 1.70465
0.0815737, 1.66288
0.0718089, 1.61619
0.0697733, 1.56922
0.0805324, 1.52656
0.0694986, 1.46453
0.0818805, 1.41459
0.0834296, 1.3488
0.0731464, 1.25917
0.0757351, 1.16934
0.081405, 1.06588
0.0746516, 0.91454
0.0718832, 0.725714
0.0780539, 0.491294
0.0771416, 0.124311
0.197585, 0.0824335
0.325157, 0.0746686
0.450473, 0.0568653
0.57707, 0.0615011
0.704258, 0.0458011
0.83046, 0.0622127
0.958579, 0.069918
1.08895, 0.0792021
0.704456, 1.53199
0.71502, 1.56886
0.725632, 1.59679
0.73736, 1.61768
0.768147, 1.60938
0.784656, 1.62361
0.799656, 1.63934
0.845639, 1.62683
0.881464, 1.62985
1.6637, 1.13102
2.46551, 0.770766
2.46607, 0.939761
2.13336, 1.23308
2.12069, 1.36011
2.48564, 1.38483
2.48485, 1.52408
2.48912, 1.65925
2.49772, 1.79285
2.47549, 1.92594
2.47811, 2.05912
2.4792, 2.19436
2.48739, 2.33489
2.44815, 2.46618
2.06319, 2.45843
1.81682, 2.46226
1.62422, 2.46163
1.64537, 2.47701
1.47162, 2.46135
1.37495, 2.47904
1.25936, 2.46734
0.860303, 2.14179
0.821083, 2.13578
0.792567, 2.13748
0.77786, 2.15736
0.755608, 2.16568
0.735267, 2.17728
0.71938, 2.20224
0.699894, 2.22378
0.724445, 2.46687
0.681786, 2.46901
0.638489, 2.4537
0.597585, 2.47254
0.555575, 2.47037
0.515255, 2.45564
0.469767, 2.47046
0.423227, 2.47683
0.379043, 2.4691
0.333936, 2.46068
0.283627, 2.45871
0.235085, 2.44815
0.169806, 2.45635
0.101594, 2.45822
0.0773053, 2.40602
0.0598507, 2.35155
0.0572692, 2.2897
0.0720282, 2.22232
0.0828179, 2.16517
0.075253, 2.12266
0.0682299, 2.08168
0.0870571, 2.03375
0.0676579, 1.99972
0.0849469, 1.95797
0.0844509, 1.92131
0.0824095, 1.88513
0.0859244, 1.84904
0.0686547, 1.81088
0.0499855, 1.7694
0.0866003, 1.73846
0.0733249, 1.69493
0.0908391, 1.66015
0.0703332, 1.60687
0.0942219, 1.5729
0.0700072, 1.50642
0.0835927, 1.45974
0.0753995, 1.38957
0.0625821, 1.30365
0.0779423, 1.23631
0.0820431, 1.14296
0.08525, 1.02838
0.0818806, 0.871938
0.0855957, 0.682433
0.0965144, 0.440787
0.101292, 0.0586238
0.233036, 0.0471152
0.367941, 0.0760743
0.494403, 0.0710306
0.620517, 0.0672891
0.747585, 0.0607323
0.874833, 0.0686432
1.00723, 0.060886
0.701395, 1.53305
0.713671, 1.57036
0.720349, 1.60961
0.736009, 1.6229
0.75738, 1.62623
0.783749, 1.62491
0.789839, 1.65074
0.821455, 1.64772
0.874423, 1.63052
1.62713, 1.09054
1.70475, 1.14751
2.47787, 0.820947
2.48087, 0.985782
2.11946, 1.28182
2.12433, 1.39957
2.48115, 1.43059
2.47167, 1.56894
2.45756, 1.7033
2.50972, 1.83267
2.47344, 1.96456
2.48293, 2.09779
2.45848, 2.22811
2.47947, 2.37059
2.38968, 2.48356
2.02781, 2.47423
1.79144, 2.47577
1.8387, 2.4795
1.65602, 2.48239
1.48966, 2.46991
1.3775, 2.47426
1.28553, 2.48077
0.892679, 2.16099
0.838934, 2.13811
0.810881, 2.13841
0.784673, 2.1374
0.772953, 2.15948
0.749837, 2.16057
0.73063, 2.1691
0.71207, 2.1807
0.700472, 2.22995
0.705486, 2.44881
0.666736, 2.46452
0.626238, 2.46048
0.585457, 2.46746
0.544441, 2.46634
0.505759, 2.45136
0.460918, 2.46062
0.416669, 2.45964
0.370314, 2.45841
0.322107, 2.45532
0.268906, 2.45485
0.206614, 2.46011
0.145626, 2.45495
0.0813831, 2.446
0.0621735, 2.38984
0.0626206, 2.32258
0.0513529, 2.27006
0.0772095, 2.19961
0.0636876, 2.1569
0.04714, 2.11633
0.0842801, 2.05869
0.0696829, 2.02112
0.0666337, 1.98085
0.0663439, 1.94083
0.0606692, 1.90145
0.072644, 1.86218
0.0786833, 1.82369
0.0849234, 1.78547
0.0794131, 1.74409
0.0641745, 1.69714
0.0863986, 1.66127
0.0686552, 1.60652
0.0822232, 1.56369
0.0859117, 1.51234
0.0828468, 1.45095
0.0784913, 1.38066
0.0939286, 1.32095
0.0805709, 1.21898
0.0932109, 1.13254
0.0768191, 0.981573
0.0924501, 0.850653
0.0853798, 0.628782
0.0875892, 0.346254
0.124418, 0.0494337
0.261453, 0.0554193
0.395405, 0.0734085
0.523039, 0.066978
0.650332, 0.0776333
0.778041, 0.06757
0.906391, 0.0722341
0.701362, 1.56497
0.719485, 1.58468
0.740845, 1.59044
0.752181, 1.61868
0.773282, 1.62304
0.798703, 1.62232
0.808336, 1.64608
0.850813, 1.62892
0.899441, 1.61364
1.61355, 1.0239
1.65034, 1.11086
1.75645, 1.14858
2.48173, 0.851381
2.4678, 1.02188
2.10692, 1.31396
2.15615, 1.41473
2.49261, 1.45089
2.46282, 1.59121
2.46871, 1.72107
2.4542, 1.85052
2.46873, 1.97905
2.46479, 2.10831
2.48372, 2.24363
2.46861, 2.37627
2.34938, 2.4761
2.01851, 2.47418
2.16341, 2.47538
1.88974, 2.47051
1.70971, 2.47737
1.55842, 2.47713
1.41927, 2.46378
1.33049, 2.47203
1.23577, 2.46219
1.16653, 2.46583
0.860142, 2.14531
0.829165, 2.13541
0.802385, 2.12583
0.787699, 2.13509
0.771382, 2.14096
0.756366, 2.15091
0.74318, 2.17198
0.726738, 2.1882
0.710136, 2.22429
0.692069, 2.4615
0.654108, 2.44966
0.615407, 2.45495
0.57724, 2.45022
0.53234, 2.46904
0.491752, 2.46264
0.454367, 2.44614
0.403437, 2.45627
0.354539, 2.45431
0.304457, 2.4483
0.243301, 2.45061
0.178122, 2.44895
0.0935477, 2.45701
0.076805, 2.39834
0.0748129, 2.33346
0.0682919, 2.27704
0.0740173, 2.21809
0.0741809, 2.16628
0.0728657, 2.11796
0.0845922, 2.06828
0.0927961, 2.02268
0.0709594, 1.98298
0.0721599, 1.93979
0.0793382, 1.89719
0.0599649, 1.85302
0.0909149, 1.81376
0.0918415, 1.7709
0.0871861, 1.72498
0.0869084, 1.67806
0.0751881, 1.62305
0.0765515, 1.56992
0.0794141, 1.51362
0.0876804, 1.45642
0.0968926, 1.39482
0.0805751, 1.30065
0.0910157, 1.22081
0.0913756, 1.11481
0.0891361, 0.982737
0.0818189, 0.808521
0.0878672, 0.610948
0.0924594, 0.339086
0.132504, 0.0623805
0.26711, 0.0466105
0.4058, 0.0710149
0.535938, 0.0669453
0.665061, 0.0485705
0.706027, 1.52733
0.727468, 1.57018
0.747289, 1.59311
0.76481, 1.61464
0.780866, 1.63358
0.801413, 1.63781
0.826923, 1.63382
0.846653, 1.64335
0.888541, 1.62239
2.19751, 0.0757974
2.41451, 0.0889435
1.60055, 1.07128
1.68221, 1.11747
2.47794, 0.680333
2.49888, 0.844456
2.48388, 1.01627
2.11318, 1.32105
2.16921, 1.41641
2.47968, 1.44988
2.46584, 1.58425
2.48557, 1.70956
2.48152, 1.83665
2.48768, 1.96274
2.45748, 2.0866
2.47175, 2.21552
2.48531, 2.34941
2.46948, 2.4805
2.46657, 2.35463
2.43446, 2.47481
2.09012, 2.47062
1.85239, 2.46825
1.67894, 2.46815
1.54028, 2.46608
1.42754, 2.4636
1.33995, 2.4667
1.26028, 2.46528
1.18471, 2.45647
1.13047, 2.46382
0.875907, 2.14433
0.851609, 2.13646
0.830417, 2.12923
0.821899, 2.15057
0.799153, 2.13102
0.784757, 2.13389
0.773565, 2.15937
0.756249, 2.14461
0.741139, 2.18214
0.722394, 2.19661
0.668661, 2.44298
0.63025, 2.44916
0.587899, 2.46191
0.551636, 2.44824
0.504599, 2.45881
0.455381, 2.4649
0.411591, 2.45482
0.360049, 2.45188
0.293806, 2.46032
0.233678, 2.45257
0.144035, 2.46447
0.0801265, 2.44313
0.0791711, 2.37328
0.0845978, 2.30591
0.0749895, 2.25176
0.0790869, 2.19437
0.0762018, 2.14292
0.0869011, 2.09
0.0765115, 2.04399
0.0852345, 1.9957
0.0835262, 1.94964
0.0641333, 1.90284
0.0766623, 1.85655
0.0759721, 1.80893
0.0863971, 1.76281
0.0916902, 1.71481
0.0743827, 1.65603
0.0855526, 1.60535
0.080068, 1.54293
0.0713592, 1.47218
0.0833012, 1.40935
0.0783285, 1.32553
0.0858976, 1.24267
0.0848539, 1.13743
0.0919352, 1.02392
0.0960847, 0.882174
0.0974072, 0.699292
0.0895829, 0.439167
0.100506, 0.131063
0.216548, 0.0503995
0.355655, 0.0498187
0.489616, 0.0396038
0.717666, 1.55196
0.743763, 1.59587
0.765953, 1.61117
0.785329, 1.63253
0.807174, 1.63087
0.827565, 1.63725
0.846189, 1.64823
0.879302, 1.62612
0.926391, 1.5882
1.92418, 0.0728405
2.1168, 0.0713163
2.32457, 0.0769952
1.61694, 1.03916
1.64696, 1.12913
1.77615, 1.13661
2.49914, 0.768388
2.50286, 0.935396
2.11844, 1.27468
2.12556, 1.3864
2.4839, 1.38303
2.48881, 1.51311
2.49143, 1.63998
2.47378, 1.76621
2.46899, 1.88803
2.46913, 2.00899
2.46151, 2.12986
2.48884, 2.25822
2.4697, 2.12775
2.47491, 2.24807
2.4663, 2.36873
2.36561, 2.46187
2.08413, 2.4703
1.84374, 2.45906
1.68708, 2.46136
1.5527, 2.45625
1.44051, 2.44849
1.37504, 2.46596
1.30038, 2.46634
1.23277, 2.46404
1.16121, 2.44542
1.11568, 2.45413
0.919798, 2.1685
0.891332, 2.14811
0.865985, 2.12394
0.857217, 2.14342
0.841482, 2.14003
0.824377, 2.11913
0.811127, 2.10903
0.799161, 2.12103
0.78498, 2.13938
0.769707, 2.14682
0.752717, 2.15575
0.731471, 2.17285
0.605957, 2.45762
0.566121, 2.45169
0.521588, 2.45108
0.474234, 2.44947
0.408725, 2.46655
0.371586, 2.43933
0.304279, 2.44187
0.224646, 2.44608
0.12456, 2.45485
0.0655113, 2.4225
0.0828091, 2.34232
0.0692653, 2.28507
0.0843789, 2.2185
0.0568451, 2.17076
0.0784077, 2.10973
0.0575628, 2.06053
0.0891806, 2.00478
0.0768659, 1.95504
0.0784297, 1.90442
0.070484, 1.85252
0.0840993, 1.80274
0.070882, 1.74644
0.106084, 1.70265
0.0769685, 1.63464
0.0815998, 1.57539
0.0695858, 1.5025
0.0759087, 1.43425
0.0878511, 1.36446
0.0797631, 1.26945
0.0875073, 1.17692
0.0754455, 1.04617
0.0900185, 0.926815
0.0851716, 0.75099
0.0981258, 0.562943
0.0929171, 0.274428
0.144645, 0.0362686
0.292978, 0.0458283
0.730866, 1.57898
0.759659, 1.60248
0.785051, 1.63282
0.806656, 1.62749
0.828282, 1.63104
0.852199, 1.61873
0.877244, 1.6114
0.907695, 1.59256
1.52079, 0.0715705
1.67619, 0.0697489
1.84605, 0.061374
2.01265, 0.0810081
2.22493, 0.0575221
1.62342, 0.99774
1.64984, 1.09483
1.72336, 1.14196
2.48893, 0.674537
2.49021, 0.849275
2.48909, 1.01038
2.10803, 1.33518
2.17106, 1.41893
2.49307, 1.42867
2.4853, 1.55717
2.48178, 1.67991
2.47888, 1.79947
2.46911, 1.91733
2.49101, 2.03538
2.47425, 1.92062
2.46491, 2.03389
2.47909, 2.14973
2.47845, 2.26671
2.47632, 2.3865
2.32492, 2.45848
2.03296, 2.45187
1.84275, 2.45512
1.68653, 2.45161
1.56554, 2.44987
1.47676, 2.45648
1.37967, 2.44285
1.31658, 2.44959
1.26154, 2.45796
1.20043, 2.45067
1.14913, 2.44877
1.10599, 2.45448
1.06257, 2.45433
0.925842, 2.16983
0.904184, 2.15315
0.885778, 2.13744
0.871726, 2.13648
0.857823, 2.13083
0.844657, 2.13078
0.831528, 2.12993
0.820053, 2.1188
0.808207, 2.11469
0.792382, 2.1238
0.774767, 2.13233
0.740755, 2.17058
0.569062, 2.43829
0.511456, 2.4532
0.472059, 2.43424
0.407307, 2.44203
0.340896, 2.44189
0.265308, 2.44088
0.184609, 2.43377
0.0722196, 2.43675
0.0693421, 2.36509
0.077044, 2.29349
0.0847242, 2.22735
0.0740889, 2.17102
0.085466, 2.11066
0.0860496, 2.0553
0.0729402, 2.00221
0.0879986, 1.94767
0.0770178, 1.89363
0.0917839, 1.84102
0.079346, 1.78389
0.0974967, 1.73189
0.0753979, 1.66601
0.0837789, 1.60693
0.0781088, 1.53795
0.0854108, 1.47088
0.0818744, 1.39102
0.077387, 1.30138
0.0832782, 1.20991
0.0953459, 1.11297
0.0894949, 0.978941
0.0953223, 0.83501
0.0817147, 0.6256
0.0975709, 0.416584
0.0942751, 0.0939179
0.216126, 0.0175059
0.763017, 1.6015
0.790674, 1.61626
0.814441, 1.62031
0.837794, 1.63778
0.859231, 1.63502
0.882406, 1.62001
0.909595, 1.59603
0.941131, 1.57094
1.45938, 0.0512974
1.61479, 0.0371984
1.76388, 0.0588406
1.93771, 0.0502613
2.11964, 0.0532219
1.6284, 0.942779
1.63107, 1.07243
1.69932, 1.1202
2.50375, 0.552006
2.49164, 0.747695
2.48227, 0.921069
2.11256, 1.2704
2.12352, 1.37505
2.26792, 1.42626
2.49241, 1.4717
2.48064, 1.59637
2.4739, 1.71505
2.4911, 1.82882
2.47194, 1.73871
2.49046, 1.85085
2.47979, 1.96428
2.47459, 2.07691
2.47737, 2.19138
2.48662, 2.31025
2.47611, 2.42831
2.19783, 2.44792
1.96596, 2.45004
1.78052, 2.44432
1.66129, 2.45394
1.53904, 2.44468
1.44099, 2.43729
1.37606, 2.44734
1.31523, 2.45382
1.24802, 2.4437
1.19077, 2.43645
1.14893, 2.44619
1.10777, 2.45351
1.05627, 2.4297
0.947221, 2.19838
0.918442, 2.15734
0.901582, 2.15004
0.88503, 2.13043
0.871559, 2.11944
0.859049, 2.11996
0.845227, 2.12976
0.8334, 2.12101
0.819831, 2.12214
0.800867, 2.1369
0.790373, 2.12459
0.763367, 2.14679
0.734651, 2.16314
0.526112, 2.42831
0.464453, 2.43815
0.39374, 2.44815
0.331873, 2.43932
0.261135, 2.43058
0.163708, 2.43196
0.0808345, 2.41151
0.0815795, 2.33925
0.0928141, 2.26763
0.0867187, 2.20755
0.0925059, 2.14629
0.0738152, 2.09272
0.0680841, 2.03644
0.0966744, 1.97863
0.0853362, 1.92435
0.0761677, 1.86851
0.0900094, 1.8144
0.0912404, 1.75804
0.0648328, 1.69136
0.0726179, 1.63125
0.0713467, 1.5646
0.0794882, 1.49849
0.0684135, 1.41553
0.0891223, 1.34716
0.0799625, 1.24788
0.0811881, 1.1447
0.0921146, 1.03724
0.0844567, 0.887386
0.0942059, 0.732351
0.0819542, 0.500454
0.0886091, 0.239532
0.718936, 1.54353
0.766059, 1.59761
0.793258, 1.60438
0.821248, 1.62815
0.842141, 1.61177
0.865455, 1.63278
0.887565, 1.62434
0.913352, 1.59829
0.950159, 1.53841
1.39024, 0.0557996
1.54252, 0.0354188
1.692, 0.0460391
1.85397, 0.0477703
2.01893, 0.0641943
2.21218, 0.0583768
1.6089, 1.04374
1.66033, 1.10771
1.76178, 1.12382
2.48378, 0.65864
2.48945, 0.829602
2.4964, 0.984892
2.12614, 1.31627
2.15236, 1.41166
2.47589, 1.40634
2.50021, 1.52237
2.47026, 1.6476
2.49215, 1.58715
2.47562, 1.7057
2.46541, 1.81908
2.46612, 1.92979
2.49474, 2.04232
2.48279, 2.15441
2.48673, 2.27026
2.48326, 2.38801
2.2852, 2.44015
2.03841, 2.44505
1.83201, 2.43584
1.70381, 2.44432
1.56475, 2.42695
1.48962, 2.44046
1.40604, 2.43635
1.33698, 2.43511
1.28654, 2.44684
1.22192, 2.43223
1.18666, 2.45467
1.14571, 2.46607
1.08672, 2.43022
1.04886, 2.43398
1.00915, 2.42568
0.924171, 2.14959
0.909817, 2.15666
0.893245, 2.1242
0.879722, 2.13892
0.868012, 2.1156
0.85621, 2.11063
0.83826, 2.1321
0.827253, 2.12072
0.81298, 2.12022
0.802119, 2.11115
0.771362, 2.13753
0.740887, 2.15394
0.4876, 2.44864
0.430477, 2.44439
0.36113, 2.44512
0.283304, 2.44376
0.190956, 2.44279
0.0874423, 2.43656
0.0807107, 2.36559
0.0828343, 2.29487
0.095565, 2.22486
0.0840898, 2.16697
0.0783693, 2.10856
0.0665123, 2.05191
0.0800219, 1.99299
0.0906978, 1.9365
0.0769788, 1.87973
0.0799007, 1.82283
0.0791737, 1.76441
0.0858192, 1.70624
0.0792837, 1.64176
0.0816555, 1.57694
0.0857208, 1.50916
0.0624468, 1.41948
0.0599409, 1.3333
0.0740399, 1.25147
0.0794848, 1.15302
0.0707192, 1.02508
0.0888106, 0.908677
0.0753274, 0.724681
0.0882598, 0.541686
0.0727913, 0.250712
0.748397, 1.59179
0.779398, 1.60319
0.807352, 1.61407
0.833446, 1.62833
0.853829, 1.61137
0.876877, 1.61428
0.899618, 1.61237
0.924604, 1.59381
1.23038, 0.0525581
1.37239, 0.0380995
1.51335, 0.048644
1.66687, 0.0413047
1.82402, 0.0471709
2.00221, 0.0349984
2.18748, 0.037393
1.61065, 1.02437
1.67441, 1.07542
1.74516, 1.12085
2.47862, 0.622233
2.47826, 0.800012
2.48278, 0.95778
2.10673, 1.30161
2.13716, 1.39331
2.47126, 1.37604
2.49208, 1.49227
2.47851, 1.49813
2.4868, 1.61308
2.46652, 1.72969
2.46086, 1.84049
2.46771, 1.9497
2.45703, 2.05862
2.47483, 2.17156
2.47649, 2.28584
2.47359, 2.40264
2.29249, 2.45695
2.03066, 2.45111
1.83782, 2.44465
1.71209, 2.45256
1.58192, 2.43946
1.50044, 2.4475
1.4149, 2.4404
1.35719, 2.45102
1.28681, 2.43806
1.22646, 2.42689
1.18994, 2.44607
1.14062, 2.43775
1.09986, 2.44041
1.06113, 2.44384
1.02147, 2.43826
0.987546, 2.45529
0.923822, 2.16441
0.907423, 2.15421
0.892394, 2.14618
0.879912, 2.12539
0.866099, 2.12588
0.854014, 2.11815
0.835974, 2.12979
0.8275, 2.11264
0.806343, 2.12444
0.782503, 2.13525
0.760422, 2.13827
0.494087, 2.44099
0.431963, 2.44099
0.373175, 2.42977
0.293558, 2.42913
0.198574, 2.42879
0.0758195, 2.43255
0.0768045, 2.35622
0.0680804, 2.28945
0.0693237, 2.22192
0.0781788, 2.1557
0.0820452, 2.09412
0.0690822, 2.03682
0.0898145, 1.97692
0.0769384, 1.91977
0.073874, 1.86154
0.08121, 1.80381
0.0718843, 1.74197
0.0768323, 1.68113
0.08526, 1.61968
0.0996108, 1.5588
0.0837181, 1.47908
0.0741394, 1.39469
0.0686847, 1.30395
0.0766337, 1.21393
0.0822364, 1.11104
0.0924903, 0.998798
0.08666, 0.846937
0.0822279, 0.665062
0.0807397, 0.443608
0.731661, 1.56494
0.772339, 1.59183
0.803759, 1.60726
0.831383, 1.62105
0.854913, 1.62633
0.874372, 1.59805
0.898237, 1.61868
0.92269, 1.57618
1.1405, 0.0528489
1.27715, 0.0452334
1.41298, 0.058787
1.55845, 0.0543053
1.71844, 0.034461
1.8748, 0.0465318
2.04553, 0.0513247
2.23378, 0.0518163
1.6146, 1.06351
1.65723, 1.13292
1.80883, 1.0977
2.48733, 0.664656
2.48718, 0.837391
2.50085, 0.985925
2.09215, 1.33658
2.16681, 1.40625
2.47247, 1.40417
2.48626, 1.3709
2.48224, 1.49166
2.45591, 1.6118
2.46418, 1.72029
2.46405, 1.82845
2.45364, 1.93558
2.48438, 2.04455
2.46603, 2.15176
2.48282, 2.26638
2.4558, 2.37406
2.36947, 2.46027
2.09828, 2.45448
1.89813, 2.44761
1.76494, 2.4537
1.6345, 2.44286
1.55269, 2.45312
1.46738, 2.44905
1.38705, 2.43716
1.34067, 2.45533
1.28065, 2.44935
1.22745, 2.44462
1.17569, 2.43307
1.13551, 2.43853
1.09697, 2.44476
1.05644, 2.43927
1.01904, 2.44008
0.983533, 2.45313
0.946212, 2.44668
0.922315, 2.17195
0.90805, 2.14446
0.890693, 2.15278
0.878375, 2.13557
0.864456, 2.129
0.851265, 2.12133
0.835236, 2.11992
0.814802, 2.1243
0.796544, 2.12205
0.770115, 2.12808
0.468317, 2.42776
0.384513, 2.44077
0.308094, 2.43511
0.206057, 2.43804
0.097131, 2.43123
0.051961, 2.37754
0.0611373, 2.29817
0.0645588, 2.22669
0.071046, 2.15825
0.0699718, 2.09475
0.0654771, 2.03327
0.0801061, 1.97118
0.0703392, 1.91125
0.0713488, 1.85075
0.070604, 1.78939
0.0733818, 1.72737
0.0600355, 1.65884
0.0706951, 1.59457
0.0911272, 1.53285
0.0701213, 1.44705
0.0749752, 1.36802
0.0769367, 1.28002
0.0833975, 1.18642
0.0720934, 1.06394
0.0726508, 0.934957
0.0774199, 0.789054
0.0857502, 0.619485
0.738124, 1.5713
0.790574, 1.61703
0.810029, 1.60163
0.842957, 1.62678
0.863737, 1.62019
0.881649, 1.59386
0.903581, 1.57631
0.92794, 1.57366
1.03431, 0.0405033
1.16655, 0.0457115
1.30147, 0.0452698
1.44445, 0.029096
1.58898, 0.0310045
1.73033, 0.0565922
1.88956, 0.0570469
2.07309, 0.0367707
1.61127, 0.961041
1.62171, 1.07863
1.67329, 1.13502
2.47829, 0.49155
2.48819, 0.672647
2.48301, 0.846214
2.47265, 1.00603
2.08343, 1.34307
2.15788, 1.40947
2.11772, 1.38309
2.27613, 1.41606
2.46828, 1.45886
2.49093, 1.56434
2.48081, 1.67465
2.45627, 1.78241
2.47426, 1.88506
2.46563, 1.98851
2.4897, 2.09584
2.47601, 2.20093
2.46803, 2.30866
2.49033, 2.43017
2.26279, 2.45278
2.04183, 2.44732
1.87621, 2.44316
1.76905, 2.456
1.66049, 2.45322
1.55141, 2.43346
1.50419, 2.46198
1.41977, 2.4413
1.36061, 2.44041
1.30815, 2.44146
1.25824, 2.43955
1.21831, 2.45302
1.17476, 2.4544
1.1279, 2.43594
1.08975, 2.44195
1.04955, 2.42843
1.01202, 2.41906
0.975013, 2.44668
0.937442, 2.43893
0.93783, 2.2102
0.927165, 2.16116
0.919893, 2.1223
0.893556, 2.14473
0.880121, 2.1304
0.860244, 2.1294
0.845924, 2.11779
0.83214, 2.10588
0.814017, 2.09906
0.750122, 2.13557
0.361294, 2.43465
0.276206, 2.42562
0.154157, 2.42948
0.0526941, 2.40556
0.0780214, 2.31251
0.0661489, 2.24233
0.0848603, 2.16515
0.0649425, 2.10201
0.0695411, 2.03447
0.0756772, 1.96881
0.0763996, 1.9047
0.0823205, 1.84107
0.0716718, 1.77541
0.0591819, 1.70658
0.0552351, 1.63635
0.0571007, 1.56481
0.0883527, 1.50281
0.0754536, 1.41804
0.0663714, 1.32725
0.0794923, 1.24291
0.0773232, 1.13873
0.0826257, 1.02845
0.0741883, 0.887827
0.736012, 1.57718
0.792342, 1.60905
0.828402, 1.62209
0.844596, 1.60386
0.874814, 1.6168
0.890856, 1.59676
0.903342, 1.5544
0.931961, 1.57268
0.947763, 1.50012
0.924681, 0.0420394
1.05493, 0.0389769
1.18494, 0.048397
1.31745, 0.0470716
1.45617, 0.0349095
1.5986, 0.0318757
1.73568, 0.0595367
1.90738, 0.024601
2.06351, 0.0463846
1.59751, 1.003
1.63806, 1.07417
1.69758, 1.11786
2.49192, 0.455736
2.47515, 0.659713
2.48626, 0.818712
2.47904, 0.975255
2.12818, 1.29946
2.08828, 1.30895
2.1268, 1.38259
2.45831, 1.34797
2.48504, 1.45005
2.46958, 1.56093
2.47079, 1.66387
2.4703, 1.765
2.47914, 1.86493
2.4603, 1.96425
2.47779, 2.06669
2.46358, 2.16701
2.47646, 2.27586
2.46783, 2.38323
2.34592, 2.44515
2.12195, 2.43977
1.95225, 2.43493
1.8296, 2.43863
1.72623, 2.44064
1.64017, 2.44408
1.56467, 2.44672
1.49282, 2.44295
1.42069, 2.42699
1.37627, 2.44366
1.32068, 2.43513
1.27304, 2.43414
1.22741, 2.43082
1.18698, 2.43814
1.14541, 2.43687
1.10385, 2.42455
1.06428, 2.40273
1.02646, 2.42724
0.985722, 2.44503
0.944939, 2.44524
0.906555, 2.43154
0.938763, 2.20102
0.92087, 2.18108
0.910416, 2.14962
0.89384, 2.13545
0.87654, 2.12336
0.855085, 2.11668
0.818417, 2.12528
0.800677, 2.10956
0.386194, 2.42685
0.275719, 2.43287
0.135765, 2.44202
0.0657253, 2.39441
0.0672121, 2.30891
0.0573341, 2.23293
0.078935, 2.15036
0.0802321, 2.07831
0.0588975, 2.01171
0.0627877, 1.94171
0.0795168, 1.87293
0.0511211, 1.80329
0.0715425, 1.73587
0.0553217, 1.66214
0.0900192, 1.59855
0.087414, 1.52365
0.0644238, 1.43531
0.0772455, 1.35706
0.0861741, 1.27214
0.0682535, 1.1611
0.0630506, 1.04617
0.747496, 1.5856
0.799263, 1.60005
0.845057, 1.61714
0.853113, 1.58834
0.889965, 1.60433
0.907901, 1.59154
0.919454, 1.56138
0.936442, 1.53731
0.946681, 1.47529
0.727635, 0.0331617
0.860042, 0.0447099
0.98853, 0.0413036
1.1171, 0.0340533
1.24702, 0.0303014
1.37468, 0.0530075
1.51372, 0.0312957
1.6487, 0.0465361
1.79691, 0.0397997
1.95461, 0.0335969
2.11421, 0.0450529
1.60916, 1.04703
1.66212, 1.09292
1.73168, 1.11995
2.48734, 0.497984
2.46515, 0.697343
2.48168, 0.844148
2.1594, 1.18764
2.11608, 1.22472
2.10099, 1.32625
2.1398, 1.3955
2.46365, 1.36647
2.47563, 1.46807
2.48713, 1.56762
2.48057, 1.66831
2.46977, 1.76655
2.48193, 1.86284
2.48149, 1.95996
2.47461, 2.05717
2.46289, 2.15445
2.47078, 2.25914
2.48184, 2.37071
2.3813, 2.43829
2.17558, 2.43787
2.02508, 2.4431
1.89013, 2.4384
1.77653, 2.4317
1.69141, 2.43556
1.61399, 2.43601
1.54166, 2.43147
1.49561, 2.45518
1.41637, 2.41766
1.36284, 2.41159
1.32713, 2.44087
1.28346, 2.45113
1.23612, 2.44362
1.19231, 2.44235
1.14827, 2.42536
1.10758, 2.4344
1.0662, 2.43446
1.02494, 2.43103
0.980066, 2.44489
0.940695, 2.42633
0.89239, 2.43695
0.947923, 2.19439
0.923945, 2.18272
0.912641, 2.14987
0.904336, 2.11818
0.874501, 2.11769
0.841742, 2.11654
0.807871, 2.11232
0.368424, 2.43118
0.247703, 2.43552
0.105745, 2.43601
0.0587939, 2.36927
0.0844147, 2.27016
0.0805085, 2.19031
0.0493208, 2.12087
0.0641871, 2.04086
0.0754131, 1.96547
0.085493, 1.89294
0.0740359, 1.82186
0.0654575, 1.74922
0.0649588, 1.67575
0.0775289, 1.60359
0.066569, 1.52349
0.0732354, 1.44512
0.065405, 1.35648
0.0915662, 1.27969
0.0736547, 1.17151
0.777958, 1.60029
0.836425, 1.6143
0.853794, 1.59734
0.883733, 1.59504
0.903243, 1.58289
0.910671, 1.55238
0.937729, 1.55149
0.932365, 1.484
0.419657, 0.0439815
0.559189, 0.0414035
0.694413, 0.0435534
0.824657, 0.0423647
0.951017, 0.0248214
1.07878, 0.0433486
1.20717, 0.00477084
1.33304, 0.0354949
1.45976, 0.0519941
1.59743, 0.0335533
1.7412, 0.0207193
1.87943, 0.0417201
2.03231, 0.0453778
1.59746, 1.02675
1.64729, 1.0722
1.7008, 1.11141
2.49311, 0.373167
2.4839, 0.573785
2.4874, 0.738897
2.48814, 0.888949
2.47659, 0.938606
2.10786, 1.27281
2.10782, 1.35785
2.17691, 1.41051
2.48727, 1.39481
2.47877, 1.49748
2.47086, 1.59555
2.46683, 1.68995
2.47773, 1.78227
2.48651, 1.87573
2.45709, 1.96651
2.48465, 2.06553
2.45642, 2.15641
2.46263, 2.25842
2.45599, 2.3609
2.3857, 2.43645
2.1925, 2.43395
2.04, 2.4313
1.92536, 2.43642
1.82071, 2.43439
1.73304, 2.43453
1.66437, 2.44478
1.58614, 2.43282
1.5256, 2.43536
1.47011, 2.43885
1.41246, 2.42938
1.36376, 2.43236
1.314, 2.42442
1.27214, 2.44187
1.22481, 2.42535
1.18168, 2.42967
1.13804, 2.44727
1.0952, 2.42625
1.05173, 2.42458
1.00567, 2.43094
0.959028, 2.43128
0.911627, 2.42815
0.949274, 2.23827
0.945292, 2.17749
0.929025, 2.14872
0.900679, 2.13948
0.876212, 2.12372
0.855282, 2.1036
0.795854, 2.11674
0.331107, 2.42485
0.189025, 2.43158
0.0798851, 2.40051
0.0597363, 2.31576
0.0668653, 2.22322
0.0663562, 2.13877
0.0914491, 2.05193
0.0826575, 1.97656
0.0842243, 1.90071
0.0782353, 1.82609
0.0790535, 1.75115
0.0652117, 1.67389
0.0738835, 1.59775
0.0727899, 1.51805
0.0883472, 1.44089
0.0778328, 1.35092
0.0718639, 1.25618
0.81838, 1.61016
0.860565, 1.60688
0.882737, 1.59311
0.901558, 1.57781
0.907888, 1.54965
0.942619, 1.55326
0.946462, 1.51828
0.957884, 1.48879
0.255716, 0.0327579
0.401381, 0.0205641
0.542912, 0.0157436
0.68682, 0.0425292
0.814521, 0.0302164
0.942689, 0.0358219
1.0672, 0.0237738
1.19221, 0.0278687
1.31569, 0.0465164
1.44289, 0.0367619
1.56914, 0.0493425
1.70664, 0.0340337
1.84169, 0.0463155
1.99058, 0.0418524
1.60112, 1.01004
1.62462, 1.09109
1.70081, 1.09083
1.78911, 1.08672
2.48257, 0.499782
2.47595, 0.677379
2.47852, 0.827246
2.47104, 0.886364
2.11924, 1.2242
2.12295, 1.30649
2.1596, 1.36965
2.46283, 1.3426
2.4764, 1.43565
2.48572, 1.52797
2.48025, 1.62091
2.4873, 1.71088
2.47493, 1.80083
2.47477, 1.89036
2.47447, 1.98099
2.46977, 2.0726
2.46915, 2.16784
2.48824, 2.27481
2.45649, 2.36664
2.38026, 2.43529
2.20345, 2.4327
2.06666, 2.43421
1.95086, 2.43401
1.84987, 2.43141
1.76006, 2.42614
1.70304, 2.45007
1.621, 2.43127
1.56403, 2.44064
1.50731, 2.44414
1.44348, 2.42075
1.39939, 2.44138
1.34754, 2.43218
1.3001, 2.43281
1.25316, 2.42842
1.20741, 2.42714
1.16174, 2.42888
1.11654, 2.42227
1.0678, 2.43385
1.02316, 2.41944
0.973586, 2.41996
0.919212, 2.42564
0.944432, 2.26932
0.959094, 2.17074
0.925416, 2.16242
0.901572, 2.13933
0.884532, 2.10959
0.842112, 2.10507
0.77256, 2.11716
0.249356, 2.4315
0.0946732, 2.42918
0.0685321, 2.34196
0.0813109, 2.24094
0.0646071, 2.15726
0.0747294, 2.06819
0.0736549, 1.98577
0.069872, 1.90563
0.069626, 1.82608
0.0846112, 1.74739
0.0678376, 1.66745
0.0716475, 1.5875
0.0682423, 1.50446
0.0758285, 1.42155
0.0782999, 1.33396
0.850272, 1.60966
0.881655, 1.59636
0.914863, 1.58776
0.91322, 1.55637
0.948225, 1.55369
0.942485, 1.51427
0.944015, 1.47646
0.063512, 0.234956
0.0904967, 0.0274848
0.247901, 0.0142596
0.413742, 0.0410818
0.554318, 0.0371014
0.688335, 0.0331867
0.818597, 0.0343219
0.944544, 0.0338903
1.06786, 0.0316399
1.19023, 0.0371055
1.31196, 0.0393029
1.43651, 0.0266122
1.55993, 0.0394945
1.69404, 0.020883
1.82701, 0.0279351
1.96463, 0.0376978
1.59563, 1.02378
1.63456, 1.07389
1.67392, 1.11811
1.7577, 1.1062
2.46834, 0.453273
2.47451, 0.62069
2.46888, 0.778198
2.4842, 0.831204
2.47951, 0.961168
2.09071, 1.28673
2.10733, 1.35262
2.19073, 1.39197
2.47575, 1.38167
2.46095, 1.47639
2.46955, 1.56279
2.47185, 1.64912
2.4854, 1.7348
2.47545, 1.82079
2.47113, 1.90693
2.48519, 1.99794
2.47037, 2.08549
2.48569, 2.18528
2.47774, 2.28217
2.48122, 2.39011
2.35966, 2.42935
2.20593, 2.43114
2.08255, 2.43572
1.97102, 2.43387
1.87345, 2.43039
1.78977, 2.42919
1.70608, 2.41484
1.65146, 2.43416
1.58683, 2.42967
1.52564, 2.42158
1.4743, 2.42985
1.42383, 2.43694
1.3707, 2.42478
1.32132, 2.41963
1.27353, 2.41841
1.22494, 2.45325
1.17726, 2.43007
1.12827, 2.42902
1.07561, 2.43844
1.02738, 2.42431
0.974715, 2.42063
0.909501, 2.43751
0.941143, 2.27429
0.942422, 2.19541
0.919414, 2.16262
0.905295, 2.12241
0.855869, 2.12023
0.827398, 2.09428
0.302972, 2.42725
0.141281, 2.43181
0.0805407, 2.36073
0.0641718, 2.26683
0.0698306, 2.1684
0.0686135, 2.07757
0.0884955, 1.98569
0.0726879, 1.90418
0.0527389, 1.82233
0.059029, 1.73852
0.0949055, 1.65771
0.0774476, 1.5735
0.0748587, 1.48832
0.0658665, 1.39831
0.867643, 1.60104
0.88282, 1.57673
0.907047, 1.55789
0.921651, 1.53505
0.937743, 1.51333
0.93973, 1.47972
0.965273, 1.46509
0.0743502, 0.426057
0.074273, 0.224658
0.118735, 0.0498291
0.269161, 0.0264485
0.429677, 0.0414977
0.56261, 0.018766
0.705424, 0.0398746
0.836233, 0.0492774
0.957376, 0.0354218
1.07888, 0.0347232
1.1993, 0.0509966
1.31887, 0.0198214
1.44092, 0.0120417
1.55978, 0.0381859
1.68705, 0.0290115
1.81241, 0.043552
1.95413, 0.0277903
1.60697, 1.01909
1.64801, 1.06048
1.68609, 1.10251
1.75182, 1.1067
2.47425, 0.40004
2.47307, 0.576446
2.48305, 0.721433
2.47553, 0.808419
2.4837, 0.926773
2.10428, 1.25282
2.12278, 1.31554
2.14456, 1.37548
2.48744, 1.33571
2.48034, 1.42682
2.47394, 1.51388
2.46335, 1.59848
2.48249, 1.67992
2.49238, 1.76335
2.48838, 1.84709
2.48132, 1.93109
2.47773, 2.0173
2.48299, 2.10928
2.49498, 2.20938
2.49158, 2.3095
2.4733, 2.4076
2.33621, 2.42874
2.20164, 2.43387
2.07547, 2.42742
1.97336, 2.42691
1.87799, 2.41914
1.80601, 2.42862
1.72558, 2.41494
1.66321, 2.4203
1.60313, 2.42261
1.5474, 2.42837
1.49019, 2.42174
1.43955, 2.43338
1.38508, 2.41577
1.33601, 2.43713
1.28471, 2.43631
1.23479, 2.41969
1.18454, 2.416
1.12965, 2.42968
1.07631, 2.42603
1.02179, 2.42071
0.958819, 2.42863
0.891802, 2.43408
0.951545, 2.23553
0.939502, 2.17797
0.911678, 2.1467
0.891624, 2.10873
0.827661, 2.11107
0.323076, 2.43494
0.161684, 2.43775
0.0699221, 2.38034
0.079318, 2.26801
0.0767145, 2.16858
0.0764003, 2.07326
0.0698647, 1.98326
0.0739942, 1.89353
0.0689728, 1.80707
0.0797748, 1.7207
0.0827204, 1.63556
0.0831828, 1.54984
0.0789935, 1.46171
0.879411, 1.59011
0.906949, 1.56761
0.945733, 1.55278
0.942378, 1.52089
0.968439, 1.50401
0.955294, 1.46166
0.919406, 1.39433
0.0813471, 0.556728
0.073113, 0.375249
0.0717293, 0.171208
0.138605, 0.0265491
0.308283, 0.0332599
0.460325, 0.03357
0.599321, 0.0274374
0.737202, 0.0389368
0.860992, 0.0267865
0.981053, 0.00947874
1.10368, 0.0206181
1.22333, 0.043489
1.33993, 0.0302392
1.45769, 0.028733
1.58018, 0.00959369
1.70187, 0.0171841
1.82985, 0.0146049
1.96064, 0.0204658
1.61961, 1.0296
1.65398, 1.07498
1.69903, 1.09852
1.75976, 1.10284
2.47945, 0.370216
2.46798, 0.556042
2.47922, 0.697088
2.46211, 0.800794
2.46259, 0.920188
2.11529, 1.22813
2.09492, 1.30751
2.12656, 1.35814
2.17357, 1.4054
2.46299, 1.39763
2.45409, 1.48131
2.46411, 1.55986
2.46625, 1.63894
2.4692, 1.71802
2.4846, 1.79933
2.48886, 1.88205
2.48262, 1.96483
2.48104, 2.05127
2.47591, 2.14014
2.47322, 2.23473
2.47459, 2.33811
2.45173, 2.43397
2.31137, 2.44314
2.17402, 2.4353
2.05957, 2.42985
1.95806, 2.42184
1.8789, 2.42802
1.80414, 2.43038
1.72884, 2.4205
1.66515, 2.42196
1.61332, 2.44669
1.55159, 2.43897
1.49257, 2.42779
1.43665, 2.4157
1.38578, 2.44153
1.332, 2.43581
1.27888, 2.43115
1.22461, 2.43467
1.1741, 2.41384
1.11329, 2.43234
1.05222, 2.4376
0.992635, 2.43072
0.925835, 2.43171
0.859797, 2.42298
0.947191, 2.20068
0.921272, 2.16036
0.889307, 2.12892
0.846421, 2.10711
0.335608, 2.44008
0.190429, 2.4301
0.0521833, 2.39764
0.0799203, 2.27025
0.0601472, 2.17342
0.0931122, 2.06257
0.0555034, 1.97775
0.070475, 1.88187
0.0758535, 1.79114
0.0675601, 1.70266
0.109248, 1.61565
0.0737078, 1.52487
0.904389, 1.59122
0.922844, 1.56414
0.94152, 1.53877
0.943533, 1.50786
0.922729, 1.46387
0.938891, 1.43564
0.0619605, 0.787678
0.0726057, 0.656941
0.0747604, 0.50434
0.0564247, 0.309096
0.0799524, 0.130913
0.178864, 0.0297083
0.344296, 0.0314426
0.498894, 0.0387591
0.635892, 0.0323646
0.771469, 0.0423447
0.896837, 0.0434818
1.01638, 0.0395428
1.13266, 0.0312448
1.2487, 0.0344453
1.36338, 0.0396206
1.47778, 0.042455
1.59529, 0.0316351
1.71455, 0.0312977
1.83295, 0.0467545
1.60071, 0.986871
1.61806, 1.07139
1.66154, 1.08865
1.70035, 1.11464
1.77218, 1.09658
2.47561, 0.363518
2.48902, 0.521664
2.46621, 0.692335
2.47107, 0.777187
2.46272, 0.900003
2.12759, 1.2017
2.0986, 1.28302
2.10067, 1.34222
2.14423, 1.38466
2.475, 1.35793
2.46531, 1.43951
2.46696, 1.51645
2.46673, 1.59251
2.47396, 1.66835
2.44293, 1.74168
2.46616, 1.82099
2.4561, 1.89739
2.44273, 1.97395
2.46278, 2.06547
2.47031, 2.15911
2.48019, 2.26176
2.4644, 2.35724
2.40974, 2.42962
2.27828, 2.4335
2.16021, 2.43203
2.05516, 2.42792
1.96837, 2.43201
1.88121, 2.42292
1.8126, 2.4325
1.73908, 2.42294
1.68013, 2.4374
1.61451, 2.42536
1.55986, 2.44469
1.50001, 2.43484
1.44386, 2.44123
1.38738, 2.44311
1.33093, 2.44088
1.27273, 2.44947
1.21654, 2.4374
1.15386, 2.44808
1.09797, 2.42881
1.02999, 2.43639
0.968511, 2.42143
0.877408, 2.44974
0.945144, 2.2424
0.927759, 2.18151
0.905183, 2.13312
0.86104, 2.10771
0.762146, 2.12217
0.203772, 2.43115
0.0839209, 2.38514
0.0737813, 2.27324
0.073646, 2.16331
0.0750105, 2.05891
0.0681023, 1.96136
0.0684163, 1.86492
0.0777793, 1.76992
0.060127, 1.67846
0.0843001, 1.58652
0.902105, 1.5831
0.946343, 1.55643
0.937106, 1.52185
0.949197, 1.49171
0.929077, 1.44875
0.901608, 1.39673
0.089554, 0.880164
0.070065, 0.740012
0.0746798, 0.601949
0.0559305, 0.42722
0.0701041, 0.260324
0.0731291, 0.0557954
0.242002, 0.0445921
0.392355, 0.0272386
0.54248, 0.0287858
0.67891, 0.0238995
0.817804, 0.0467986
0.934061, 0.024458
1.05544, 0.033766
1.17014, 0.0287482
1.28387, 0.0312058
1.39627, 0.0292725
1.50803, 0.040451
1.62237, 0.0316078
1.73731, 0.0365599
1.8587, 0.0293905
1.60558, 1.0461
1.64001, 1.07659
1.67821, 1.09614
1.71886, 1.11208
1.79132, 1.0869
2.46115, 0.374407
2.45685, 0.544208
2.47779, 0.668425
2.47422, 0.762408
2.47266, 0.876949
2.47879, 0.976084
2.10277, 1.26057
2.10677, 1.31562
2.11543, 1.36649
2.16774, 1.40473
2.47987, 1.39973
2.46918, 1.47587
2.46973, 1.54877
2.45643, 1.62094
2.47929, 1.69486
2.47191, 1.768
2.47391, 1.84404
2.48174, 1.92475
2.45639, 1.99721
2.46844, 2.08786
2.47141, 2.18138
2.46995, 2.2801
2.47786, 2.39535
2.37375, 2.42598
2.25323, 2.42842
2.1472, 2.43
2.0541, 2.4331
1.96814, 2.43363
1.88319, 2.42261
1.8151, 2.43163
1.75196, 2.44585
1.68525, 2.44371
1.61791, 2.42515
1.56155, 2.4492
1.50013, 2.4364
1.44118, 2.42537
1.3823, 2.43942
1.3236, 2.4332
1.26209, 2.43972
1.20396, 2.42431
1.13576, 2.43691
1.06593, 2.44111
0.996759, 2.43446
0.914982, 2.44131
0.844698, 2.42043
0.929526, 2.20696
0.910979, 2.1462
0.872521, 2.10949
0.774829, 2.11898
0.206543, 2.436
0.0730567, 2.39364
0.0742021, 2.27004
0.0574168, 2.16224
0.0606605, 2.05156
0.0760151, 1.94325
0.0744853, 1.84392
0.089387, 1.74506
0.0524243, 1.65185
0.904969, 1.58104
0.926427, 1.54598
0.937263, 1.51163
0.943995, 1.47696
0.925148, 1.43384
0.877311, 1.37445
0.0693706, 0.937326
0.0753097, 0.818562
0.0676173, 0.6816
0.0777189, 0.543829
0.0718967, 0.377444
0.0685668, 0.190479
0.112979, 0.0305208
0.299213, 0.0425735
0.451276, 0.0316498
0.597556, 0.0311547
0.73734, 0.0395932
0.864731, 0.0405354
0.98086, 0.0249778
1.09982, 0.0341528
1.21354, 0.0401097
1.32261, 0.0239012
1.4329, 0.0374335
1.54229, 0.0362285
1.65151, 0.0450626
1.76421, 0.0417932
1.60024, 1.01819
1.63308, 1.05106
1.66151, 1.08711
1.69161, 1.11363
1.73693, 1.11337
2.46387, 0.181579
2.45748, 0.379434
2.47656, 0.519653
2.4757, 0.661334
2.46821, 0.758267
2.47159, 0.86437
2.47051, 0.963663
2.09877, 1.24394
2.10019, 1.29593
2.10838, 1.34277
2.13667, 1.38314
2.47781, 1.36508
2.45849, 1.4389
2.45824, 1.50778
2.46172, 1.57619
2.47851, 1.64643
2.45347, 1.71326
2.45683, 1.78463
2.4596, 1.85865
2.47558, 1.94142
2.46561, 2.01893
2.44544, 2.09459
2.47499, 2.20585
2.47035, 2.30624
2.4809, 2.43044
2.34547, 2.42579
2.24017, 2.43483
2.135, 2.42959
2.05507, 2.44609
1.97102, 2.44655
1.8892, 2.43847
1.81856, 2.44339
1.74977, 2.44453
1.68094, 2.43362
1.61765, 2.43484
1.55446, 2.42302
1.49378, 2.42079
1.43204, 2.44483
1.37167, 2.4277
1.30551, 2.44634
1.24451, 2.4295
1.17657, 2.4326
1.10847, 2.4271
1.03477, 2.42579
0.949816, 2.4342
0.866575, 2.42779
0.938729, 2.22216
0.920241, 2.15438
0.881737, 2.112
0.772431, 2.12633
0.214638, 2.43457
0.073413, 2.39302
0.07301, 2.26517
0.0618248, 2.15044
0.0736668, 2.03294
0.0721648, 1.92596
0.0680538, 1.82309
0.0667155, 1.722
0.882646, 1.5856
0.91228, 1.54438
0.934254, 1.50644
0.943501, 1.46897
0.924917, 1.42527
0.0830381, 1.11828
0.0828563, 1.00801
0.0683285, 0.884614
0.0704051, 0.759972
0.0959586, 0.640887
0.0625091, 0.468664
0.0629867, 0.301941
0.0716964, 0.121612
0.188097, 0.0411505
0.354699, 0.032032
0.513955, 0.0352456
0.651509, 0.0242574
0.791917, 0.0384304
0.917875, 0.0422241
1.03377, 0.035337
1.15281, 0.0597929
1.25896, 0.0441736
1.36454, 0.0211174
1.47249, 0.0425274
1.5791, 0.0363935
1.68729, 0.0320188
1.59698, 1.00227
1.62477, 1.05024
1.65529, 1.07453
1.68619, 1.09359
1.72403, 1.0979
1.75662, 1.11437
2.47498, 0.177853
2.47569, 0.363043
2.46402, 0.532452
2.47297, 0.658485
2.45379, 0.763336
2.47262, 0.852318
2.46067, 0.954109
2.10247, 1.22453
2.10834, 1.27107
2.09286, 1.32313
2.1267, 1.35714
2.16001, 1.39464
2.47466, 1.4
2.46349, 1.46734
2.47139, 1.53285
2.46118, 1.59807
2.47295, 1.66604
2.46886, 1.73355
2.46152, 1.80169
2.46685, 1.87654
2.47428, 1.95724
2.47101, 2.03853
2.47597, 2.13118
2.47439, 2.22845
2.47192, 2.33551
2.4503, 2.43695
2.32974, 2.43696
2.22308, 2.43699
2.12389, 2.432
2.03667, 2.43177
1.95379, 2.42674
1.88569, 2.44466
1.81176, 2.43988
1.74077, 2.43155
1.67441, 2.43081
1.6109, 2.44468
1.54537, 2.40972
1.48187, 2.43261
1.41746, 2.43293
1.35277, 2.42868
1.28702, 2.42394
1.21802, 2.42332
1.13933, 2.43762
1.06493, 2.43002
0.981864, 2.42948
0.884141, 2.43949
0.945149, 2.23975
0.9284, 2.16276
0.878263, 2.12535
0.793689, 2.1137
0.209519, 2.44044
0.0623993, 2.39732
0.0640422, 2.2625
0.0654215, 2.13726
0.0580548, 2.02239
0.0547628, 1.91079
0.0646347, 1.8003
0.879238, 1.59779
0.913531, 1.55025
0.941209, 1.50769
0.941452, 1.4664
0.93808, 1.42402
0.078546, 1.17904
0.0792957, 1.07017
0.0687471, 0.952167
0.0815486, 0.837051
0.0645117, 0.699204
0.0580916, 0.554571
0.0787261, 0.415645
0.0699879, 0.238326
0.0715543, 0.0468566
0.257548, 0.040882
0.427457, 0.0406449
0.580503, 0.0403596
0.7166, 0.0330902
0.841808, 0.0218451
0.96959, 0.034095
1.08355, 0.0276886
1.19431, 0.0239854
1.30175, 0.0175503
1.40911, 0.0271935
1.51388, 0.0327932
1.61848, 0.0255648
1.59643, 1.00632
1.62067, 1.0692
1.64934, 1.08616
1.68196, 1.08827
1.70583, 1.11368
1.75257, 1.09087
1.7963, 1.08419
2.46726, 0.204271
2.45921, 0.391672
2.46424, 0.534865
2.47516, 0.653627
2.46641, 0.748035
2.48692, 0.832381
2.48721, 0.923821
2.14047, 1.18816
2.11099, 1.24936
2.09276, 1.29897
2.12004, 1.33111
2.12064, 1.37118
2.17039, 1.40382
2.46584, 1.42813
2.48228, 1.49056
2.45464, 1.55184
2.47623, 1.61738
2.47576, 1.68245
2.47282, 1.74879
2.46905, 1.81723
2.47715, 1.89428
2.45903, 1.9633
2.47742, 2.0586
2.46678, 2.14393
2.46524, 2.24491
2.467, 2.36189
2.4103, 2.43
2.30334, 2.43527
2.19713, 2.42625
2.1105, 2.43333
2.02383, 2.42848
1.95717, 2.45914
1.87621, 2.44577
1.80005, 2.4304
1.73117, 2.43153
1.66271, 2.42214
1.59637, 2.40987
1.53044, 2.42843
1.46324, 2.43192
1.39245, 2.44566
1.32422, 2.4351
1.24716, 2.44726
1.18315, 2.41536
1.098, 2.42661
1.00539, 2.43711
0.914765, 2.43094
0.940755, 2.26978
0.923389, 2.1844
0.887231, 2.12631
0.800954, 2.11132
0.212405, 2.43917
0.0879202, 2.37808
0.0708373, 2.25034
0.0704501, 2.12201
0.0609882, 2.00419
0.0681576, 1.88618
0.0801895, 1.77257
0.925166, 1.56125
0.951292, 1.51391
0.947318, 1.47004
0.931797, 1.42448
0.862145, 1.36757
0.0760792, 1.13365
0.0738614, 1.02032
0.0671101, 0.899942
0.0605091, 0.771992
0.0755088, 0.646422
0.0618115, 0.494165
0.066582, 0.339289
0.0692974, 0.165997
0.1337, 0.0324598
0.317583, 0.0264385
0.497867, 0.0426048
0.645713, 0.0397698
0.771249, 0.0190019
0.912217, 0.0456656
1.0249, 0.0308179
1.13813, 0.0304177
1.24653, 0.0292149
1.35336, 0.0388209
1.45538, 0.0342785
1.55679, 0.0264765
1.60246, 1.02629
1.62912, 1.06921
1.65645, 1.08065
1.6811, 1.09877
1.70713, 1.10825
1.74251, 1.09588
1.77372, 1.09932
2.45842, 0.0301842
2.46005, 0.233337
2.46663, 0.394046
2.45884, 0.545494
2.47378, 0.654001
2.4674, 0.743641
2.48263, 0.826914
2.47387, 0.919028
2.45803, 1.00605
2.11706, 1.22679
2.09152, 1.27581
2.07987, 1.31507
2.10798, 1.34309
2.1431, 1.37326
2.20602, 1.40604
2.48646, 1.44905
2.45932, 1.50741
2.47599, 1.56911
2.47234, 1.62999
2.47053, 1.6928
2.48911, 1.76565
2.46748, 1.82675
2.47555, 1.9049
2.46094, 1.97595
2.47313, 2.07136
2.4595, 2.15693
2.47313, 2.27824
2.47509, 2.40636
2.37613, 2.42499
2.27428, 2.42773
2.18698, 2.44097
2.08661, 2.41647
2.00622, 2.41797
1.9302, 2.42039
1.85968, 2.43363
1.78533, 2.42064
1.71541, 2.41762
1.647, 2.42212
1.57762, 2.43874
1.50748, 2.43799
1.44006, 2.41722
1.36168, 2.44264
1.29092, 2.42612
1.21642, 2.41602
1.12494, 2.43359
1.04578, 2.41488
0.942552, 2.42489
0.842311, 2.41621
0.93896, 2.18307
0.884483, 2.13745
0.813081, 2.10412
0.220945, 2.43247
0.0836794, 2.37524
0.0708273, 2.24028
0.0836216, 2.10198
0.0795893, 1.97933
0.0682148, 1.86397
0.884905, 1.58797
0.949419, 1.5268
0.951422, 1.47908
0.939966, 1.4318
0.88751, 1.37932
0.0636648, 1.19821
0.070217, 1.08644
0.059106, 0.966581
0.0790988, 0.851803
0.0634175, 0.717012
0.0723806, 0.584494
0.0579906, 0.427473
0.0626237, 0.267708
0.0576665, 0.0825215
0.205899, 0.0256201
0.388, 0.021422
0.566372, 0.0393072
0.724297, 0.0569433
0.842979, 0.0328518
0.97342, 0.0460592
1.08337, 0.0320258
1.19778, 0.0451957
1.29852, 0.0276269
1.39927, 0.0150139
1.50178, 0.0279784
1.61759, 1.04586
1.64407, 1.06961
1.66522, 1.11087
1.69109, 1.10024
1.71914, 1.08982
1.74086, 1.10505
1.77347, 1.09222
1.82197, 1.0559
2.46661, 0.0476531
2.47592, 0.232293
2.47483, 0.397459
2.47512, 0.534832
2.47152, 0.656757
2.45653, 0.749913
2.4843, 0.817926
2.4713, 0.908324
2.47589, 0.980218
2.13227, 1.20057
2.09283, 1.25209
2.10907, 1.28007
2.10043, 1.31433
2.12692, 1.34169
2.13781, 1.37322
2.47996, 1.40797
2.46315, 1.46341
2.45164, 1.51785
2.45666, 1.57542
2.48834, 1.64334
2.4625, 1.69727
2.48646, 1.77296
2.48294, 1.84222
2.47637, 1.91449
2.48022, 2.00022
2.4774, 2.09019
2.48777, 2.2041
2.47173, 2.30658
2.46687, 2.43877
2.362, 2.44582
2.24592, 2.4183
2.16384, 2.4357
2.08035, 2.44201
1.99694, 2.43706
1.91706, 2.42898
1.84346, 2.43603
1.76815, 2.41763
1.69743, 2.43937
1.62512, 2.43416
1.55308, 2.42902
1.48067, 2.42344
1.4032, 2.43301
1.33, 2.41728
1.24706, 2.42186
1.16337, 2.41668
1.06155, 2.43312
0.96487, 2.42587
0.846003, 2.43541
0.946786, 2.18959
0.900897, 2.13011
0.809412, 2.10935
0.221085, 2.43088
0.076842, 2.3732
0.0749524, 2.22733
0.0810461, 2.08796
0.0699072, 1.96362
0.0726274, 1.83992
0.920837, 1.55269
0.968716, 1.49267
0.935389, 1.44498
0.898291, 1.39297
0.0783011, 1.27044
0.0801469, 1.15766
0.0864689, 1.04369
0.0662158, 0.918916
0.0688703, 0.794555
0.0887384, 0.67173
0.0613495, 0.517561
0.0762993, 0.374346
0.0743502, 0.207105
0.0912622, 0.0373486
0.298046, 0.0371184
0.470899, 0.0291651
0.642361, 0.0443334
0.769183, 0.0206549
0.901087, 0.020321
1.02598, 0.0260643
1.14089, 0.0285627
1.25066, 0.0351005
1.35069, 0.0234926
1.61418, 1.04647
1.64227, 1.07744
1.66568, 1.10751
1.68589, 1.11697
1.70739, 1.10615
1.73071, 1.09577
1.75328, 1.09614
1.7722, 1.10942
1.81439, 1.06564
2.3712, 0.0300653
2.47398, 0.0682598
2.46802, 0.266467
2.46802, 0.420542
2.4702, 0.547773
2.47536, 0.65476
2.45943, 0.745971
2.45572, 0.832736
2.46701, 0.901348
2.46736, 0.971537
2.46322, 1.03875
2.11693, 1.22435
2.10517, 1.25906
2.08857, 1.29182
2.08878, 1.31906
2.11666, 1.344
2.12921, 1.37254
2.1905, 1.40651
2.48695, 1.48375
2.48193, 1.53882
2.48091, 1.59606
2.46725, 1.65087
2.45683, 1.7081
2.45665, 1.77309
2.45196, 1.84031
2.45677, 1.92007
2.47226, 2.0183
2.46345, 2.10751
2.46659, 2.22198
2.4863, 2.37805
2.41882, 2.43716
2.3176, 2.44021
2.21902, 2.43346
2.13253, 2.43878
2.04467, 2.42732
1.96156, 2.41324
1.88966, 2.43793
1.8134, 2.43551
1.73874, 2.44196
1.66402, 2.43544
1.58757, 2.44811
1.51059, 2.44738
1.43865, 2.41973
1.35523, 2.43018
1.26439, 2.44525
1.18829, 2.41556
1.08356, 2.43233
0.969852, 2.44546
0.868396, 2.42632
0.947867, 2.20029
0.885584, 2.15076
0.798396, 2.11967
0.208883, 2.43734
0.0692874, 2.37167
0.0801801, 2.21468
0.0759212, 2.07671
0.055586, 1.95193
0.0618203, 1.82306
0.93934, 1.52515
0.917499, 1.47254
0.915401, 1.41669
0.844637, 1.36017
0.0762372, 1.23635
0.074322, 1.12009
0.0720066, 1.00095
0.0708977, 0.878022
0.0545643, 0.743881
0.0694776, 0.614475
0.0816743, 0.477101
0.0683147, 0.314076
0.0658334, 0.141821
0.166165, 0.0388316
0.354275, 0.0246826
0.534847, 0.0281477
0.692367, 0.0293556
0.835311, 0.0328526
0.954741, 0.0175173
1.08156, 0.0326539
1.19523, 0.0400153
1.61138, 1.0502
1.64684, 1.09902
1.66759, 1.10529
1.68498, 1.08885
1.70469, 1.08585
1.7236, 1.10611
1.73995, 1.12509
1.76065, 1.10904
1.78674, 1.08342
1.81682, 1.05976
2.27913, 0.0263857
2.38508, 0.0431614
2.46395, 0.114064
2.46649, 0.289183
2.46661, 0.435704
2.45849, 0.567724
2.46613, 0.665511
2.46994, 0.73558
2.46207, 0.82143
2.47587, 0.884478
2.46807, 0.955529
2.47248, 1.01505
2.13385, 1.1954
2.10774, 1.23191
2.09724, 1.26014
2.0994, 1.28436
2.10585, 1.30814
2.10155, 1.33255
2.12173, 1.35818
2.15913, 1.3894
2.4766, 1.48725
2.46971, 1.53885
2.46771, 1.59341
2.48016, 1.6571
2.45149, 1.70462
2.4638, 1.77758
2.47173, 1.85589
2.46643, 1.93264
2.46813, 2.02513
2.45578, 2.11568
2.4752, 2.26096
2.47221, 2.40458
2.38449, 2.43276
2.27961, 2.41907
2.19703, 2.43971
2.10963, 2.43996
2.02747, 2.44624
1.94197, 2.42177
1.86576, 2.43694
1.7877, 2.4238
1.71092, 2.43098
1.63419, 2.42471
1.55455, 2.43245
1.47291, 2.43561
1.3922, 2.42564
1.30634, 2.42222
1.2076, 2.43538
1.10971, 2.43174
1.00413, 2.4278
0.876123, 2.43935
0.95112, 2.21101
0.91035, 2.13471
0.811497, 2.1104
0.222653, 2.42481
0.0584601, 2.37084
0.0795343, 2.20298
0.0644784, 2.06543
0.0620479, 1.9295
0.924383, 1.56116
0.939197, 1.49655
0.951478, 1.43612
0.892755, 1.3827
0.0815565, 1.31353
0.0580519, 1.19409
0.0837643, 1.07744
0.0738037, 0.953934
0.0609172, 0.82419
0.0722926, 0.696194
0.0535988, 0.54908
0.0688992, 0.408065
0.059636, 0.242281
0.0525607, 0.0611575
0.235696, 0.0226373
0.439204, 0.0266591
0.625938, 0.0428263
0.778629, 0.0455139
0.913972, 0.0458735
1.03107, 0.0349778
1.64248, 1.08809
1.66508, 1.09434
1.6843, 1.09627
1.70065, 1.09065
1.72006, 1.10238
1.73735, 1.11336
1.75218, 1.09061
1.76902, 1.09089
1.7841, 1.10658
1.80367, 1.08852
2.09782, 0.0462962
2.19195, 0.0582896
2.30343, 0.0359754
2.41776, 0.0277976
2.46248, 0.152088
2.46542, 0.315815
2.45578, 0.465608
2.47971, 0.554094
2.47701, 0.658199
2.46849, 0.736217
2.46722, 0.811907
2.46897, 0.878238
2.46412, 0.942754
2.46531, 0.999326
2.46945, 1.05159
2.12628, 1.20051
2.12688, 1.22431
2.08936, 1.25276
2.10563, 1.27185
2.11491, 1.29301
2.09211, 1.31313
2.11409, 1.33669
2.13525, 1.36367
2.4652, 1.48427
2.4686, 1.53682
2.45636, 1.58561
2.47434, 1.65203
2.47451, 1.71503
2.46109, 1.77391
2.45456, 1.84304
2.47798, 1.94912
2.47901, 2.04916
2.47967, 2.16596
2.46715, 2.28638
2.45369, 2.43148
2.3596, 2.44741
2.2606, 2.44097
2.1621, 2.4165
2.07847, 2.42176
1.99825, 2.43485
1.91681, 2.43484
1.83633, 2.42903
1.75666, 2.43087
1.6763, 2.43246
1.59391, 2.43689
1.50596, 2.45219
1.42124, 2.44152
1.32807, 2.44524
1.2375, 2.43147
1.14444, 2.41422
1.02791, 2.42319
0.902258, 2.42717
0.951413, 2.22338
0.90063, 2.14986
0.810548, 2.11124
0.189821, 2.44338
0.075103, 2.35108
0.0740835, 2.19183
0.054721, 2.0516
0.0755009, 1.90284
0.929285, 1.53386
0.957849, 1.46334
0.926657, 1.40653
0.064942, 1.39612
0.0807031, 1.27446
0.0655333, 1.15236
0.0792806, 1.03111
0.0625769, 0.902392
0.062395, 0.772129
0.0507314, 0.63195
0.0631522, 0.493541
0.0659599, 0.342483
0.057296, 0.172454
0.115067, 0.0346184
0.336237, 0.0305767
0.523473, 0.0254437
0.694036, 0.0287703
1.64194, 1.07918
1.68041, 1.10369
1.69176, 1.09172
1.71916, 1.11215
1.72956, 1.10051
1.74372, 1.09767
1.75924, 1.10148
1.77257, 1.09818
1.78374, 1.0695
1.7993, 1.06653
1.81522, 1.06402
1.83434, 1.03843
2.04432, 0.0342117
2.13539, 0.0400627
2.23106, 0.040036
2.3324, 0.037698
2.43933, 0.0371563
2.46724, 0.182178
2.46964, 0.336846
2.45673, 0.48255
2.46805, 0.577187
2.47383, 0.665204
2.47007, 0.733683
2.47132, 0.802564
2.46476, 0.869814
2.46959, 0.924512
2.45008, 0.986741
2.48469, 1.02294
2.45337, 1.08088
2.12595, 1.19473
2.08846, 1.21977
2.09635, 1.23603
2.09677, 1.25322
2.08492, 1.2696
2.07993, 1.28545
2.10156, 1.30664
2.09902, 1.32456
2.11228, 1.34866
2.16949, 1.39565
2.44567, 1.57128
2.47118, 1.64307
2.47081, 1.70628
2.47615, 1.7811
2.46853, 1.85353
2.47606, 1.95237
2.46493, 2.0451
2.46061, 2.16475
2.46935, 2.33459
2.40899, 2.40999
2.32072, 2.43113
2.22825, 2.43314
2.13807, 2.42906
2.05369, 2.43786
1.96796, 2.42527
1.88605, 2.44279
1.80292, 2.4384
1.71988, 2.43451
1.63546, 2.4341
1.54994, 2.42963
1.46542, 2.41464
1.36829, 2.42577
1.26217, 2.44014
1.16201, 2.42777
1.04586, 2.42885
0.924736, 2.42123
0.94351, 2.24611
0.933658, 2.12564
0.822784, 2.10241
0.194593, 2.43684
0.076451, 2.34233
0.0565667, 2.18851
0.0559563, 2.03445
0.0767037, 1.88186
0.937851, 1.50622
0.930714, 1.44006
0.908696, 1.37673
0.0570726, 1.36204
0.0684937, 1.23648
0.0636457, 1.11108
0.0547695, 0.982986
0.064513, 0.855054
0.0801269, 0.726201
0.0772191, 0.587147
0.0777841, 0.441752
0.0686452, 0.281521
0.0678574, 0.112573
0.211611, 0.0350206
1.66916, 1.09681
1.69859, 1.10232
1.73382, 1.11967
1.73523, 1.10109
1.75093, 1.10069
1.76313, 1.09641
1.7707, 1.08311
1.794, 1.1067
1.79413, 1.07028
1.81122, 1.08452
1.81971, 1.06156
1.83044, 1.03048
1.84514, 0.989599
1.90942, 0.0284979
1.99532, 0.0318115
2.08336, 0.0288986
2.16936, 0.0443604
2.26631, 0.0305927
2.36321, 0.0329168
2.46176, 0.042945
2.47067, 0.213074
2.46619, 0.367766
2.46649, 0.48762
2.45984, 0.595794
2.4751, 0.667337
2.4663, 0.736227
2.48162, 0.789231
2.47126, 0.855184
2.47584, 0.906276
2.47025, 0.958838
2.4914, 0.997748
2.46703, 1.05063
2.47997, 1.0902
2.16408, 1.17625
2.14017, 1.19673
2.12823, 1.21369
2.10472, 1.22815
2.09731, 1.24174
2.08974, 1.25452
2.08969, 1.26878
2.09404, 1.28524
2.09613, 1.30218
2.09466, 1.31861
2.11074, 1.34714
2.46806, 1.63005
2.46915, 1.69558
2.46992, 1.7692
2.46779, 1.85046
2.46744, 1.94751
2.48102, 2.08459
2.47596, 2.2233
2.47398, 2.40628
2.38544, 2.4343
2.28341, 2.41709
2.19693, 2.43545
2.10704, 2.43169
2.02039, 2.43378
1.93476, 2.43905
1.84939, 2.42825
1.76465, 2.42118
1.68039, 2.40965
1.59103, 2.41604
1.49498, 2.43004
1.38941, 2.4512
1.29434, 2.43236
1.18658, 2.42819
1.07167, 2.42188
0.935923, 2.42844
0.935352, 2.26831
0.910765, 2.15383
0.808667, 2.11458
0.194161, 2.43288
0.0559706, 2.34588
0.0707862, 2.1676
0.0837221, 2.00472
0.920337, 1.56066
0.93795, 1.48047
0.917349, 1.41358
0.802176, 1.35822
0.0795869, 1.32526
0.0730654, 1.19783
0.083832, 1.0707
0.0656141, 0.939334
0.074752, 0.808679
0.0421701, 0.662819
0.0741115, 0.530267
0.076227, 0.381547
1.6914, 1.101
1.71665, 1.09762
1.76199, 1.11254
1.76282, 1.09767
1.7783, 1.09547
1.77596, 1.07506
1.79678, 1.08106
1.8019, 1.06767
1.81292, 1.06237
1.82326, 1.05592
1.83252, 1.04614
1.83853, 1.02327
1.84237, 0.979101
1.70669, 0.0494226
1.78734, 0.0260436
1.87067, 0.0234355
1.95388, 0.0256907
2.03704, 0.0302612
2.12176, 0.0305245
2.20822, 0.0326445
2.29969, 0.0287148
2.39877, 0.0185625
2.46453, 0.0893348
2.47093, 0.250667
2.4727, 0.385463
2.47771, 0.491738
2.47734, 0.587407
2.47285, 0.673437
2.4668, 0.735469
2.47419, 0.789029
2.46269, 0.850184
2.47672, 0.89109
2.45062, 0.948816
2.46444, 0.984978
2.46158, 1.02601
2.47107, 1.06241
2.46286, 1.10154
2.48656, 1.13656
2.14107, 1.17418
2.13684, 1.18763
2.1266, 1.19977
2.1199, 1.21146
2.12954, 1.22727
2.11161, 1.23503
2.0952, 1.24128
2.09969, 1.25674
2.11039, 1.27796
2.09946, 1.2869
2.09451, 1.30024
2.12107, 1.34511
2.46615, 1.75636
2.47019, 1.85067
2.47306, 1.96259
2.46693, 2.08539
2.46852, 2.25743
2.4435, 2.4215
2.35174, 2.44297
2.25109, 2.42368
2.16167, 2.43453
2.07289, 2.44541
1.98377, 2.45394
1.89468, 2.44096
1.80668, 2.43021
1.71684, 2.43038
1.62371, 2.43432
1.52403, 2.44613
1.43201, 2.42361
1.32523, 2.42647
1.20424, 2.43981
1.0883, 2.42774
0.949066, 2.43264
0.942366, 2.27345
0.926359, 2.14498
0.811772, 2.11213
0.198214, 2.42513
0.0736155, 2.32542
0.0754971, 2.15111
0.0721835, 1.99164
0.93605, 1.53277
0.933917, 1.45565
0.89908, 1.38789
0.0858998, 1.42041
0.0730576, 1.28984
0.0784956, 1.15877
0.0710479, 1.0273
0.0988215, 0.898581
0.0717103, 0.758916
1.72364, 1.10845
1.75723, 1.10379
1.77423, 1.09616
1.78073, 1.08477
1.79134, 1.07605
1.81703, 1.07925
1.81675, 1.06437
1.82117, 1.05218
1.8306, 1.04453
1.83667, 1.03259
1.84025, 1.01541
1.84676, 0.999906
1.84302, 0.959452
1.49679, 0.0294275
1.58959, 0.0382826
1.67382, 0.0328585
1.757, 0.0333236
1.83658, 0.0162493
1.91816, 0.0275875
1.99782, 0.0404518
2.07909, 0.028589
2.16222, 0.0228947
2.24457, 0.0317539
2.3323, 0.030084
2.4198, 0.0397452
2.47497, 0.121345
2.48409, 0.267204
2.47223, 0.413713
2.48046, 0.506805
2.4724, 0.603613
2.45955, 0.690231
2.45915, 0.736002
2.47752, 0.775575
2.46934, 0.830563
2.4735, 0.873102
2.46209, 0.920148
2.48333, 0.95062
2.46555, 0.99391
2.47433, 1.02719
2.46823, 1.06286
2.46373, 1.09683
2.48165, 1.12969
2.48155, 1.16387
2.18021, 1.15772
2.1634, 1.16768
2.13128, 1.17124
2.14737, 1.18762
2.12691, 1.1911
2.12582, 1.20202
2.13259, 1.21848
2.12246, 1.22526
2.11352, 1.23226
2.09693, 1.23147
2.10036, 1.25011
2.09844, 1.26561
2.09305, 1.27875
2.10646, 1.32635
2.46826, 2.09743
2.47296, 2.30808
2.41771, 2.42433
2.3209, 2.42918
2.22624, 2.43103
2.13381, 2.43404
2.0423, 2.436
1.95143, 2.42446
1.86202, 2.41046
1.76905, 2.42081
1.67105, 2.43621
1.57929, 2.4148
1.47243, 2.428
1.357, 2.44215
1.24638, 2.43024
1.12356, 2.42521
0.983956, 2.42705
0.837044, 2.41877
0.927839, 2.1628
0.842583, 2.09906
0.212969, 2.42675
0.0759978, 2.33086
0.0726034, 2.15362
0.0687221, 1.98887
0.944061, 1.51402
0.92301, 1.43883
0.886813, 1.36691
0.0704337, 1.40099
0.0650456, 1.26527
0.0788675, 1.13013
0.0634631, 0.994818
1.75301, 1.09835
1.79632, 1.09025
1.79757, 1.07593
1.82061, 1.06917
1.84328, 1.0652
1.83474, 1.04757
1.82954, 1.02942
1.84117, 1.02113
1.83895, 1.00199
1.83922, 0.982511
1.83917, 0.959876
1.83385, 0.926597
1.25366, 0.0271459
1.36325, 0.0313872
1.46541, 0.0389216
1.54174, 0.00109948
1.63728, 0.0201093
1.72062, 0.0171025
1.80327, 0.0239653
1.88359, 0.036808
1.96102, 0.0497777
2.03771, 0.0273719
2.11522, 0.0299925
2.19318, 0.03471
2.27331, 0.0362096
2.35502, 0.0411123
2.44748, 0.0275601
2.46996, 0.170391
2.46736, 0.323401
2.47248, 0.432084
2.4764, 0.522708
2.46814, 0.612454
2.46375, 0.684618
2.47636, 0.679171
2.45764, 0.748373
2.48205, 0.776896
2.47103, 0.82759
2.45336, 0.876094
2.45357, 0.911078
2.46144, 0.941335
2.45433, 0.97533
2.46683, 1.00312
2.46709, 1.03345
2.46579, 1.06336
2.47572, 1.09298
2.46339, 1.12222
2.46531, 1.15223
2.45955, 1.18144
2.45368, 1.21073
2.23618, 1.16041
2.20542, 1.16201
2.18138, 1.16295
2.16215, 1.16356
2.15797, 1.17263
2.1472, 1.17641
2.13645, 1.17909
2.12364, 1.17821
2.12458, 1.19332
2.12859, 1.21633
2.11381, 1.21188
2.11462, 1.23692
2.10214, 1.23656
2.10191, 1.27357
2.3563, 2.42139
2.25839, 2.41559
2.1639, 2.4146
2.07099, 2.42637
1.97696, 2.43277
1.88271, 2.42795
1.78736, 2.42407
1.68395, 2.44272
1.58835, 2.41935
1.47099, 2.44422
1.36735, 2.42092
1.24949, 2.41422
1.11437, 2.41883
0.957096, 2.43278
0.922214, 2.29282
0.918459, 2.13886
0.787704, 2.10619
0.131379, 2.42775
0.0594871, 2.28044
0.0731679, 2.09179
0.903537, 1.57173
0.959446, 1.46089
0.900493, 1.3936
0.0615374, 1.47157
0.0724113, 1.32799
1.73458, 1.10382
1.78552, 1.08307
1.81182, 1.06723
1.82417, 1.05266
1.82393, 1.03658
1.85562, 1.02977
1.84075, 1.0092
1.85724, 1.00007
1.83186, 0.969353
1.84488, 0.957517
1.82964, 0.925047
0.832389, 0.0279007
0.98653, 0.0232879
1.13369, 0.0331425
1.25686, 0.0351181
1.35969, 0.0249843
1.46213, 0.027831
1.55778, 0.0332785
1.64664, 0.0385656
1.72921, 0.0406302
1.80401, 0.0246856
1.88116, 0.0249779
1.95646, 0.0230905
2.03125, 0.0298201
2.10516, 0.0332031
2.18006, 0.0298445
2.25807, 0.0200751
2.33582, 0.0244474
2.41358, 0.0356603
2.47664, 0.0863056
2.47464, 0.256217
2.48036, 0.372659
2.48639, 0.465344
2.46389, 0.576913
2.47224, 0.63537
2.47103, 0.59784
2.47341, 0.653636
2.48225, 0.696659
2.46326, 0.757088
2.47955, 0.785632
2.47454, 0.825812
2.47629, 0.859073
2.46534, 0.895388
2.46264, 0.925706
2.48332, 0.948823
2.48521, 0.977116
2.47861, 1.00581
2.47213, 1.03322
2.45489, 1.05912
2.48084, 1.08787
2.46313, 1.11249
2.46665, 1.14084
2.47407, 1.17208
2.47394, 1.20274
2.46554, 1.23108
2.46381, 1.26424
2.26163, 1.16074
2.23033, 1.15427
2.20705, 1.14981
2.19537, 1.15361
2.18562, 1.1586
2.15988, 1.14035
2.16854, 1.17099
2.15685, 1.17131
2.14407, 1.16729
2.1416, 1.1893
2.13203, 1.19575
2.11675, 1.17576
2.11213, 1.21595
2.10042, 1.22674
2.06833, 2.41303
1.97099, 2.42574
1.87061, 2.43891
1.7731, 2.4217
1.67248, 2.41228
1.56588, 2.41048
1.44551, 2.42621
1.32802, 2.41792
1.19578, 2.41961
1.05958, 2.40949
0.876902, 2.43706
0.935079, 2.19617
0.860211, 2.10995
0.245109, 2.4302
0.067408, 2.35297
0.0635835, 2.16248
0.0642694, 1.9836
0.955685, 1.47558
0.910695, 1.40049
0.0590432, 1.50714
1.77494, 1.09116
1.79996, 1.06661
1.82251, 1.04588
1.82344, 1.02717
1.83775, 1.01012
1.84452, 0.993303
1.83144, 0.971601
1.83621, 0.953396
1.84313, 0.935886
1.82042, 0.903076
0.414976, 0.0271782
0.636227, 0.0156887
0.85356, 0.0324321
1.01455, 0.0305659
1.14765, 0.022439
1.27073, 0.0206774
1.38753, 0.0284412
1.4886, 0.0297074
1.58567, 0.0394324
1.66875, 0.0346891
1.74366, 0.0179005
1.82321, 0.0232918
1.89748, 0.0198558
1.97337, 0.0426799
2.0428, 0.0217363
2.11345, 0.0542909
2.18521, 0.0286709
2.26019, 0.0111709
2.33661, 0.00543584
2.40496, 0.0363685
2.46598, 0.0825426
2.46592, 0.250645
2.46843, 0.370931
2.47722, 0.455373
2.46332, 0.554374
2.47966, 0.458586
2.47158, 0.543828
2.47053, 0.605801
2.47834, 0.6498
2.47415, 0.699419
2.47179, 0.741506
2.46549, 0.781648
2.46192, 0.816028
2.46521, 0.84428
2.47641, 0.868282
2.46424, 0.899494
2.46317, 0.925319
2.46849, 0.949257
2.47267, 0.97353
2.46584, 0.998205
2.47167, 1.02269
2.43992, 1.0432
2.43808, 1.06575
2.46349, 1.09631
2.46459, 1.12305
2.47069, 1.15352
2.44492, 1.1701
2.45249, 1.20474
2.45159, 1.23755
2.45476, 1.27707
2.45496, 1.31911
2.45581, 1.36791
2.25119, 1.16489
2.23717, 1.1703
2.20889, 1.15032
2.19703, 1.15365
2.18923, 1.16606
2.17939, 1.17608
2.16401, 1.16797
2.15339, 1.17703
2.13967, 1.16673
2.12914, 1.1965
2.11562, 1.19072
2.10061, 1.2071
1.87402, 2.43358
1.7725, 2.42072
1.66252, 2.42882
1.54898, 2.43023
1.43289, 2.42294
1.32013, 2.39748
1.18291, 2.39994
1.02231, 2.4146
0.863673, 2.40398
0.912696, 2.17292
0.829895, 2.08875
0.22877, 2.38095
0.0314056, 2.3114
0.0152566, 2.12451
0.037638, 1.93171
0.931924, 1.43523
0.89043, 1.35503
1.77921, 1.07381
1.82186, 1.04308
1.8138, 1.02243
1.82126, 1.00086
1.85725, 0.982328
1.83253, 0.960149
1.83156, 0.939082
1.82312, 0.915094
1.8064, 0.885893
0.0801741, 0.0902962
0.21369, 0
0.523702, 0.000171391
0.731508, 0
0.916738, 0
1.09471, 0.00630084
1.24443, 0.0234873
1.34773, 0.00672518
1.45913, 0.0146243
1.5566, 0.0175502
1.65247, 0.0335359
1.73018, 0.0253939
1.80725, 0.025017
1.88261, 0.0312668
1.95673, 0.0501485
2.0229, 0.034036
2.09083, 0.032928
2.15845, 0.0365597
2.22563, 0.0428021
2.29847, 0.0184533
2.3633, 0.046713
2.43687, 0.0432907
2.48041, 0.123027
2.48029, 0.273192
2.48336, 0.380487
2.4633, 0.286498
2.46056, 0.396357
2.46531, 0.469921
2.45677, 0.547344
2.46677, 0.589403
2.46682, 0.636405
2.465, 0.678914
2.45704, 0.72092
2.46426, 0.747913
2.46352, 0.777918
2.4654, 0.804388
2.45607, 0.833704
2.44956, 0.85938
2.46591, 0.877946
2.47339, 0.899547
2.45099, 0.924183
2.46094, 0.945025
2.45208, 0.966135
2.46328, 0.988749
2.43751, 1.00595
2.45685, 1.03235
2.462, 1.05757
2.43527, 1.07103
2.43706, 1.09624
2.44381, 1.12662
2.46073, 1.16793
2.45885, 1.20063
2.46023, 1.24013
2.45924, 1.28287
2.45353, 1.32658
2.44807, 1.37822
2.29863, 1.1968
2.26222, 1.16898
2.2424, 1.16611
2.22558, 1.16773
2.20728, 1.16147
2.19029, 1.15411
2.17569, 1.15496
2.16144, 1.16115
2.14624, 1.17375
2.12817, 1.19711
2.11139, 1.19167
1.79097, 2.44815
1.68672, 2.42021
1.5722, 2.41639
1.44443, 2.4278
1.32623, 2.40381
1.18725, 2.40162
1.03451, 2.40011
0.863367, 2.39994
0.911107, 2.16335
0.816612, 2.08433
0.180137, 2.40075
0.0405637, 2.28649
0.0371619, 2.08975
0.886316, 1.52129
0.914502, 1.40726
1.82105, 1.0457
1.824, 1.02036
1.82437, 0.996576
1.82721, 0.973136
1.84671, 0.950254
1.83364, 0.927999
1.81886, 0.903466
1.78976, 0.873393
0.0487264, 0.355324
0.0899302, 0.20776
0.0682805, 0.0308091
0.329906, 0
0.620832, 0
0.846489, 0.00703528
1.02605, 0.0101705
1.19082, 0.0262264
1.29509, 0.00257472
1.4228, 0.0206285
1.51297, 0.00652936
1.60848, 0.0124788
1.69683, 0.0206949
1.77176, 0.0131129
1.84685, 0.0155295
1.92092, 0.0285829
1.98865, 0.030545
2.05567, 0.0440937
2.11929, 0.0433574
2.18288, 0.0372982
2.24833, 0.0243767
2.31412, 0.0253368
2.37762, 0.0416015
2.45598, 0.0118322
2.46872, 0.164285
2.46767, 0.0357484
2.46234, 0.211955
2.45712, 0.336918
2.46346, 0.411439
2.45532, 0.491886
2.46885, 0.529648
2.45529, 0.592324
2.46098, 0.62638
2.4605, 0.662003
2.4564, 0.696268
2.45797, 0.723339
2.44773, 0.754472
2.4636, 0.770925
2.46116, 0.794919
2.4505, 0.819658
2.45218, 0.839598
2.4597, 0.858507
2.45525, 0.878773
2.46412, 0.89849
2.4465, 0.917197
2.46428, 0.939236
2.44842, 0.956535
2.44932, 0.977264
2.45604, 1.00126
2.45107, 1.0221
2.46423, 1.05368
2.45577, 1.07569
2.4443, 1.09628
2.45587, 1.13754
2.44821, 1.16662
2.45228, 1.21245
2.45779, 1.26888
2.45593, 1.32638
2.45185, 1.39354
2.45235, 1.48944
2.28906, 1.19044
2.25863, 1.16663
2.23572, 1.15588
2.21747, 1.16086
2.19865, 1.16268
2.17965, 1.15416
2.16199, 1.14356
2.14327, 1.15223
2.12148, 1.16852
1.7576, 2.43404
1.64675, 2.41306
1.5248, 2.41205
1.38834, 2.42483
1.24899, 2.42249
1.10241, 2.41337
0.943875, 2.40182
0.909636, 2.23953
0.860669, 2.10887
0.280862, 2.41339
0.0396849, 2.3739
0.033277, 2.16637
0.912605, 1.52906
1.81204, 1.0458
1.81965, 1.01413
1.85269, 0.978307
1.8329, 0.958272
1.81191, 0.93616
1.8194, 0.910173
1.79998, 0.88476
1.77691, 0.856192
0.0674396, 0.545401
0.0616139, 0.390437
0.0696979, 0.233741
0.0776502, 0.0711159
0.295674, 0.000272667
0.606313, 0.00840277
0.834774, 0.00827886
1.0259, 0.0131296
1.18602, 0.0194573
1.31714, 0.0210718
1.42424, 0.014622
1.52144, 0.0100195
1.62153, 0.0240179
1.69333, 0.00514806
1.78339, 0.0323346
1.84535, 0.00907908
1.91595, 0.0150216
1.98491, 0.0301423
2.04536, 0.0163054
2.10875, 0.0314775
2.16901, 0.00543848
2.22937, 0.0353719
2.29058, 0.0311842
2.35678, 0.0112111
2.42259, 0.00969749
2.39508, 0.0275311
2.46029, 0.0155252
2.46149, 0.17364
2.45843, 0.293898
2.45877, 0.3777
2.45481, 0.449776
2.4513, 0.507226
2.45002, 0.552317
2.45534, 0.584367
2.45815, 0.615168
2.45204, 0.649392
2.45985, 0.670822
2.46385, 0.693524
2.45517, 0.72076
2.46206, 0.739546
2.46232, 0.76023
2.4532, 0.782112
2.4598, 0.799931
2.46797, 0.818218
2.45853, 0.837424
2.43954, 0.854618
2.4551, 0.87428
2.45675, 0.893539
2.45074, 0.9114
2.45481, 0.932857
2.47117, 0.961561
2.4706, 0.985415
2.45261, 1.00006
2.45214, 1.02628
2.44737, 1.05161
2.45572, 1.09222
2.45969, 1.13513
2.45139, 1.17011
2.45241, 1.22474
2.45636, 1.29748
2.4475, 1.36463
2.45373, 1.49115
2.31647, 1.22259
2.27405, 1.16795
2.24823, 1.15834
2.22396, 1.14474
2.2018, 1.12674
2.1806, 1.14825
2.15737, 1.15975
2.12884, 1.18934
2.09848, 1.20681
1.66638, 2.42051
1.54338, 2.41264
1.40508, 2.42311
1.26295, 2.42051
1.11573, 2.4081
0.940226, 2.41488
0.924309, 2.22356
0.858291, 2.10499
0.284493, 2.4114
0.048235, 2.36743
0.0480025, 2.15148
1.82629, 1.02776
1.8426, 0.989122
1.81995, 0.968761
1.83151, 0.936821
1.82543, 0.911259
1.80681, 0.887212
1.75466, 0.86303
0.0591894, 0.81536
0.0561028, 0.665406
0.0474804, 0.512487
0.06399, 0.360691
0.0604771, 0.200442
0.0724456, 0.0386724
0.408496, 0.0184229
0.679618, 0.0100438
0.904273, 0.0107476
1.08474, 0.0116081
1.25868, 0.0336373
1.35614, 0.00882733
1.48697, 0.0329654
1.57408, 0.0238372
1.65463, 0.0163207
1.74112, 0.0302506
1.80697, 0.0182987
1.87893, 0.0287146
1.94312, 0.030978
2.00208, 0.0240176
2.06157, 0.0261484
2.1196, 0.030305
2.17616, 0.0272559
2.23291, 0.0255762
2.2917, 0.0120751
2.35133, 0.00928818
2.35027, 0.00803994
2.40014, 0.0339402
2.46075, 0.0224791
2.45877, 0.172126
2.45232, 0.287372
2.4604, 0.349062
2.45168, 0.423007
2.45213, 0.470766
2.45653, 0.506617
2.46364, 0.535416
2.44049, 0.586346
2.44898, 0.606289
2.45144, 0.629143
2.44503, 0.655034
2.45318, 0.671992
2.45912, 0.68984
2.46525, 0.707592
2.44943, 0.729886
2.4603, 0.745994
2.44118, 0.765016
2.46145, 0.781761
2.46963, 0.800368
2.45654, 0.817052
2.47734, 0.839958
2.44029, 0.849077
2.45564, 0.873223
2.46826, 0.899638
2.46137, 0.918904
2.45321, 0.937897
2.45405, 0.964237
2.45718, 0.995616
2.44917, 1.02041
2.44577, 1.05301
2.4623, 1.11713
2.45371, 1.15836
2.44932, 1.21574
2.45062, 1.30111
2.45442, 1.42331
2.44932, 1.57152
2.30481, 1.20465
2.26677, 1.16026
2.23759, 1.13711
2.21255, 1.14558
2.18657, 1.15049
2.15876, 1.16315
2.13186, 1.15943
2.08251, 1.23857
1.63873, 2.42279
1.5132, 2.40716
1.36647, 2.42238
1.21786, 2.41895
1.05123, 2.42325
0.860319, 2.43543
0.90517, 2.16899
0.795098, 2.08953
0.165927, 2.42406
0.0493133, 2.28196
1.82051, 1.00877
1.83273, 0.967375
1.83036, 0.936623
1.81998, 0.910047
1.79912, 0.886066
1.7615, 0.863297
0.0602076, 1.03492
0.051977, 0.884047
0.0531883, 0.733256
0.0606514, 0.582761
0.0621265, 0.430412
0.0594917, 0.273803
0.0569272, 0.111596
0.245057, 0.0159401
0.585077, 0.0136771
0.840386, 0.0130895
1.04541, 0.0167088
1.20733, 0.0179946
1.3158, 0
1.46106, 0.0254692
1.55363, 0.0195505
1.64178, 0.0207749
1.71638, 0.0147631
1.78311, 0.00463337
1.85337, 0.00993313
1.92623, 0.0356472
1.98184, 0.0279619
2.03911, 0.0331817
2.0893, 0.00805496
2.14445, 0.0143657
2.19815, 0.0258472
2.25074, 0.0277771
2.30736, 0
2.32205, 0.00327072
2.37107, 0.015826
2.42024, 0.0270586
2.45202, 0.0860599
2.45903, 0.184552
2.4538, 0.280157
2.45343, 0.34565
2.46477, 0.382313
2.45223, 0.44201
2.45629, 0.47418
2.45729, 0.5053
2.46546, 0.527437
2.4533, 0.561828
2.44047, 0.591922
2.45044, 0.60717
2.45068, 0.626601
2.45557, 0.64357
2.45704, 0.661295
2.4588, 0.678591
2.45179, 0.69656
2.45414, 0.713096
2.4602, 0.730079
2.47473, 0.749014
2.44036, 0.761101
2.46963, 0.785303
2.44861, 0.797576
2.45385, 0.818412
2.46515, 0.844311
2.45809, 0.862838
2.43697, 0.872195
2.44874, 0.905783
2.44804, 0.9336
2.45222, 0.970351
2.46335, 1.02216
2.44947, 1.04999
2.45528, 1.11428
2.44962, 1.17398
2.44983, 1.26534
2.45141, 1.39637
2.44946, 1.58076
2.31485, 1.22146
2.27373, 1.18153
2.23894, 1.14291
2.20909, 1.15292
2.17891, 1.14951
2.1465, 1.1611
2.10697, 1.19353
1.69697, 2.42644
1.56244, 2.42896
1.42812, 2.4143
1.27828, 2.41522
1.11962, 2.41092
0.944107, 2.4098
0.935696, 2.19379
0.83613, 2.10026
0.263211, 2.41795
1.81457, 1.02119
1.83668, 0.964941
1.83586, 0.929273
1.79686, 0.913962
1.79201, 0.881227
1.76456, 0.856444
0.0480886, 1.21796
0.045115, 1.061
0.0627736, 0.905269
0.0375595, 0.754587
0.0624609, 0.603406
0.0549622, 0.450567
0.048067, 0.294104
0.040617, 0.132156
0.193317, 0.0183667
0.558384, 0.0114852
0.851483, 0.0200702
1.05798, 0.0196053
1.19538, 0.00069448
1.36549, 0.0267054
1.47605, 0.0253115
1.57698, 0.0299297
1.65303, 0.0196816
1.73001, 0.0204939
1.79516, 0.013652
1.86001, 0.0147539
1.91946, 0.0139016
1.98139, 0.0299942
2.0283, 0.00841552
2.08192, 0.0154761
2.13184, 0.011485
2.18267, 0.0317949
2.23115, 0.0140745
2.28008, 0.0201944
2.30225, 0.0100335
2.35098, 0
2.39611, 0.0118246
2.43949, 0.0296255
2.45377, 0.11519
2.45366, 0.206444
2.4569, 0.269999
2.45611, 0.326436
2.45367, 0.374531
2.45524, 0.410338
2.44377, 0.453497
2.43219, 0.489948
2.46507, 0.489836
2.4478, 0.524233
2.46132, 0.537864
2.45929, 0.55897
2.45176, 0.580471
2.46709, 0.593836
2.4535, 0.614401
2.45217, 0.631051
2.43758, 0.647909
2.46384, 0.663394
2.46536, 0.680394
2.45336, 0.695653
2.45047, 0.711684
2.44563, 0.727234
2.46169, 0.75086
2.44542, 0.762937
2.45851, 0.789859
2.4669, 0.817815
2.46291, 0.840293
2.44701, 0.854282
2.45534, 0.892123
2.44626, 0.916789
2.45231, 0.964683
2.46213, 1.02927
2.45711, 1.08415
2.45757, 1.16616
2.45647, 1.27354
2.45199, 1.41827
2.45052, 1.66346
2.30851, 1.21241
2.26522, 1.16385
2.22961, 1.14977
2.19553, 1.14451
2.15908, 1.16126
2.12115, 1.17027
1.73991, 2.42235
1.60775, 2.41283
1.46043, 2.42613
1.31146, 2.42114
1.15122, 2.41741
0.972365, 2.42054
0.918573, 2.24799
0.865481, 2.09488
1.79584, 1.052
1.82547, 0.976392
1.82413, 0.934075
1.80286, 0.907237
1.78576, 0.87759
1.74251, 0.858489
0.0384718, 1.39138
0.0428351, 1.22379
0.0403336, 1.06406
0.0493766, 0.906772
0.0539662, 0.753428
0.0401238, 0.601174
0.0444158, 0.448163
0.0595336, 0.29549
0.0486261, 0.135059
0.211407, 0.0224869
0.599691, 0.0172321
0.894831, 0.0230973
1.09831, 0.0201584
1.26116, 0.0197002
1.38113, 0.0101243
1.50991, 0.025055
1.58643, 0.00783644
1.69067, 0.0321026
1.75297, 0.0197055
1.81918, 0.0205077
1.87689, 0.0162194
1.93225, 0.0147429
1.99057, 0.0298758
2.03376, 0.0105343
2.08466, 0.022227
2.128, 0.00376906
2.17518, 0.0141137
2.22043, 0.0224491
2.26466, 0.0278729
2.28832, 0.0373282
2.33229, 0.0147941
2.37604, 0.0104179
2.41905, 0.0150497
2.45001, 0.0528971
2.44873, 0.149507
2.44874, 0.219387
2.4531, 0.267651
2.44266, 0.326331
2.43908, 0.366375
2.44935, 0.386783
2.45365, 0.410972
2.44545, 0.442115
2.44518, 0.464192
2.448, 0.482747
2.46268, 0.495075
2.45837, 0.515553
2.47069, 0.529671
2.45394, 0.551074
2.42615, 0.571075
2.4394, 0.584022
2.46283, 0.598709
2.45734, 0.614611
2.44672, 0.629169
2.43959, 0.643268
2.44932, 0.661655
2.45792, 0.681783
2.45765, 0.700234
2.45299, 0.717492
2.45717, 0.740975
2.44581, 0.755873
2.45483, 0.78792
2.46222, 0.823747
2.4474, 0.841092
2.44814, 0.879197
2.45758, 0.938008
2.45729, 0.995027
2.45114, 1.05581
2.4498, 1.14827
2.4531, 1.29441
2.45275, 1.50816
2.45146, 1.88816
2.28818, 1.17589
2.24708, 1.159
2.20803, 1.154
2.16975, 1.14642
2.12544, 1.1746
1.7668, 2.4133
1.62469, 2.42579
1.4738, 2.43884
1.32564, 2.42448
1.17103, 2.40652
0.987333, 2.41556
0.923937, 2.24769
0.853794, 2.10633
1.83345, 0.976307
1.83008, 0.929364
1.81487, 0.895597
1.78789, 0.870249
1.73512, 0.856837
0.0537449, 1.54721
0.0608732, 1.36852
0.0460892, 1.20557
0.0720052, 1.03851
0.0456351, 0.886653
0.0380299, 0.732761
0.0552416, 0.579342
0.0555449, 0.426814
0.0520051, 0.272058
0.0631549, 0.116782
0.283077, 0.0201676
0.68685, 0.0198359
0.957921, 0.0169817
1.17491, 0.0237492
1.31684, 0.0147277
1.46415, 0.0296741
1.55165, 0.0167992
1.64248, 0.0186086
1.71088, 0.00891693
1.78665, 0.0176123
1.85144, 0.0230808
1.90296, 0.0164337
1.94318, 0
2.0067, 0.0260127
2.04706, 0.0111338
2.09737, 0.0369285
2.13348, 0.00789033
2.17614, 0.0149161
2.2173, 0.0226159
2.25799, 0.0144327
2.28529, 0.0361232
2.31852, 0.0551252
2.36212, 0.0233103
2.40433, 0.0149598
2.43883, 0.0339332
2.45227, 0.0952492
2.4487, 0.172464
2.45545, 0.21679
2.44713, 0.273061
2.43534, 0.322781
2.45406, 0.333894
2.45688, 0.359531
2.45814, 0.383809
2.45339, 0.409682
2.44916, 0.432438
2.43975, 0.45531
2.4566, 0.46579
2.44715, 0.485723
2.45084, 0.500699
2.43574, 0.518465
2.44768, 0.531767
2.46987, 0.546553
2.43158, 0.560458
2.45836, 0.577985
2.45425, 0.593196
2.44808, 0.607691
2.46068, 0.628651
2.45639, 0.645054
2.46713, 0.669812
2.4532, 0.682725
2.44043, 0.695602
2.45103, 0.727479
2.45371, 0.757282
2.45149, 0.786375
2.45884, 0.832217
2.44876, 0.862447
2.4607, 0.936063
2.45272, 0.991144
2.44786, 1.07102
2.45397, 1.21702
2.45453, 1.42179
2.45104, 1.76286
2.30391, 1.19347
2.25724, 1.15922
2.21465, 1.15275
2.17142, 1.15903
2.12443, 1.17801
1.76807, 2.42273
1.62822, 2.4159
1.4703, 2.44006
1.31834, 2.42601
1.13984, 2.44277
0.964253, 2.42927
0.931725, 2.21324
1.82097, 1.00691
1.83171, 0.936497
1.8027, 0.909663
1.77294, 0.882509
1.73468, 0.859292
0.0608619, 1.69871
0.0435904, 1.51822
0.0665193, 1.33171
0.0546814, 1.16744
0.0442941, 1.00766
0.0507637, 0.84875
0.061639, 0.693486
0.0432544, 0.541108
0.0560548, 0.388366
0.0568437, 0.234129
0.0690862, 0.0793373
0.447804, 0.0280294
0.840271, 0.0338394
1.07852, 0.0270463
1.27628, 0.0325567
1.42056, 0.0335684
1.53121, 0.0311724
1.62537, 0.0309088
1.71468, 0.03991
1.78222, 0.0392619
1.84336, 0.040487
1.88717, 0.0254132
1.93848, 0.0268084
1.98358, 0.0238901
2.02821, 0.0261924
2.06445, 0.0107314
2.1112, 0.0362824
2.14572, 0.0198502
2.18621, 0.0490317
2.22046, 0.0215349
2.25703, 0.0275302
2.28177, 0.0422814
2.31605, 0.0257806
2.35119, 0.0189364
2.37942, 0.0412943
2.41832, 0.0312006
2.45679, 0.0297441
2.45367, 0.107532
2.45176, 0.165804
2.44574, 0.217983
2.45087, 0.247908
2.44054, 0.289375
2.45529, 0.302548
2.45496, 0.327402
2.45194, 0.351472
2.45174, 0.371528
2.45741, 0.387383
2.46675, 0.401637
2.43145, 0.429765
2.4517, 0.439458
2.46431, 0.452805
2.44738, 0.469994
2.45088, 0.484422
2.45619, 0.499427
2.4492, 0.513702
2.43899, 0.526601
2.45143, 0.544676
2.45964, 0.563751
2.4553, 0.579527
2.46176, 0.601281
2.4538, 0.616787
2.45858, 0.641606
2.43979, 0.650306
2.46415, 0.698247
2.43957, 0.703235
2.44972, 0.749022
2.4445, 0.78284
2.44449, 0.832382
2.45598, 0.918457
2.46026, 1.0172
2.45321, 1.12303
2.45209, 1.30705
2.4492, 1.6192
2.44862, 2.33659
2.26943, 1.16363
2.22241, 1.15003
2.17504, 1.15757
2.12546, 1.16795
1.76814, 2.4348
1.62129, 2.43403
1.47295, 2.4204
1.30541, 2.43314
1.12875, 2.43813
0.943915, 2.43224
0.927345, 2.18634
1.8165, 0.963039
1.80752, 0.90947
1.77026, 0.885529
1.74363, 0.851547
0.852135, 1.36307
0.058985, 1.65877
0.0684909, 1.46457
0.0439853, 1.29607
0.0448061, 1.12533
0.0503988, 0.960503
0.0555916, 0.801426
0.0369665, 0.647993
0.0662482, 0.493381
0.050005, 0.339891
0.0518908, 0.185163
0.0681316, 0.0306989
0.627703, 0.0282683
0.96488, 0.0254104
1.19615, 0.024021
1.36573, 0.0233508
1.50428, 0.02801
1.60307, 0.0246155
1.69737, 0.0316924
1.76373, 0.0267797
1.83436, 0.0358686
1.88198, 0.0278278
1.9321, 0.0292413
1.96911, 0.0161354
2.02604, 0.0461141
2.05532, 0.0271086
2.09334, 0.0319637
2.12919, 0.0376092
2.16017, 0.0270036
2.19341, 0.0310996
2.22592, 0.0447508
2.258, 0.0122422
2.27753, 0.0221818
2.30899, 0.00541349
2.33498, 0.0271786
2.36887, 0.0145226
2.39502, 0.0312707
2.424, 0.039599
2.45256, 0.0499851
2.44644, 0.116003
2.44443, 0.162603
2.45876, 0.181755
2.45342, 0.219864
2.46977, 0.233032
2.4473, 0.276567
2.44364, 0.300252
2.4601, 0.309995
2.44858, 0.334521
2.46496, 0.344951
2.43253, 0.372369
2.46286, 0.379203
2.47676, 0.392714
2.45105, 0.411574
2.45401, 0.425917
2.43852, 0.439778
2.46749, 0.456727
2.46908, 0.4729
2.45541, 0.48574
2.45154, 0.500417
2.45427, 0.518011
2.45765, 0.537383
2.42134, 0.535105
2.44533, 0.569074
2.45835, 0.601257
2.45862, 0.627426
2.45467, 0.652768
2.44604, 0.675876
2.44588, 0.71396
2.4472, 0.76286
2.44838, 0.824485
2.45178, 0.910893
2.44786, 1.0106
2.4478, 1.17404
2.44717, 1.44817
2.44358, 1.99929
2.28747, 1.18097
2.23525, 1.16034
2.18705, 1.12511
2.13119, 1.16726
1.79174, 2.42009
1.64523, 2.41164
1.49143, 2.40882
1.32369, 2.41871
1.14484, 2.4257
0.956365, 2.42375
1.8278, 0.98742
1.8149, 0.928009
1.80096, 0.876859
1.76641, 0.848546
1.69165, 0.849281
0.844216, 1.34254
0.0480095, 1.65075
0.0600492, 1.45119
0.0466878, 1.27566
0.0386383, 1.10588
0.0371608, 0.940611
0.0513726, 0.777916
0.0492936, 0.622177
0.0483711, 0.468017
0.0614889, 0.314838
0.0506719, 0.1594
0.134828, 0.0182779
0.720664, 0.0202714
1.05646, 0.0195585
1.26153, 0.0113262
1.44166, 0.0194586
1.56839, 0.0221625
1.66867, 0.0250517
1.73226, 0.0131855
1.80881, 0.0214792
1.87496, 0.0312039
1.92339, 0.0305619
1.96146, 0.0223437
2.00621, 0.0294089
2.0376, 0.0190373
2.07293, 0.0198175
2.1056, 0.0190113
2.13889, 0.0259231
2.16827, 0.0236418
2.19842, 0.0317577
2.22617, 0.0236709
2.25468, 0.0238173
2.26374, 0.0232401
2.29357, 0
2.321, 0.00840686
2.35096, 0.00579337
2.37932, 0.0123851
2.40288, 0.0315788
2.44529, 0.0102251
2.4579, 0.049917
2.45367, 0.107249
2.44805, 0.155173
2.44969, 0.186704
2.44376, 0.221146
2.43798, 0.250405
2.44021, 0.270001
2.44086, 0.289001
2.44635, 0.304011
2.46411, 0.313404
2.45035, 0.335761
2.45043, 0.351344
2.46162, 0.364116
2.45306, 0.380632
2.46081, 0.394705
2.45784, 0.409623
2.46182, 0.424714
2.4503, 0.438177
2.44294, 0.451235
2.43761, 0.46427
2.44118, 0.480463
2.43917, 0.495484
2.4551, 0.521044
2.44784, 0.536064
2.44808, 0.55703
2.4355, 0.569304
2.45287, 0.610972
2.45028, 0.638711
2.44147, 0.662683
2.4582, 0.729161
2.45445, 0.777583
2.45908, 0.857077
2.44337, 0.912673
2.45062, 1.06438
2.44917, 1.26911
2.44675, 1.64237
2.42828, 2.41008
2.26263, 1.16701
2.20969, 1.16194
2.15764, 1.1523
2.0927, 1.21221
1.70907, 2.43259
1.55933, 2.41761
1.40097, 2.41073
1.2308, 2.41003
1.04187, 2.41986
0.843085, 2.41804
1.82175, 0.933969
1.78155, 0.907668
1.77486, 0.848518
1.71092, 0.842172
0.891396, 1.35759
0.0620187, 1.72118
0.0671341, 1.51847
0.0399964, 1.34413
0.0548907, 1.1617
0.0623041, 0.99191
0.0370948, 0.835712
0.046447, 0.675995
0.0436137, 0.520917
0.0620655, 0.366952
0.0592742, 0.213296
0.055254, 0.0571296
0.574401, 0.0184448
0.985765, 0.0193103
1.24461, 0.0202905
1.42209, 0.0204801
1.54688, 0.0170562
1.65802, 0.0226487
1.74686, 0.0282134
1.79759, 0.0142486
1.85282, 0.0105687
1.91941, 0.0277982
1.9591, 0.0223114
2.00158, 0.0261348
2.02945, 0.0110269
2.06793, 0.0189454
2.09982, 0.0186849
2.12879, 0.0140946
2.16029, 0.0231771
2.18804, 0.0224761
2.2148, 0.0158909
2.24252, 0.0360837
2.25825, 0.0240104
2.28381, 0.0222403
2.30956, 0.0228828
2.33479, 0.0278957
2.36662, 0.0126382
2.38604, 0.0377939
2.42038, 0.0266889
2.45157, 0.0281342
2.45269, 0.0782467
2.45499, 0.117434
2.45136, 0.157071
2.45086, 0.187398
2.44697, 0.216652
2.45989, 0.229782
2.44812, 0.258931
2.45056, 0.276395
2.44166, 0.29803
2.45583, 0.308631
2.44444, 0.328068
2.45134, 0.341208
2.4535, 0.355591
2.45064, 0.370354
2.44947, 0.384563
2.43978, 0.398031
2.45552, 0.413762
2.47823, 0.433492
2.44903, 0.442293
2.4526, 0.459118
2.45629, 0.477385
2.46489, 0.499953
2.44646, 0.508691
2.45463, 0.534784
2.45603, 0.559207
2.45354, 0.583134
2.44522, 0.603695
2.4454, 0.637309
2.45451, 0.690774
2.45024, 0.734908
2.44607, 0.790722
2.45341, 0.893026
2.45213, 1.01295
2.45241, 1.20481
2.44903, 1.52596
2.4496, 2.30822
2.27501, 1.16807
2.22043, 1.16185
2.16925, 1.12921
2.10499, 1.19198
1.73595, 2.42964
1.58427, 2.41947
1.42288, 2.41932
1.24334, 2.43701
1.06278, 2.43
0.865663, 2.42639
1.82931, 0.91886
1.78552, 0.89658
1.75523, 0.858826
1.69086, 0.850318
0.879627, 1.37382
0.0455985, 1.75279
0.0487716, 1.54616
0.0585114, 1.3518
0.0579637, 1.17413
0.051062, 1.00695
0.0420053, 0.845762
0.05193, 0.685381
0.0465634, 0.530432
0.0535358, 0.376209
0.0633081, 0.223084
0.0330512, 0.0639302
0.578587, 0.0223609
0.996268, 0.0198408
1.26867, 0.023304
1.44476, 0.022685
1.58029, 0.0256815
1.67528, 0.0230173
1.75704, 0.0243098
1.82234, 0.0238618
1.87253, 0.0183244
1.92904, 0.0266232
1.95246, 0.00205689
2.00579, 0.0211418
2.03726, 0.0146225
2.07169, 0.0174965
2.09911, 0.00932172
2.1294, 0.0113167
2.15981, 0.0203936
2.18432, 0.0079707
2.21024, 0
2.23828, 0.0289978
2.25974, 0.0155932
2.2823, 0.0347489
2.30761, 0.0243913
2.33114, 0.0297314
2.36041, 0.0174973
2.38897, 0.0147303
2.41402, 0.0234608
2.44466, 0.0233139
2.45713, 0.0540623
2.44047, 0.117998
2.454, 0.135604
2.44199, 0.177144
2.44194, 0.201777
2.45462, 0.21439
2.44611, 0.24074
2.44061, 0.262126
2.46084, 0.269756
2.44919, 0.291292
2.46336, 0.302754
2.45148, 0.321249
2.45197, 0.335825
2.44393, 0.350776
2.46031, 0.364475
2.44686, 0.378364
2.43543, 0.390782
2.44394, 0.40609
2.4525, 0.42309
2.46127, 0.442091
2.44467, 0.452011
2.44363, 0.468477
2.45827, 0.495907
2.44739, 0.509392
2.4498, 0.533921
2.4462, 0.556062
2.43528, 0.572715
2.44935, 0.622696
2.45005, 0.664819
2.45762, 0.728859
2.4499, 0.780339
2.45185, 0.872175
2.44888, 0.987982
2.45005, 1.18476
2.44805, 1.52063
2.45193, 2.37381
2.27292, 1.1521
2.2179, 1.14899
2.16107, 1.16367
2.09655, 1.2045
1.72086, 2.43967
1.56926, 2.42129
1.40296, 2.42769
1.23247, 2.42081
1.04622, 2.42165
1.81995, 0.992421
1.81112, 0.91786
1.77938, 0.879453
1.73807, 0.851537
1.66624, 0.846992
0.867173, 1.35487
0.0496612, 1.71886
0.0569399, 1.51126
0.0516635, 1.32482
0.0628765, 1.14287
0.0614151, 0.974862
0.0491204, 0.815318
0.0493191, 0.656934
0.0543689, 0.501201
0.0606835, 0.347537
0.0596869, 0.194024
0.0619818, 0.0391774
0.686541, 0.0189805
1.07852, 0.0182811
1.31962, 0.0172895
1.49043, 0.0189221
1.61908, 0.0225011
1.71519, 0.024369
1.78805, 0.0232927
1.84164, 0.0164008
1.89856, 0.0198919
1.94157, 0.0167205
1.9944, 0.0323784
2.02021, 0.018425
2.04989, 0.0120387
2.08617, 0.0225126
2.11234, 0.0167536
2.14336, 0.028474
2.16577, 0.0163408
2.19191, 0.0211369
2.21563, 0.0135987
2.24021, 0.0107542
2.26546, 0.00244613
2.28646, 0.0285892
2.31055, 0.0207069
2.33619, 0.0136413
2.3579, 0.0239979
2.39176, 0.00430544
2.40357, 0.038094
2.44414, 0.0167554
2.44448, 0.0629632
2.46077, 0.0808851
2.43877, 0.1394
2.45252, 0.153229
2.44009, 0.188505
2.44582, 0.20552
2.44931, 0.223044
2.44447, 0.243893
2.44759, 0.259233
2.45671, 0.272018
2.44142, 0.292052
2.44469, 0.305582
2.44914, 0.319049
2.44647, 0.333288
2.44857, 0.34712
2.45092, 0.361298
2.44109, 0.374071
2.43561, 0.38673
2.43987, 0.401987
2.4718, 0.429103
2.4477, 0.436255
2.45392, 0.457167
2.45872, 0.479754
2.45172, 0.496314
2.44842, 0.516898
2.43923, 0.533769
2.45468, 0.580143
2.44345, 0.601586
2.44366, 0.643325
2.45684, 0.718629
2.44453, 0.763121
2.45657, 0.88492
2.44693, 0.992197
2.4505, 1.21933
2.45024, 1.62225
2.42867, 2.42647
2.26261, 1.17436
2.20578, 1.15009
2.14829, 1.15502
1.83988, 2.42823
1.68406, 2.43559
1.52486, 2.43231
1.36073, 2.42309
1.18171, 2.42575
0.989756, 2.42707
1.81729, 0.957253
1.80283, 0.891974
1.76422, 0.860898
1.69684, 0.855748
0.909951, 1.42069
0.797504, 1.3525
0.0527963, 1.65213
0.0495944, 1.45355
0.055171, 1.26441
0.0462258, 1.09177
0.071972, 0.916796
0.0418605, 0.762286
0.0479084, 0.6034
0.0528014, 0.448012
0.042697, 0.293995
0.0443296, 0.139159
0.272408, 0.0196761
0.886128, 0.0211037
1.21543, 0.0212791
1.41336, 0.0173173
1.55589, 0.015407
1.66601, 0.0157993
1.76635, 0.0258456
1.82049, 0.0163207
1.88131, 0.0196174
1.93037, 0.0205087
1.96738, 0.014882
2.01097, 0.0227534
2.04835, 0.0293197
2.07824, 0.0296125
2.1027, 0.0229168
2.12996, 0.0253106
2.15463, 0.0248138
2.17612, 0.0141926
2.1988, 0.00613364
2.2241, 0.0231212
2.24669, 0.0320205
2.26743, 0
2.28642, 0.0274908
2.30915, 0.019848
2.33169, 0.019294
2.35713, 0.0130361
2.37507, 0.0295496
2.41194, 0.00636455
2.43617, 0.0143708
2.4429, 0.0487272
2.45231, 0.0744
2.44874, 0.111093
2.44728, 0.140236
2.45345, 0.159445
2.43968, 0.191344
2.45066, 0.203589
2.45542, 0.219482
2.45778, 0.235945
2.45105, 0.254893
2.44423, 0.272055
2.43281, 0.288536
2.44837, 0.299738
2.43188, 0.314528
2.44966, 0.327585
2.46507, 0.34296
2.45168, 0.356068
2.43267, 0.366264
2.44465, 0.383662
2.45238, 0.401898
2.4583, 0.421416
2.44375, 0.43169
2.44011, 0.447808
2.4501, 0.475301
2.45662, 0.50432
2.45349, 0.528382
2.4381, 0.541409
2.44991, 0.59081
2.45454, 0.641104
2.44477, 0.678166
2.44854, 0.753936
2.44668, 0.842631
2.45197, 0.995159
2.451, 1.21384
2.45428, 1.65749
2.42085, 2.4051
2.26008, 1.14879
2.20302, 1.13617
2.14417, 1.14766
1.83041, 2.41505
1.67961, 2.40099
1.51651, 2.41077
1.34162, 2.42552
1.16716, 2.41421
0.980004, 2.40487
1.81142, 0.941144
1.8051, 0.86541
1.74927, 0.853079
1.68329, 0.844474
0.907743, 1.39373
0.753427, 1.35423
0.0550623, 1.61866
0.0347936, 1.42961
0.0544697, 1.23404
0.0487339, 1.06069
0.0586787, 0.890457
0.0392069, 0.733097
0.0516642, 0.573448
0.0538675, 0.418496
0.0496037, 0.264612
0.0557899, 0.110565
0.457085, 0.0217903
1.01023, 0.0244537
1.28973, 0.0194133
1.49653, 0.0254553
1.61535, 0.0195165
1.71848, 0.0214853
1.79705, 0.0223515
1.85648, 0.0201
1.90404, 0.0158519
1.94295, 0.00930029
1.98495, 0.0112527
2.02723, 0.0203628
2.05819, 0.020049
2.08656, 0.0197194
2.11115, 0.0155144
2.13961, 0.0243175
2.16112, 0.0183438
2.18516, 0.0242215
2.20394, 0.00445593
2.22785, 0.021886
2.24902, 0.0248405
2.26677, 0.0275473
2.28958, 0.000945359
2.30804, 0.0174489
2.33138, 0.00922307
2.3508, 0.0182554
2.37001, 0.026999
2.398, 0.0185389
2.41492, 0.0338171
2.44547, 0.0287584
2.45279, 0.0569403
2.45462, 0.0874526
2.45289, 0.117262
2.45832, 0.137473
2.45731, 0.160721
2.45305, 0.183607
2.45276, 0.202098
2.44511, 0.222366
2.45647, 0.234013
2.45886, 0.249025
2.44394, 0.267082
2.43409, 0.282012
2.44098, 0.294562
2.47057, 0.308538
2.4608, 0.323007
2.45144, 0.336358
2.46453, 0.354044
2.45347, 0.366623
2.4394, 0.376999
2.43788, 0.391905
2.44747, 0.413884
2.45786, 0.439607
2.4482, 0.453989
2.46089, 0.488325
2.44569, 0.50073
2.44203, 0.526248
2.45191, 0.574062
2.44334, 0.604445
2.44664, 0.662874
2.45142, 0.74241
2.4467, 0.826205
2.45049, 0.976735
2.45265, 1.21422
2.45185, 1.653
2.32626, 1.26741
2.25775, 1.14642
2.19879, 1.1448
2.1386, 1.15018
1.81508, 2.42897
1.66155, 2.41468
1.4992, 2.41364
1.32264, 2.4264
1.1334, 2.43854
1.82402, 0.996835
1.80858, 0.920645
1.77178, 0.881801
1.73397, 0.84532
1.62223, 0.87619
0.874326, 1.39119
0.0594227, 1.79851
0.0502663, 1.58901
0.0588309, 1.38601
0.0418518, 1.20821
0.0529916, 1.02874
0.0467706, 0.863321
0.0475831, 0.701561
0.0512236, 0.54365
0.0736804, 0.387914
0.0601874, 0.235043
0.0500805, 0.0799521
0.605082, 0.0188438
1.09351, 0.0186227
1.36946, 0.0197557
1.5468, 0.0210122
1.65954, 0.0166359
1.7643, 0.023736
1.83584, 0.0244402
1.89403, 0.0253556
1.92798, 0.0132806
1.97489, 0.0180206
2.01316, 0.0203303
2.04764, 0.0237177
2.07528, 0.0222667
2.09818, 0.0159174
2.12152, 0.0123464
2.15444, 0.0375398
2.16326, 0
2.18992, 0.0147393
2.21119, 0.0178208
2.23359, 0.0489785
2.2514, 0.0112404
2.26742, 0.0306166
2.28654, 0.0223456
2.30617, 0.0191403
2.32726, 0.0143068
2.34194, 0.0320206
2.36871, 0.0176021
2.38624, 0.0282692
2.41198, 0.0251125
2.43807, 0.0253613
2.45369, 0.0416111
2.44077, 0.0874677
2.45041, 0.104614
2.45049, 0.128573
2.46733, 0.138468
2.45964, 0.164173
2.46482, 0.180384
2.44431, 0.206838
2.44416, 0.2222
2.45195, 0.234786
2.46019, 0.247911
2.44451, 0.264554
2.44593, 0.278019
2.4501, 0.291676
2.4358, 0.304173
2.46242, 0.321722
2.43608, 0.330675
2.44393, 0.347017
2.46227, 0.369381
2.4478, 0.379943
2.42833, 0.386293
2.45887, 0.423589
2.45189, 0.440092
2.45165, 0.463433
2.45557, 0.494106
2.4494, 0.518216
2.44893, 0.553483
2.45083, 0.599857
2.45405, 0.660514
2.44815, 0.719658
2.45046, 0.821735
2.45278, 0.971995
2.45421, 1.21342
2.44959, 1.64292
2.32406, 1.24773
2.25626, 1.15715
2.19742, 1.12398
2.13154, 1.17269
1.80433, 2.43565
1.65068, 2.41488
1.48313, 2.42374
1.3089, 2.42521
1.12777, 2.41825
1.81484, 0.991509
1.79636, 0.917985
1.76404, 0.871696
1.72291, 0.837565
0.926415, 1.48622
0.87439, 1.3681
0.0551544, 1.77528
0.0561959, 1.56015
0.0539395, 1.36358
0.0591482, 1.17673
0.0502908, 1.00552
0.0420099, 0.840615
0.0413938, 0.678905
0.0651179, 0.518501
0.0395042, 0.365533
0.0484428, 0.210929
0.0364534, 0.0546522
0.743932, 0.0209459
1.17832, 0.0187843
1.42498, 0.0175348
1.57967, 0.0144408
1.70316, 0.0182557
1.79706, 0.0231625
1.85281, 0.0164405
1.89729, 0.00843056
1.95966, 0.022233
1.97873, 0.00229415
2.02718, 0.0171991
2.05366, 0.0119268
2.08605, 0.0191272
2.11179, 0.0207008
2.13579, 0.0230028
2.15302, 0.0114211
2.1788, 0.027374
2.19671, 0.0210594
2.21635, 0.0247645
2.23505, 0.02761
2.25319, 0.0224955
2.26819, 0.0292656
2.28454, 0.0339478
2.30343, 0.0244125
2.32067, 0.0276924
2.33964, 0.0266897
2.3642, 0.0154302
2.38907, 0.00964363
2.40789, 0.0181633
2.42766, 0.0259588
2.4512, 0.0303462
2.45983, 0.0527353
2.45306, 0.0872427
2.4492, 0.114409
2.44749, 0.136728
2.44867, 0.155082
2.45488, 0.169659
2.43981, 0.192847
2.45665, 0.202104
2.46617, 0.215118
2.45937, 0.231957
2.43557, 0.249311
2.43518, 0.262146
2.44362, 0.275118
2.4491, 0.289034
2.45984, 0.304822
2.44885, 0.317206
2.46068, 0.335756
2.44315, 0.345137
2.45441, 0.366429
2.4536, 0.383937
2.45294, 0.402887
2.45756, 0.427708
2.44738, 0.442821
2.44608, 0.467582
2.45028, 0.502493
2.45209, 0.541107
2.45363, 0.587745
2.44851, 0.633893
2.4502, 0.708317
2.45676, 0.823868
2.45274, 0.958623
2.45206, 1.19436
2.45248, 1.66619
2.32297, 1.23908
2.2549, 1.17285
2.19387, 1.13965
2.12915, 1.16222
1.79909, 2.41888
1.64305, 2.4059
1.47072, 2.42536
1.30289, 2.40814
1.107, 2.42811
1.8177, 0.967312
1.79734, 0.897454
1.74965, 0.869871
1.70387, 0.838386
0.928714, 1.4615
0.858395, 1.35832
0.072531, 1.73849
0.0514093, 1.53847
0.0630437, 1.3352
0.0660888, 1.15038
0.0589221, 0.979413
0.053948, 0.814507
0.059976, 0.652625
0.0419151, 0.497982
0.0381567, 0.342578
0.0550817, 0.188129
0.0574508, 0.0336946
0.846377, 0.0178787
1.24795, 0.0160261
1.48513, 0.0175017
1.63762, 0.0185774
1.72515, 0.00979352
1.82807, 0.0220405
1.8853, 0.0193267
1.9379, 0.0211166
1.97324, 0.0152676
2.00677, 0.0120249
2.0421, 0.0155115
2.07152, 0.0168376
2.10373, 0.0275099
2.12676, 0.0285766
2.14607, 0.0252089
2.16957, 0.03549
2.17513, 0
2.20228, 0.0224539
2.21931, 0.0168254
2.23672, 0.00976546
2.25482, 0.0264135
2.26837, 0.0257306
2.28483, 0.0314302
2.30531, 0.0150099
2.32102, 0.0262874
2.34525, 0.0107579
2.36257, 0.0190383
2.39123, 0.00539513
2.42061, 0
2.43029, 0.0221907
2.45695, 0.0232961
2.45651, 0.0561439
2.45102, 0.0890317
2.44289, 0.119339
2.44962, 0.13521
2.44845, 0.155159
2.46124, 0.166456
2.45711, 0.185682
2.43399, 0.209569
2.44162, 0.221342
2.45588, 0.232546
2.46974, 0.245484
2.45944, 0.261125
2.43304, 0.274761
2.44727, 0.288806
2.43988, 0.301356
2.43218, 0.313087
2.43483, 0.327438
2.44666, 0.34649
2.44634, 0.362482
2.4529, 0.38348
2.45617, 0.404993
2.44401, 0.417142
2.45556, 0.450072
2.45118, 0.472752
2.44334, 0.494193
2.45547, 0.545625
2.4502, 0.582181
2.46047, 0.656096
2.44503, 0.696594
2.45553, 0.820277
2.45702, 0.973012
2.44959, 1.18222
2.45196, 1.66106
2.32438, 1.25666
2.25502, 1.16769
2.19313, 1.15227
2.12716, 1.17749
1.79816, 2.4248
1.64461, 2.4016
1.47563, 2.41279
1.29464, 2.42753
1.12463, 2.39566
1.82262, 0.959628
1.79748, 0.897433
1.76296, 0.854161
1.6925, 0.850306
0.927677, 1.46276
0.860159, 1.35726
0.0489654, 1.75481
0.0524622, 1.53828
0.0553553, 1.33932
0.0526921, 1.15613
0.0470304, 0.983599
0.0418159, 0.817839
0.0530804, 0.654143
0.0535287, 0.49709
0.0545515, 0.342341
0.0482963, 0.188184
0.0541677, 0.0336505
0.848701, 0.0184899
1.25702, 0.0184501
1.48013, 0.0159704
1.64265, 0.0207136
1.76001, 0.0270009
1.84541, 0.0321879
1.89787, 0.0279282
1.94255, 0.0248345
1.96599, 0.00875161
2.01498, 0.0206557
2.04472, 0.0187197
2.07421, 0.0206279
2.09168, 0.00811379
2.11971, 0.015244
2.14876, 0.0314169
2.16488, 0.0224997
2.18372, 0.0217547
2.19858, 0.00482374
2.21715, 0.00111567
2.23796, 0.0296848
2.25476, 0.0295316
2.26897, 0.0155476
2.28514, 0.0289885
2.30394, 0.0216634
2.32442, 0.0139553
2.33913, 0.0279549
2.36104, 0.022512
2.37414, 0.0380961
2.4124, 0.0106705
2.43567, 0.0146212
2.44923, 0.0325944
2.45581, 0.0568395
2.4578, 0.0828077
2.43702, 0.12396
2.45162, 0.133812
2.4374, 0.161606
2.46713, 0.163506
2.46024, 0.184368
2.44579, 0.20563
2.45229, 0.21859
2.46151, 0.231495
2.46356, 0.246145
2.44427, 0.261714
2.44415, 0.275067
2.46026, 0.290082
2.46209, 0.305138
2.4552, 0.318688
2.437, 0.328112
2.42966, 0.339687
2.44425, 0.36145
2.43976, 0.375947
2.44927, 0.400353
2.43985, 0.41389
2.44528, 0.440851
2.4481, 0.469559
2.45939, 0.513162
2.45398, 0.543548
2.44831, 0.579135
2.44938, 0.63534
2.45311, 0.71456
2.45247, 0.811848
2.45167, 0.954419
2.45257, 1.19587
2.45205, 1.66126
2.32293, 1.23601
2.25503, 1.15163
2.1939, 1.14145
2.13218, 1.14162
1.79748, 2.42845
1.63613, 2.43163
1.47388, 2.41786
1.3019, 2.4114
1.11313, 2.41752
1.82449, 0.956693
1.80317, 0.889642
1.75352, 0.86545
1.68564, 0.857442
0.922982, 1.46707
0.849425, 1.36572
0.0429093, 1.75902
0.0567154, 1.53593
0.0563876, 1.33892
0.0627204, 1.15218
0.0521032, 0.982047
0.037375, 0.819027
0.048376, 0.655049
0.0608949, 0.496408
0.0344894, 0.343088
0.0617395, 0.18876
0.0485978, 0.0331358
0.85943, 0.0204546
1.27583, 0.0232189
1.49891, 0.0221502
1.65108, 0.0241636
1.7616, 0.0277948
1.83348, 0.0252655
1.89056, 0.0229733
1.94227, 0.0246252
1.96116, 0.00439155
2.01225, 0.0178205
2.04656, 0.0209347
2.06555, 0.00862951
2.0948, 0.013171
2.12571, 0.0266547
2.13409, 0
2.16099, 0.011678
2.18253, 0.0175638
2.19903, 0.00705393
2.21928, 0.0169523
2.23769, 0.0256217
2.2548, 0.0202472
2.26842, 0.0245797
2.28637, 0.019641
2.30098, 0.0361384
2.32292, 0.0193677
2.34059, 0.0238141
2.35843, 0.028481
2.38162, 0.023759
2.40618, 0.0207977
2.44093, 0.00727272
2.45697, 0.0232255
2.44499, 0.0682079
2.43708, 0.101731
2.44859, 0.114794
2.45002, 0.134911
2.45293, 0.152506
2.45388, 0.170077
2.46351, 0.183024
2.44032, 0.207447
2.45299, 0.218415
2.43738, 0.235897
2.45139, 0.247496
2.46086, 0.261048
2.4472, 0.275162
2.44741, 0.288801
2.45329, 0.303634
2.46309, 0.32062
2.45555, 0.334049
2.44781, 0.346933
2.4385, 0.358681
2.44957, 0.38156
2.42434, 0.383689
2.435, 0.410133
2.45791, 0.452145
2.45011, 0.471627
2.45444, 0.507311
2.46041, 0.552347
2.44564, 0.574886
2.44695, 0.630786
2.44864, 0.704595
2.45086, 0.80745
2.45187, 0.955093
2.45113, 1.18913
2.45276, 1.66621
2.32321, 1.23983
2.25505, 1.16109
2.1935, 1.14747
2.12667, 1.1813
1.79855, 2.42348
1.63867, 2.42279
1.46924, 2.43073
1.30726, 2.3994
1.11637, 2.41146
1.81954, 0.964629
1.79887, 0.895579
1.75235, 0.866853
1.68467, 0.858465
0.9198, 1.46996
0.850364, 1.36501
0.0426694, 1.75921
0.0535603, 1.53778
0.0643589, 1.33507
0.0506068, 1.15709
0.0335659, 0.988073
0.0546512, 0.814767
0.044933, 0.655676
0.051738, 0.497381
0.0540135, 0.342464
0.0412696, 0.188031
0.0522993, 0.0335571
0.865725, 0.0215968
1.2636, 0.020154
1.50028, 0.0226119
1.65217, 0.0246216
1.74238, 0.0183633
1.80401, 0.00814303
1.88209, 0.0172321
1.94506, 0.0268345
1.98035, 0.0217944
2.00762, 0.0129954
2.03713, 0.00962871
2.0756, 0.0225838
2.09349, 0.0110708
2.12182, 0.0192819
2.14443, 0.0216086
2.16689, 0.0281521
2.18433, 0.0239746
2.2015, 0.0189866
2.22054, 0.0263183
2.23649, 0.00714111
2.25484, 0.0121704
2.26946, 0.00747718
2.28687, 0.0158303
2.30436, 0.0195456
2.32234, 0.0214525
2.34564, 0.00958701
2.3662, 0.0106633
2.38614, 0.0151054
2.39846, 0.0333631
2.44334, 0.00389716
2.45553, 0.0249771
2.45465, 0.0580629
2.44191, 0.0973292
2.45648, 0.108548
2.44106, 0.141044
2.44539, 0.156929
2.45161, 0.171205
2.45697, 0.185718
2.4659, 0.198967
2.46378, 0.215661
2.45284, 0.233081
2.45335, 0.247282
2.45261, 0.261385
2.44357, 0.275058
2.46445, 0.290509
2.43739, 0.300916
2.45119, 0.317718
2.47554, 0.340446
2.46571, 0.354077
2.44534, 0.361987
2.46889, 0.392613
2.43607, 0.391538
2.45556, 0.426078
2.45271, 0.447511
2.44943, 0.470936
2.46007, 0.513983
2.44779, 0.535114
2.45039, 0.582456
2.44726, 0.631394
2.44991, 0.707447
2.45406, 0.816203
2.45294, 0.958838
2.45212, 1.19382
2.45142, 1.65695
2.32345, 1.24332
2.25503, 1.15681
2.19357, 1.14622
2.13041, 1.1543
1.79961, 2.4183
1.63396, 2.43917
1.47151, 2.42438
1.29952, 2.41674
1.11101, 2.42148
1.81726, 0.968269
1.79879, 0.895664
1.77367, 0.841421
1.69796, 0.844681
0.930248, 1.46053
0.863389, 1.35481
0.0662471, 1.74328
0.0592568, 1.53446
0.0481541, 1.34292
0.045828, 1.15898
0.0601347, 0.979441
0.0552942, 0.814578
0.0473497, 0.655225
0.063437, 0.496142
0.0727893, 0.341813
0.0423106, 0.188042
0.0530391, 0.0336096
0.842997, 0.0175214
1.26415, 0.0202834
1.49104, 0.0195768
1.64297, 0.0208692
1.72711, 0.0108593
1.81817, 0.0163714
1.88606, 0.0199211
1.94205, 0.0244607
1.97384, 0.0158937
2.02001, 0.0259266
2.04109, 0.0143864
2.07179, 0.0172919
2.10254, 0.0256922
2.11642, 0.00901778
2.13891, 0.00905042
2.16369, 0.0192428
2.18229, 0.0167144
2.20222, 0.022448
2.21999, 0.0222322
2.23709, 0.0164379
2.25476, 0.0260871
2.2692, 0.0118407
2.28792, 0.00787393
2.30752, 0.0040193
2.32786, 0.00154394
2.33938, 0.0272042
2.36649, 0.00996737
2.38479, 0.0176813
2.40637, 0.0204751
2.43104, 0.0210882
2.45271, 0.028376
2.44846, 0.0645505
2.44844, 0.0913519
2.45672, 0.108342
2.45341, 0.132577
2.45467, 0.151477
2.44909, 0.172439
2.4343, 0.195029
2.4706, 0.197397
2.45575, 0.217702
2.43692, 0.235972
2.44413, 0.248292
2.45193, 0.2614
2.46614, 0.275716
2.46021, 0.290074
2.44863, 0.302829
2.44197, 0.315454
2.43689, 0.328073
2.45411, 0.349438
2.45707, 0.367636
2.47111, 0.393869
2.44013, 0.394246
2.44286, 0.416224
2.43299, 0.429876
2.4587, 0.480463
2.4458, 0.497081
2.44461, 0.530752
2.45875, 0.595736
2.4588, 0.652952
2.44525, 0.697053
2.45019, 0.805651
2.45211, 0.95596
2.44943, 1.18134
2.45347, 1.6714
2.32235, 1.22807
2.25502, 1.15781
2.19375, 1.14334
2.12862, 1.1671
1.80127, 2.41036
1.63742, 2.427
1.47109, 2.42545
1.2971, 2.42213
1.11662, 2.41087
1.82365, 0.957993
1.80348, 0.889184
1.75435, 0.864433
1.70665, 0.835668
0.921031, 1.46879
0.863776, 1.35448
0.0511932, 1.75339
0.0496764, 1.53995
0.0625787, 1.33587
0.0550749, 1.15523
0.0535442, 0.981546
0.0516973, 0.815443
0.057246, 0.653467
0.0403949, 0.498501
0.057498, 0.342295
0.0383629, 0.187871
0.0558298, 0.0338824
0.859859, 0.0205116
1.26501, 0.0204787
1.49337, 0.0203219
1.63289, 0.0167499
1.74193, 0.0181206
1.83144, 0.0240715
1.8908, 0.0231255
1.9412, 0.0237802
1.98801, 0.0287267
2.00681, 0.0121428
2.0487, 0.0235044
2.08087, 0.0298812
2.09386, 0.0116563
2.12427, 0.0239256
2.14306, 0.0184788
2.15877, 0.00551721
2.17919, 0.00570877
2.20298, 0.0260682
2.21962, 0.0195161
2.23786, 0.0283221
2.25478, 0.0228751
2.26985, 0.00104424
2.28709, 0.0140966
2.30528, 0.0150177
2.32399, 0.0154823
2.3421, 0.0195548
2.36452, 0.0144852
2.38259, 0.0218937
2.41903, 0
2.42573, 0.0285077
2.45126, 0.0301204
2.4576, 0.0549471
2.45885, 0.0818441
2.4513, 0.112631
2.44761, 0.136542
2.44483, 0.157238
2.44821, 0.172875
2.4499, 0.188611
2.44431, 0.206112
2.45201, 0.218654
2.4625, 0.231308
2.45768, 0.246789
2.43652, 0.26202
2.44816, 0.275181
2.43433, 0.287486
2.45063, 0.303171
2.44949, 0.31729
2.47331, 0.339721
2.44306, 0.345031
2.45269, 0.365522
2.43669, 0.374188
2.44603, 0.398192
2.43555, 0.410559
2.45405, 0.448699
2.45791, 0.479652
2.45515, 0.508149
2.45029, 0.538517
2.45415, 0.588435
2.45019, 0.636871
2.45685, 0.722936
2.45175, 0.809917
2.44882, 0.944631
2.45188, 1.19279
2.44972, 1.64517
2.32299, 1.23711
2.255, 1.15119
2.19354, 1.1463
2.12899, 1.16434
1.79845, 2.42362
1.64028, 2.41691
1.47236, 2.42193
1.29649, 2.42347
1.10728, 2.42843
1.83227, 0.944175
1.80071, 0.892981
1.76026, 0.857369
1.69717, 0.845471
0.928408, 1.46213
0.856251, 1.36034
0.0628683, 1.7455
0.044158, 1.54311
0.0442343, 1.34478
0.0484955, 1.15786
0.0740023, 0.974906
0.0284062, 0.821202
0.0543716, 0.653953
0.0612626, 0.496324
0.0627164, 0.342106
0.0379191, 0.187839
0.0487981, 0.0331132
0.847373, 0.0182706
1.25491, 0.0179278
1.48852, 0.0187256
1.64632, 0.02221
1.74743, 0.020817
1.81853, 0.0165582
1.8858, 0.0197305
1.93486, 0.0187904
1.98211, 0.0233724
2.00741, 0.0127608
2.05023, 0.0253412
2.07725, 0.0248516
2.09632, 0.0156214
2.11914, 0.0141818
2.13882, 0.00882857
2.16003, 0.00903138
2.18423, 0.0236123
2.2028, 0.0252387
2.21792, 0.0069723
2.23773, 0.0263389
2.25483, 0.0136601
2.26808, 0.0300834
2.28666, 0.0173968
2.30609, 0.0110465
2.32236, 0.0213664
2.33885, 0.028703
2.36112, 0.0223012
2.3875, 0.0124793
2.41068, 0.0134583
2.43909, 0.00984042
2.45124, 0.0301571
2.44955, 0.063404
2.44995, 0.0899747
2.45011, 0.11358
2.45497, 0.131514
2.44976, 0.154353
2.45999, 0.167041
2.46932, 0.180629
2.44997, 0.204239
2.44631, 0.220115
2.44042, 0.235336
2.44773, 0.247895
2.45273, 0.26137
2.44771, 0.275172
2.4541, 0.289466
2.45794, 0.304428
2.44644, 0.316551
2.45112, 0.332629
2.44663, 0.346461
2.43594, 0.357447
2.46708, 0.391574
2.44134, 0.395062
2.44116, 0.414915
2.45806, 0.452288
2.44428, 0.465643
2.46386, 0.518477
2.45643, 0.546925
2.45303, 0.586678
2.45084, 0.638095
2.45376, 0.716064
2.46108, 0.835386
2.4554, 0.9674
2.45061, 1.18695
2.45543, 1.68534
2.3215, 1.21663
2.25498, 1.14803
2.19333, 1.14923
2.12845, 1.16817
1.79914, 2.42019
1.64148, 2.41259
1.47366, 2.41823
1.296, 2.42449
1.11073, 2.42185
1.82437, 0.956811
1.80484, 0.887282
1.74616, 0.874165
1.70005, 0.84247
0.92892, 1.46164
0.860361, 1.3571
0.0489723, 1.75482
0.0644506, 1.53137
0.0374299, 1.34806
0.0567126, 1.15451
0.0385271, 0.986357
0.0396232, 0.818389
0.0431065, 0.655893
0.0549629, 0.496948
0.0559246, 0.342303
0.0189794, 0.187113
0.0386071, 0.0319923
0.852395, 0.0191501
1.25192, 0.0171618
1.48404, 0.017248
1.64603, 0.0220862
1.75114, 0.0226373
1.82664, 0.0212713
1.87241, 0.0106282
1.9375, 0.0208644
1.97658, 0.0183571
2.01845, 0.0242721
2.04057, 0.0137398
2.07266, 0.0184822
2.09785, 0.0180903
2.1194, 0.0146733
2.13807, 0.00714221
2.16323, 0.017944
2.17802, 0.00155905
2.20274, 0.0249083
2.2203, 0.0245114
2.23744, 0.0217973
2.25477, 0.0241879
2.2687, 0.0198396
2.2839, 0.0383156
2.30529, 0.0149534
2.32337, 0.0177167
2.34447, 0.0128551
2.36216, 0.0198961
2.37841, 0.0299006
2.40578, 0.0214275
2.43113, 0.020952
2.44293, 0.0401956
2.45815, 0.0543672
2.45115, 0.0888711
2.4539, 0.110572
2.44672, 0.13715
2.4604, 0.148109
2.44411, 0.174903
2.47068, 0.180064
2.46357, 0.199724
2.45697, 0.217385
2.46254, 0.231298
2.46337, 0.246157
2.47121, 0.260619
2.45322, 0.275329
2.4389, 0.287941
2.45458, 0.303847
2.43195, 0.313005
2.44834, 0.331734
2.45345, 0.349176
2.43205, 0.355564
2.44983, 0.381707
2.44586, 0.39808
2.4558, 0.426256
2.44455, 0.440214
2.43955, 0.460778
2.44739, 0.498968
2.45917, 0.550672
2.45136, 0.584004
2.45516, 0.646155
2.44173, 0.68924
2.45583, 0.821059
2.45213, 0.956098
2.44694, 1.16985
2.45078, 1.6527
2.32236, 1.22851
2.25501, 1.16239
2.19367, 1.14434
2.12893, 1.16467
1.79743, 2.42832
1.63475, 2.43619
1.47088, 2.4259
1.30292, 2.40892
1.11238, 2.41876
1.83068, 0.946703
1.80035, 0.89346
1.75556, 0.862955
1.69619, 0.846468
0.933735, 1.45731
0.88292, 1.33948
0.0539922, 1.75144
0.0516338, 1.53877
0.055067, 1.33948
0.0547236, 1.15532
0.0546996, 0.981126
0.0546309, 0.814671
0.0528113, 0.6542
0.0502868, 0.497435
0.0558518, 0.342309
0.0563993, 0.188494
0.0483862, 0.0330445
0.860739, 0.0206413
1.24598, 0.0156653
1.49058, 0.0193916
1.65124, 0.0242045
1.74096, 0.0176302
1.82502, 0.0203269
1.88841, 0.0214967
1.93356, 0.0177628
1.97785, 0.0195094
2.0074, 0.0127488
2.04493, 0.0189765
2.08449, 0.0349067
2.09415, 0.0121119
2.12568, 0.0266008
2.14248, 0.0171469
2.16921, 0.0346224
2.18429, 0.0238066
2.20088, 0.0159821
2.21955, 0.018999
2.23707, 0.0161958
2.25485, 0.00910654
2.26903, 0.0145435
2.28663, 0.0176237
2.3041, 0.0208124
2.32575, 0.00913681
2.34365, 0.0151515
2.36392, 0.0158644
2.38773, 0.0120179
2.3936, 0.0412425
2.43179, 0.0200246
2.44192, 0.041416
2.45385, 0.0588761
2.46402, 0.0771077
2.45677, 0.10829
2.45284, 0.132958
2.44293, 0.158345
2.44477, 0.174571
2.44593, 0.19024
2.4411, 0.207169
2.44584, 0.220225
2.44524, 0.234448
2.46024, 0.246501
2.44452, 0.261693
2.42692, 0.274547
2.45531, 0.289579
2.45778, 0.304392
2.43508, 0.313769
2.45438, 0.333664
2.45472, 0.34968
2.44155, 0.360149
2.44358, 0.378132
2.4427, 0.395962
2.46459, 0.433069
2.44301, 0.438835
2.46377, 0.485682
2.45385, 0.506623
2.45939, 0.550975
2.44553, 0.574749
2.44775, 0.632321
2.44623, 0.699282
2.45742, 0.825408
2.45011, 0.949121
2.44923, 1.18051
2.45306, 1.66869
2.32378, 1.24833
2.255, 1.15566
2.19356, 1.14585
2.12958, 1.15997
1.79792, 2.426
1.64022, 2.41702
1.46953, 2.42962
1.30437, 2.40564
1.11079, 2.42174
1.82803, 0.950926
1.79409, 0.902067
1.76588, 0.850644
1.70508, 0.837255
0.920378, 1.46932
0.863516, 1.35463
0.0547559, 1.75092
0.060752, 1.5335
0.0316735, 1.35085
0.0334087, 1.1639
0.0489781, 0.98297
0.0548897, 0.814599
0.0514435, 0.654431
0.0409557, 0.498393
0.0745635, 0.341681
0.0572659, 0.188519
0.0564221, 0.0338987
0.876172, 0.0233924
1.25787, 0.018656
1.48847, 0.018693
1.64059, 0.0198626
1.73735, 0.0158574
1.8212, 0.0181021
1.87743, 0.0140358
1.93308, 0.017383
1.98154, 0.0228468
2.01712, 0.0228869
2.0541, 0.0299863
2.06272, 0.00468904
2.09032, 0.00593093
2.11877, 0.0134811
2.15082, 0.0361231
2.16812, 0.0315716
2.17962, 0.00725158
2.2019, 0.0208914
2.2209, 0.0289404
2.23852, 0.0385668
2.25492, 0
2.26925, 0.0108405
2.2839, 0.0383015
2.30665, 0.00830414
2.32223, 0.0217994
2.34563, 0.00959348
2.36208, 0.0200863
2.3784, 0.0299078
2.40245, 0.0268415
2.43217, 0.0195068
2.44814, 0.033898
2.44528, 0.0678894
2.44761, 0.0920971
2.44856, 0.114801
2.43783, 0.143232
2.45878, 0.149063
2.45426, 0.169875
2.4398, 0.192761
2.45407, 0.202872
2.44802, 0.219672
2.44641, 0.234239
2.45011, 0.247626
2.45296, 0.261357
2.4631, 0.275624
2.45369, 0.289421
2.45636, 0.304154
2.45062, 0.317568
2.4618, 0.336042
2.45401, 0.3494
2.46181, 0.369929
2.45809, 0.38643
2.45293, 0.402812
2.46137, 0.430582
2.44752, 0.442873
2.44754, 0.468999
2.44962, 0.501625
2.46232, 0.554981
2.44637, 0.576084
2.44567, 0.62845
2.4409, 0.687399
2.45348, 0.814695
2.44987, 0.948307
2.45142, 1.19075
2.45379, 1.67391
2.32213, 1.22549
2.25501, 1.165
2.19424, 1.13583
2.12894, 1.16453
1.80155, 2.40873
1.63812, 2.42432
1.47375, 2.41796
1.2951, 2.42648
1.11481, 2.41413
1.81587, 0.970405
1.79735, 0.897575
1.76251, 0.854664
1.6967, 0.845923
0.928263, 1.46221
0.8646, 1.35377
0.0474863, 1.7558
0.0671702, 1.52979
0.0533221, 1.3403
0.0572422, 1.15429
0.0701316, 0.976114
0.0506034, 0.815653
0.0665144, 0.651788
0.0472452, 0.497735
0.0531129, 0.342385
0.0455123, 0.188079
0.0545971, 0.0336957
0.859647, 0.0204374
1.26757, 0.0210979
1.47242, 0.0134336
1.63273, 0.0166653
1.74517, 0.0197001
1.83169, 0.0242039
1.89676, 0.0271625
1.94369, 0.0257277
1.96306, 0.00609385
2.01784, 0.0236352
2.05621, 0.0325253
2.07133, 0.0166465
2.10287, 0.0262123
2.11921, 0.0143163
2.14866, 0.0312163
2.16458, 0.0217101
2.18492, 0.0260745
2.20179, 0.0203453
2.22233, 0.039529
2.23719, 0.0179656
2.25483, 0.0135376
2.26907, 0.0137332
2.28474, 0.0319168
2.3053, 0.0148826
2.32469, 0.012941
2.34375, 0.0148851
2.36703, 0.00871653
2.3836, 0.0199404
2.41483, 0.00668209
2.42963, 0.0230516
2.44249, 0.0407222
2.44989, 0.0630363
2.44881, 0.0910012
2.4407, 0.121022
2.44703, 0.136932
2.45316, 0.152352
2.45585, 0.169079
2.44178, 0.191943
2.46541, 0.199109
2.47188, 0.21357
2.4677, 0.230353
2.4555, 0.247025
2.44436, 0.261698
2.45787, 0.275464
2.44255, 0.288303
2.44841, 0.302787
2.45022, 0.317467
2.45601, 0.334186
2.45721, 0.350676
2.44904, 0.363762
2.46801, 0.392102
2.44612, 0.398254
2.45861, 0.428434
2.46752, 0.46074
2.44405, 0.465402
2.4327, 0.481588
2.45859, 0.549884
2.46519, 0.605998
2.45621, 0.648127
2.4557, 0.720396
2.45508, 0.819054
2.44934, 0.946476
2.45284, 1.19734
2.45014, 1.64834
2.32333, 1.24226
2.255, 1.16279
2.1937, 1.14373
2.12724, 1.17678
1.79676, 2.43143
1.63904, 2.42111
1.47643, 2.41056
1.29613, 2.42416
1.11512, 2.41355
1.83197, 0.944606
1.79233, 0.904481
1.75076, 0.868665
1.69763, 0.844952
0.923957, 1.46609
0.861773, 1.35597
0.0570889, 1.74933
0.0352108, 1.54821
0.0433997, 1.34513
0.0513786, 1.15664
0.0576627, 0.980146
0.0505323, 0.815667
0.0696223, 0.651241
0.0642076, 0.495975
0.032867, 0.343052
0.0565959, 0.188483
0.0525134, 0.0334688
0.860903, 0.0206578
1.26683, 0.0209064
1.48363, 0.0171044
1.63696, 0.018382
1.73322, 0.0138257
1.80755, 0.010166
1.87586, 0.0129664
1.93845, 0.0216001
1.98269, 0.0238886
2.02101, 0.0269406
2.04631, 0.0206284
2.07484, 0.0215036
2.10133, 0.0237196
2.1197, 0.0152338
2.14188, 0.015802
2.16558, 0.0245056
2.18766, 0.0357874
2.20406, 0.0313024
2.21965, 0.0197306
2.23684, 0.0126461
2.25479, 0.0206673
2.26861, 0.021242
2.287, 0.0147363
2.30497, 0.0165265
2.32366, 0.01666
2.34091, 0.0228872
2.36192, 0.0204463
2.38902, 0.00953947
2.39868, 0.0329743
2.42189, 0.0338616
2.44942, 0.0323443
2.45255, 0.0602375
2.45859, 0.082068
2.45373, 0.110697
2.43571, 0.144681
2.44569, 0.156725
2.46919, 0.162466
2.48195, 0.175425
2.44581, 0.205607
2.44304, 0.220942
2.44245, 0.234957
2.45031, 0.2476
2.44338, 0.261739
2.46104, 0.27556
2.43579, 0.287629
2.437, 0.300836
2.46081, 0.320055
2.4662, 0.337448
2.45315, 0.349057
2.43846, 0.358662
2.44698, 0.380079
2.46281, 0.409416
2.45706, 0.427238
2.44911, 0.444295
2.45453, 0.476179
2.44784, 0.499511
2.44139, 0.526366
2.45368, 0.587717
2.45464, 0.645212
2.45265, 0.713608
2.44533, 0.792476
2.4513, 0.953271
2.45014, 1.18478
2.45161, 1.65865
2.32236, 1.22869
2.25499, 1.15629
2.19311, 1.15229
2.12768, 1.1736
1.8, 2.41606
1.63925, 2.42035
1.47455, 2.41572
1.29465, 2.42748
1.11241, 2.41865
1.82998, 0.947796
1.79369, 0.90261
1.75578, 0.862678
1.69543, 0.847233
0.925032, 1.46511
0.858959, 1.35817
0.0520477, 1.75272
0.0472049, 1.54129
0.0568112, 1.3386
0.0609169, 1.1528
0.0545567, 0.981149
0.0463174, 0.81671
0.0468278, 0.655224
0.0395934, 0.498521
0.0590372, 0.342182
0.0728331, 0.18908
0.0574208, 0.033993
0.865216, 0.0214276
1.26485, 0.0204097
1.49613, 0.0212023
1.65531, 0.0258568
1.73018, 0.012333
1.84039, 0.0292592
1.88277, 0.0176593
1.94725, 0.028525
1.98781, 0.0285387
2.02239, 0.0283822
2.04929, 0.0242094
2.0625, 0.00438698
2.10571, 0.030791
2.1258, 0.0268386
2.13869, 0.00855808
2.15811, 0.00366313
2.1819, 0.0153411
2.20581, 0.0397755
2.21867, 0.0125545
2.23752, 0.0231735
2.2548, 0.0171873
2.26831, 0.0262844
2.28809, 0.00648146
2.30344, 0.0240094
2.32522, 0.0110242
2.34253, 0.0183248
2.36535, 0.0125696
2.38988, 0.0079025
2.40652, 0.0202106
2.42878, 0.0242381
2.44325, 0.0398108
2.45659, 0.0559957
2.44799, 0.0917475
2.45598, 0.108916
2.44006, 0.141704
2.44839, 0.155147
2.46179, 0.166139
2.46217, 0.183558
2.46059, 0.200708
2.4537, 0.218218
2.45236, 0.233151
2.45491, 0.247093
2.44882, 0.261521
2.44613, 0.275119
2.46191, 0.290241
2.45471, 0.303869
2.45757, 0.319266
2.46335, 0.336538
2.46463, 0.353637
2.44694, 0.362752
2.46891, 0.392619
2.43632, 0.391704
2.44255, 0.415995
2.45372, 0.448413
2.44865, 0.470144
2.45016, 0.502265
2.45118, 0.539761
2.44942, 0.580938
2.45766, 0.650855
2.45594, 0.720933
2.45019, 0.80573
2.45454, 0.964459
2.44841, 1.17675
2.45104, 1.65469
2.32212, 1.22546
2.25496, 1.14217
2.19396, 1.13981
2.12892, 1.16466
1.80395, 2.39735
1.63752, 2.42639
1.47793, 2.4064
1.29621, 2.42396
1.10389, 2.43469
1.82451, 0.956557
1.79514, 0.900606
1.75736, 0.860787
1.70477, 0.837561
0.923599, 1.4664
0.849205, 1.36578
0.0467377, 1.7563
0.047959, 1.54085
0.0614949, 1.33632
0.0537513, 1.15568
0.0369121, 0.986858
0.0461445, 0.816751
0.0654598, 0.651965
0.0444762, 0.498014
0.0555867, 0.342295
0.0589489, 0.188567
0.0419381, 0.0323319
0.83588, 0.016187
1.26111, 0.0194663
1.48263, 0.0167783
1.62312, 0.0127503
1.75014, 0.022137
1.83613, 0.0267817
1.89425, 0.0254592
1.93698, 0.0204472
1.98369, 0.0247987
2.00966, 0.0150998
2.04601, 0.0202751
2.06728, 0.0110137
2.10111, 0.0233634
2.11329, 0.00306337
2.14364, 0.0198037
2.16052, 0.0104089
2.18262, 0.0179141
2.19788, 0.00152934
2.21874, 0.0130582
2.23865, 0.0406271
2.25483, 0.0123928
2.26864, 0.0207795
2.28491, 0.0306223
2.30638, 0.00958672
2.32483, 0.0124335
2.33981, 0.025968
2.37027, 0.00127283
2.38463, 0.0179596
2.4093, 0.0156735
2.43237, 0.0192107
2.45779, 0.02221
2.45405, 0.0586613
2.45227, 0.087838
2.45664, 0.108394
2.46207, 0.126642
2.46095, 0.147781
2.44948, 0.172233
2.44276, 0.191539
2.46068, 0.200676
2.44014, 0.22168
2.46622, 0.230624
2.45231, 0.247377
2.4481, 0.261547
2.42707, 0.27455
2.47089, 0.291136
2.44062, 0.301454
2.46009, 0.319877
2.4489, 0.331914
2.46309, 0.353021
2.45839, 0.368276
2.45014, 0.381882
2.45322, 0.403
2.45088, 0.422446
2.44805, 0.44334
2.44308, 0.464413
2.44683, 0.498324
2.46291, 0.555798
2.4509, 0.583297
2.44985, 0.636272
2.45511, 0.7191
2.45021, 0.80578
2.44874, 0.944438
2.45418, 1.2036
2.45458, 1.6795
2.32314, 1.23969
2.25498, 1.1527
2.19308, 1.15264
2.12984, 1.15806
1.79981, 2.41694
1.63523, 2.43441
1.47181, 2.42327
1.2938, 2.42937
1.10712, 2.4286
1.83535, 0.939184
1.80523, 0.886716
1.76613, 0.850328
1.68708, 0.855874
0.919598, 1.47
0.861734, 1.35599
0.0575052, 1.74904
0.0595044, 1.53419
0.0600462, 1.33702
0.0533965, 1.15582
0.0329108, 0.988149
0.0376176, 0.818861
0.0509536, 0.654497
0.0482645, 0.497617
0.0349327, 0.342976
0.0448033, 0.188042
0.0606909, 0.0343382
0.839836, 0.01689
1.26823, 0.021257
1.47342, 0.0137567
1.64964, 0.0235438
1.76159, 0.0277582
1.82389, 0.0196632
1.88435, 0.0187282
1.92408, 0.010294
1.96763, 0.0102404
2.00701, 0.012338
2.04405, 0.0179163
2.07502, 0.0217552
2.09614, 0.0153401
2.12696, 0.0290441
2.1443, 0.0213024
2.16551, 0.0243162
2.18499, 0.0263201
2.1995, 0.00936177
2.22009, 0.0230186
2.23801, 0.0307181
2.25482, 0.013003
2.26892, 0.016131
2.28695, 0.0151192
2.30583, 0.0122813
2.32419, 0.0147206
2.33919, 0.0277322
2.35286, 0.0412305
2.38477, 0.0176841
2.40321, 0.0255995
2.42866, 0.0244046
2.4525, 0.0286192
2.44556, 0.0675821
2.45194, 0.0881431
2.44987, 0.113754
2.43833, 0.142886
2.46409, 0.145945
2.45496, 0.169521
2.45693, 0.185713
2.45289, 0.203258
2.45229, 0.218577
2.45119, 0.233364
2.44367, 0.248335
2.44056, 0.261853
2.44162, 0.274984
2.46901, 0.29095
2.46724, 0.306014
2.4421, 0.315484
2.45926, 0.33523
2.45239, 0.348754
2.44218, 0.360458
2.45186, 0.38287
2.45237, 0.402435
2.44551, 0.41829
2.45844, 0.452635
2.44343, 0.464776
2.45998, 0.513883
2.44825, 0.535751
2.44709, 0.577239
2.45214, 0.640546
2.45155, 0.711168
2.44883, 0.802033
2.4478, 0.941191
2.45346, 1.20027
2.45372, 1.67347
2.3213, 1.21406
2.25501, 1.16973
2.19524, 1.12104
2.12585, 1.18674
1.79664, 2.43193
1.63767, 2.42584
1.47293, 2.42018
1.30433, 2.40567
1.11031, 2.42259
1.82309, 0.958827
1.79413, 0.901994
1.75876, 0.859116
1.69742, 0.845164
0.930738, 1.45997
0.868685, 1.35057
0.0562575, 1.74987
0.0625361, 1.53244
0.0458273, 1.34394
0.0710802, 1.1487
0.0637494, 0.978166
0.0466489, 0.816621
0.0418321, 0.656091
0.0411508, 0.498353
0.0512109, 0.342436
0.0413388, 0.187914
0.0459864, 0.0327618
0.849786, 0.0186681
1.25742, 0.0185355
1.48795, 0.0185173
1.639, 0.0192149
1.73397, 0.0141943
1.80712, 0.00991697
1.87692, 0.0136867
1.92692, 0.0125367
1.97318, 0.0152698
2.02119, 0.0271346
2.03824, 0.0109445
2.07463, 0.0212235
2.09451, 0.0127015
2.11257, 0.00170183
2.14352, 0.0195292
2.16492, 0.0226702
2.18315, 0.0197768
2.20187, 0.0207571
2.22229, 0.039308
2.23606, 0.000576271
2.2549, 0
2.26906, 0.013858
2.28665, 0.0174033
2.30374, 0.0225596
2.31606, 0.0439871
2.34241, 0.0186534
2.36459, 0.0143209
2.3896, 0.00843667
2.40833, 0.0172553
2.42886, 0.0241267
2.44516, 0.0374975
2.45836, 0.0541358
2.44298, 0.0963241
2.4464, 0.116503
2.45303, 0.132829
2.45567, 0.150878
2.45324, 0.170373
2.46171, 0.183746
2.44687, 0.205257
2.4498, 0.219213
2.44419, 0.234638
2.45384, 0.247209
2.4577, 0.261162
2.43433, 0.274768
2.46114, 0.290163
2.44588, 0.302357
2.4613, 0.320176
2.45641, 0.334319
2.44229, 0.344728
2.4578, 0.36799
2.45609, 0.385291
2.45536, 0.404437
2.43793, 0.412416
2.45713, 0.45146
2.46025, 0.48207
2.45435, 0.507224
2.4456, 0.532139
2.45438, 0.588823
2.45836, 0.652165
2.44978, 0.707222
2.44994, 0.805048
2.46033, 0.984495
2.45191, 1.19306
2.45216, 1.66258
2.32347, 1.2443
2.25495, 1.13913
2.19379, 1.14222
2.12819, 1.16992
1.79948, 2.41849
1.63762, 2.42603
1.47218, 2.42223
1.2992, 2.41722
1.11457, 2.41456
1.83274, 0.943355
1.7932, 0.903284
1.74837, 0.871507
1.6821, 0.861029
0.926618, 1.46368
0.862427, 1.35545
0.0471981, 1.75598
0.0528658, 1.53802
0.0472525, 1.34324
0.0385275, 1.16181
0.068882, 0.976503
0.0526827, 0.815124
0.053679, 0.654019
0.0375299, 0.498727
0.0522953, 0.342399
0.0443416, 0.188024
0.0454477, 0.0327031
0.840716, 0.0170473
1.26878, 0.0213948
1.49183, 0.0197908
1.64774, 0.0227725
1.76036, 0.0271556
1.82974, 0.0230672
1.8815, 0.0167967
1.93299, 0.0173087
1.97328, 0.015362
2.01161, 0.0171333
2.03436, 0.00627469
2.06748, 0.011299
2.08816, 0.00245372
2.12352, 0.0225166
2.14143, 0.0147715
2.16712, 0.0287987
2.18453, 0.024689
2.20173, 0.0200799
2.2172, 0.00164834
2.23754, 0.0235659
2.25471, 0.0335652
2.2681, 0.0295274
2.28625, 0.0204087
2.30469, 0.0178594
2.3232, 0.0182942
2.34168, 0.0206959
2.35721, 0.0312343
2.38658, 0.0142275
2.40937, 0.0155711
2.43457, 0.0161281
2.44806, 0.0339865
2.44518, 0.067977
2.45232, 0.0877907
2.44619, 0.116671
2.44297, 0.13971
2.45118, 0.153507
2.44586, 0.174026
2.45018, 0.188488
2.44671, 0.205306
2.46678, 0.214873
2.4525, 0.233123
2.45207, 0.247404
2.44223, 0.261784
2.45463, 0.275368
2.45061, 0.289109
2.46105, 0.304952
2.45093, 0.31764
2.45196, 0.332892
2.43076, 0.340125
2.43724, 0.358071
2.46608, 0.390998
2.44668, 0.398631
2.44408, 0.417176
2.45057, 0.445601
2.44776, 0.469228
2.45193, 0.504357
2.46213, 0.554734
2.45357, 0.587538
2.45124, 0.638861
2.44889, 0.705233
2.4497, 0.804403
2.44987, 0.94834
2.44955, 1.18207
2.45305, 1.66876
2.32278, 1.23474
2.255, 1.16481
2.19358, 1.14527
2.12704, 1.17813
1.7957, 2.43637
1.63871, 2.4222
1.47532, 2.41359
1.2999, 2.41563
1.11172, 2.41991
1.82795, 0.951038
1.80437, 0.887892
1.7573, 0.860856
1.68996, 0.852887
0.920839, 1.46888
0.845751, 1.36847
0.0503008, 1.75388
0.0630426, 1.53215
0.0600419, 1.33701
0.0590095, 1.15355
0.0469375, 0.983603
0.0511701, 0.815496
0.0374398, 0.656855
0.0523975, 0.497185
0.0712953, 0.341766
0.0581469, 0.188529
0.0547606, 0.0336985
0.868239, 0.021961
1.25706, 0.0184426
1.4846, 0.0174184
1.6403, 0.0197387
1.73416, 0.0142835
1.82751, 0.0217695
1.88646, 0.0201652
1.93674, 0.0202603
1.99136, 0.0317516
2.0074, 0.0127443
2.0457, 0.019894
2.06977, 0.0144716
2.10166, 0.024251
2.12278, 0.0211058
2.1444, 0.0215248
2.1621, 0.0148095
2.18461, 0.0249645
2.20185, 0.0206665
2.21827, 0.00958577
2.23836, 0.0361739
2.25479, 0.0195247
2.26867, 0.0202996
2.28644, 0.0189997
2.304, 0.0212489
2.32582, 0.00885738
2.34223, 0.0191463
2.35922, 0.0266363
2.38532, 0.01664
2.40291, 0.0260747
2.44009, 0.00841091
2.45649, 0.0237813
2.44921, 0.0637519
2.45694, 0.0835736
2.44345, 0.118844
2.44926, 0.135405
2.4495, 0.154495
2.45414, 0.169927
2.45654, 0.185872
2.45856, 0.201379
2.46163, 0.21619
2.4582, 0.232085
2.47319, 0.245066
2.45229, 0.261379
2.45628, 0.275418
2.4468, 0.28873
2.44723, 0.302588
2.45278, 0.318093
2.43668, 0.328005
2.45222, 0.348686
2.44435, 0.361504
2.44311, 0.377864
2.45161, 0.401929
2.46093, 0.43024
2.47067, 0.463565
2.45709, 0.478819
2.44726, 0.498826
2.45248, 0.541534
2.44006, 0.566064
2.45937, 0.654056
2.45174, 0.711586
2.45177, 0.810042
2.45317, 0.959754
2.45077, 1.18776
2.45138, 1.65708
2.32217, 1.22613
2.25498, 1.15312
2.19348, 1.14673
2.1285, 1.16765
1.79899, 2.42078
1.64265, 2.40838
1.46499, 2.44203
1.30085, 2.41348
1.11764, 2.40876
1.82299, 0.958981
1.80952, 0.880791
1.75972, 0.857971
1.69596, 0.846672
0.922012, 1.46782
0.861345, 1.35629
0.0490842, 1.7547
0.0449972, 1.54255
0.0349525, 1.34923
0.0555041, 1.15497
0.0573638, 0.980228
0.0618696, 0.812842
0.0688355, 0.651366
0.0373831, 0.498739
0.0649028, 0.341978
0.0580817, 0.188527
0.065686, 0.0348699
0.865724, 0.0215125
1.25876, 0.0188702
1.50355, 0.0236297
1.63646, 0.0181775
1.74382, 0.0190306
1.81392, 0.0138693
1.89083, 0.0231314
1.93923, 0.0222193
1.99649, 0.0364089
2.00774, 0.0130985
2.04106, 0.0143297
2.0767, 0.0240943
2.09579, 0.0147655
2.12382, 0.0230717
2.13917, 0.00964296
2.16225, 0.0152214
2.18418, 0.0234578
2.20385, 0.0303101
2.22009, 0.0230255
2.23727, 0.019358
2.25475, 0.026625
2.26799, 0.0313752
2.28621, 0.0207162
2.30231, 0.0295312
2.32297, 0.0191356
2.33983, 0.025926
2.36251, 0.0190907
2.3939, 0.000189717
2.40389, 0.0244885
2.43277, 0.0186472
2.44069, 0.042902
2.44128, 0.0720798
2.46117, 0.0797067
2.45197, 0.11209
2.45246, 0.133214
2.47653, 0.138654
2.45744, 0.168289
2.45846, 0.185082
2.45387, 0.202934
2.452, 0.21865
2.45253, 0.233118
2.43482, 0.249314
2.44741, 0.261576
2.45865, 0.275488
2.44625, 0.288674
2.4666, 0.305904
2.46055, 0.319992
2.45318, 0.333283
2.44284, 0.344947
2.44911, 0.3638
2.46206, 0.388703
2.46946, 0.413866
2.45154, 0.422966
2.45154, 0.446465
2.44845, 0.469932
2.45006, 0.502141
2.44744, 0.534648
2.45007, 0.581981
2.44657, 0.630134
2.45248, 0.713231
2.44899, 0.802475
2.45386, 0.962134
2.4529, 1.19769
2.45107, 1.65491
2.32353, 1.24518
2.25499, 1.15955
2.19304, 1.15314
2.12518, 1.19152
1.79924, 2.41958
1.64068, 2.41528
1.47308, 2.41974
1.2966, 2.42304
1.11424, 2.41518
1.83477, 0.94011
1.79488, 0.900954
1.76226, 0.854936
1.6964, 0.846217
0.919234, 1.47032
0.864962, 1.35347
0.0515259, 1.75306
0.035463, 1.54805
0.0618776, 1.33612
0.0553191, 1.15504
0.0423511, 0.985087
0.0665895, 0.811671
0.0442483, 0.655664
0.0459127, 0.497856
0.0591879, 0.342167
0.0535569, 0.18836
0.0497117, 0.0331567
0.862025, 0.0208512
1.27279, 0.0224027
1.49233, 0.0199507
1.65106, 0.0241231
1.74381, 0.0190267
1.81188, 0.0126797
1.89314, 0.0247
1.92923, 0.0143495
1.98728, 0.0280584
2.02572, 0.0318592
2.04388, 0.0177147
2.06803, 0.0120559
2.10243, 0.0254925
2.12607, 0.027358
2.14489, 0.0226475
2.16124, 0.0124147
2.1857, 0.0288324
2.20053, 0.0143171
2.21981, 0.0209996
2.23629, 0.00416436
2.25476, 0.0255616
2.26847, 0.0235642
2.28552, 0.0259357
2.30429, 0.0198403
2.32349, 0.0172471
2.33921, 0.027649
2.36026, 0.0242433
2.38907, 0.00945001
2.408, 0.0177989
2.43817, 0.0110989
2.44852, 0.0334204
2.45364, 0.0590932
2.46033, 0.0804724
2.44505, 0.117571
2.43544, 0.14486
2.46424, 0.145854
2.44531, 0.174301
2.44087, 0.192316
2.45067, 0.203993
2.46163, 0.216187
2.44967, 0.233638
2.46139, 0.246371
2.46107, 0.261025
2.46276, 0.27561
2.45605, 0.289653
2.44663, 0.302484
2.45219, 0.317947
2.4652, 0.337129
2.44754, 0.346819
2.46848, 0.373145
2.44312, 0.377871
2.45138, 0.401773
2.44321, 0.416508
2.46926, 0.462306
2.45533, 0.477014
2.45164, 0.504021
2.45142, 0.540086
2.44912, 0.580475
2.45086, 0.638157
2.45054, 0.708902
2.45083, 0.807483
2.45495, 0.965921
2.45224, 1.19459
2.4513, 1.65653
2.32278, 1.23466
2.25498, 1.15423
2.19404, 1.13863
2.12856, 1.16723
1.7979, 2.42593
1.635, 2.43518
1.47054, 2.42673
1.29903, 2.41757
1.11256, 2.41833
1.82174, 0.96097
1.80459, 0.887585
1.75555, 0.862942
1.69535, 0.847305
0.910746, 1.47796
0.856474, 1.36009
0.0599646, 1.74737
0.0534955, 1.53765
0.0385644, 1.34746
0.0472404, 1.15829
0.046517, 0.983737
0.0438018, 0.81732
0.0545728, 0.653857
0.0498802, 0.497444
0.0516824, 0.342415
0.0328213, 0.187594
0.0418386, 0.0323112
0.862674, 0.0209658
1.2607, 0.0193582
1.49859, 0.0220043
1.63093, 0.0159232
1.74989, 0.0220121
1.81157, 0.0125001
1.88778, 0.0210585
1.92533, 0.0112844
1.97769, 0.0193576
2.01133, 0.0168464
2.05384, 0.0296746
2.07538, 0.0222632
2.09362, 0.0112642
2.12098, 0.0176809
2.14832, 0.0304421
2.16889, 0.0337225
2.1864, 0.0313217
2.19916, 0.00769591
2.21969, 0.0200498
2.23694, 0.0142341
2.2549, 0
2.26849, 0.0232284
2.28552, 0.0259631
2.30528, 0.0149901
2.32234, 0.0213689
2.34035, 0.0244491
2.36561, 0.0119598
2.38729, 0.0128603
2.39722, 0.0353416
2.43796, 0.0113975
2.46419, 0.0144753
2.44463, 0.0685539
2.45866, 0.0820014
2.45141, 0.112533
2.44376, 0.13917
2.45497, 0.151287
2.44874, 0.172603
2.44176, 0.191949
2.44962, 0.204343
2.46537, 0.215233
2.45968, 0.231814
2.44446, 0.248247
2.45038, 0.261456
2.43824, 0.274883
2.4618, 0.290229
2.45478, 0.30388
2.46236, 0.320434
2.4513, 0.332682
2.46675, 0.354481
2.44534, 0.361978
2.4531, 0.383576
2.43876, 0.393336
2.43711, 0.411779
2.45078, 0.445793
2.46406, 0.485991
2.4486, 0.500415
2.44485, 0.531108
2.44857, 0.579598
2.44579, 0.628682
2.4546, 0.717973
2.45496, 0.818741
2.45634, 0.970702
2.45372, 1.20151
2.4512, 1.65585
2.3232, 1.2405
2.255, 1.16547
2.19362, 1.14476
2.13031, 1.1546
1.79647, 2.4327
1.6451, 2.3998
1.47138, 2.42441
1.30289, 2.40889
1.11723, 2.40954
1.81994, 0.963867
1.80773, 0.883254
1.75773, 0.860339
1.69784, 0.844728
0.913146, 1.4758
0.870002, 1.34953
0.0559152, 1.7501
0.0570096, 1.53562
0.0621474, 1.33599
0.0484154, 1.15782
0.0499221, 0.982635
0.0304915, 0.820621
0.060756, 0.652777
0.0567747, 0.496731
0.0310198, 0.3431
0.0484302, 0.18817
0.0419631, 0.032325
0.855822, 0.0197425
1.24774, 0.0160942
1.48483, 0.0174926
1.64427, 0.0213573
1.74933, 0.0217368
1.8314, 0.0240277
1.87994, 0.0157342
1.94393, 0.0259146
1.97901, 0.0205589
2.02528, 0.0313992
2.04457, 0.0185371
2.06957, 0.0141933
2.10375, 0.0276217
2.12614, 0.02748
2.14805, 0.0298409
2.16133, 0.0126453
2.18374, 0.0218966
2.20376, 0.0299059
2.22085, 0.0286275
2.23765, 0.025303
2.25469, 0.0374885
2.27014, 0
2.28608, 0.0216945
2.30245, 0.0288411
2.32139, 0.024815
2.33976, 0.0261221
2.36025, 0.0242615
2.37811, 0.0304573
2.41006, 0.0144359
2.4338, 0.0172072
2.46383, 0.0149086
2.4462, 0.0669114
2.45352, 0.0866907
2.44525, 0.117411
2.44931, 0.135371
2.45658, 0.150339
2.44525, 0.174332
2.46469, 0.182518
2.45459, 0.202694
2.44599, 0.220185
2.45228, 0.233163
2.44953, 0.247686
2.43965, 0.261889
2.45787, 0.275465
2.44933, 0.288982
2.46013, 0.304795
2.44141, 0.315315
2.44515, 0.330716
2.45246, 0.348781
2.44455, 0.361597
2.44543, 0.379192
2.44179, 0.395361
2.45421, 0.425033
2.44794, 0.443247
2.44703, 0.468474
2.45651, 0.509787
2.45064, 0.539022
2.44925, 0.580679
2.45386, 0.643758
2.4496, 0.706808
2.45603, 0.821667
2.45139, 0.953594
2.45177, 1.19243
2.45134, 1.65685
2.32308, 1.23882
2.25498, 1.15695
2.19335, 1.14865
2.1307, 1.15183
1.79937, 2.41895
1.64093, 2.41441
1.47253, 2.42125
1.2844, 2.45051
1.11726, 2.40948
1.83005, 0.947666
1.79659, 0.898606
1.75106, 0.868289
1.69981, 0.842686
0.931727, 1.45907
0.851669, 1.36384
0.037205, 1.7627
0.0533352, 1.53774
0.0530657, 1.34041
0.0458106, 1.15887
0.0506371, 0.982403
0.0484473, 0.816168
0.0647916, 0.65207
0.0375408, 0.498721
0.0522275, 0.342396
0.0527621, 0.188329
0.0375617, 0.0318526
0.837517, 0.0164722
1.25707, 0.0184428
1.47712, 0.0149665
1.65105, 0.0241171
1.74606, 0.0201283
1.8231, 0.0192012
1.87099, 0.00965888
1.9208, 0.00772021
1.98164, 0.0229464
2.01103, 0.0165363
2.04558, 0.0197556
2.07169, 0.0171477
2.09692, 0.0166021
2.12141, 0.0184999
2.14587, 0.0248645
2.16235, 0.0155151
2.17885, 0.00453385
2.19838, 0.00394086
2.22087, 0.0287778
2.23599, 0
2.25474, 0.0285047
2.26796, 0.0319292
2.28781, 0.00857965
2.30606, 0.0111337
2.32311, 0.0186256
2.33806, 0.0309011
2.36904, 0.00409504
2.38506, 0.0171276
2.4148, 0.00672168
2.44373, 0.00333036
2.45166, 0.0296253
2.44473, 0.0684522
2.4561, 0.0843335
2.4468, 0.116187
2.44804, 0.136238
2.44702, 0.155947
2.44474, 0.174584
2.45861, 0.185021
2.45833, 0.201455
2.45133, 0.21882
2.44679, 0.234163
2.46643, 0.245813
2.44436, 0.261698
2.4434, 0.275035
2.44776, 0.288824
2.43729, 0.300884
2.44414, 0.315981
2.47502, 0.34027
2.45494, 0.349769
2.45018, 0.364314
2.45844, 0.38663
2.46342, 0.409823
2.45212, 0.423412
2.45002, 0.445107
2.44693, 0.468375
2.45125, 0.503561
2.45147, 0.540155
2.44463, 0.573333
2.45114, 0.638674
2.44847, 0.704296
2.44514, 0.791975
2.44837, 0.943153
2.45239, 1.19529
2.45008, 1.64801
2.32296, 1.23725
2.25495, 1.13876
2.19405, 1.1384
2.12862, 1.16681
1.79671, 2.43154
1.64079, 2.41489
1.46539, 2.44092
1.30127, 2.41254
1.11995, 2.4044
1.8394, 0.932692
1.80772, 0.883279
1.75281, 0.866202
1.69151, 0.851281
0.929494, 1.46108
0.871911, 1.34804
0.0525028, 1.75239
0.0479838, 1.54082
0.0508508, 1.34148
0.055299, 1.15505
0.0637354, 0.978163
0.0586242, 0.813644
0.0285432, 0.658407
0.065344, 0.495843
0.0688751, 0.341844
0.0490491, 0.188191
0.0549148, 0.0337122
0.854148, 0.0194423
1.2628, 0.0198864
1.49483, 0.0207696
1.65027, 0.0238001
1.73746, 0.0159033
1.79716, 0.00412244
1.8969, 0.0272553
1.93268, 0.0170598
1.97575, 0.0175988
2.01588, 0.0215873
2.04497, 0.0190172
2.07218, 0.0178185
2.10145, 0.0239075
2.12006, 0.0159229
2.14722, 0.0279347
2.16244, 0.0157411
2.18342, 0.0207573
2.1974, 0
2.21929, 0.0171511
2.23744, 0.0219686
2.2548, 0.0173054
2.26837, 0.0251775
2.28863, 0.0024095
2.30072, 0.0373558
2.32602, 0.00814997
2.33834, 0.0301073
2.3662, 0.0106166
2.38225, 0.0225214
2.40992, 0.0146718
2.43771, 0.0117391
2.44682, 0.0354786
2.4486, 0.0643822
2.46008, 0.0807023
2.4513, 0.11262
2.45538, 0.131214
2.45553, 0.150956
2.45363, 0.170175
2.45374, 0.187022
2.4452, 0.205808
2.43949, 0.221848
2.45917, 0.231907
2.46998, 0.245421
2.4561, 0.261225
2.46793, 0.275763
2.4484, 0.288888
2.44792, 0.302704
2.4362, 0.314043
2.46316, 0.336477
2.45835, 0.351132
2.45304, 0.365696
2.45266, 0.383329
2.45064, 0.40128
2.44377, 0.416939
2.46203, 0.45584
2.45203, 0.473622
2.44368, 0.494601
2.45518, 0.545232
2.45383, 0.587957
2.45088, 0.638199
2.44927, 0.706088
2.45281, 0.812888
2.4493, 0.94638
2.45344, 1.2002
2.45101, 1.6545
2.32303, 1.23825
2.25495, 1.14003
2.19486, 1.1266
2.12996, 1.15715
1.79972, 2.41729
1.6382, 2.42397
1.46869, 2.43183
1.29573, 2.425
1.11508, 2.41358
1.8298, 0.948066
1.80506, 0.886935
1.75327, 0.865657
1.70131, 0.841131
0.924641, 1.46545
0.853435, 1.36246
0.0437228, 1.75831
0.0393002, 1.54583
0.0622431, 1.33594
0.0653872, 1.15098
0.0522705, 0.981874
0.0572729, 0.813979
0.0519767, 0.654311
0.0617769, 0.496212
0.0578835, 0.342208
0.055521, 0.18843
0.0509039, 0.0332826
0.842828, 0.0174207
1.28157, 0.024613
1.47682, 0.0148689
1.64369, 0.021121
1.7439, 0.0190699
1.8356, 0.0264727
1.88996, 0.022542
1.92395, 0.0101939
1.96593, 0.00869263
2.00003, 0.00505699
2.04681, 0.0212278
2.05194, 0
2.10147, 0.0239458
2.12203, 0.0196813
2.13779, 0.0065131
2.16755, 0.0299859
2.18517, 0.0269747
2.20238, 0.0232129
2.21766, 0.00508234
2.23698, 0.0148441
2.25479, 0.019282
2.26925, 0.0108142
2.28614, 0.0212568
2.30641, 0.00941649
2.32061, 0.0276146
2.34741, 0.00455949
2.36313, 0.0176671
2.38575, 0.0158089
2.40317, 0.0256587
2.44469, 0.00197837
2.45739, 0.0227013
2.45058, 0.0623078
2.45992, 0.0808463
2.45481, 0.109839
2.45337, 0.132593
2.45131, 0.153432
2.45599, 0.16901
2.45966, 0.18459
2.44168, 0.206974
2.44196, 0.221215
2.44391, 0.234689
2.44473, 0.248216
2.46819, 0.260738
2.44003, 0.274935
2.44359, 0.288408
2.44378, 0.301996
2.46741, 0.321666
2.46676, 0.337628
2.4606, 0.35203
2.45957, 0.368844
2.44288, 0.377736
2.44479, 0.397366
2.44932, 0.421245
2.45534, 0.449864
2.4444, 0.465771
2.44915, 0.501072
2.44745, 0.534663
2.45259, 0.58598
2.4553, 0.646453
2.45874, 0.7272
2.45065, 0.80699
2.44983, 0.948229
2.45356, 1.20076
2.45412, 1.67635
2.32376, 1.24831
2.25498, 1.15499
2.19356, 1.14562
2.12593, 1.18609
1.79771, 2.42682
1.64409, 2.40334
1.47365, 2.41818
1.29922, 2.41715
1.10949, 2.42412
1.83185, 0.944775
1.80215, 0.890939
1.76487, 0.85182
1.68708, 0.855866
0.932288, 1.45857
0.869392, 1.35001
0.0603031, 1.74714
0.059418, 1.53423
0.0598768, 1.33709
0.0442332, 1.1595
0.047974, 0.983264
0.055117, 0.814514
0.0527806, 0.65417
0.064142, 0.495967
0.0662329, 0.341931
0.063433, 0.188721
0.0515501, 0.0333517
0.852595, 0.0191651
1.26159, 0.0195807
1.50259, 0.0233124
1.63084, 0.0158883
1.75159, 0.0228461
1.82651, 0.0211862
1.90146, 0.030349
1.94007, 0.0228784
1.97299, 0.0151027
2.01112, 0.0166214
2.04076, 0.0139708
2.07221, 0.0178665
2.10323, 0.026787
2.12217, 0.0199368
2.14597, 0.0250964
2.16812, 0.0315737
2.18439, 0.0242031
2.20403, 0.0311803
2.21803, 0.0078152
2.23745, 0.0221033
2.25488, 0.00218128
2.2687, 0.0197833
2.28537, 0.0271313
2.30661, 0.0084422
2.32039, 0.0284132
2.33916, 0.0277934
2.36106, 0.0224089
2.3742, 0.0379349
2.40523, 0.0222986
2.43048, 0.0218538
2.45932, 0.0203572
2.45311, 0.0596497
2.4371, 0.101689
2.44827, 0.115023
2.45213, 0.13344
2.44665, 0.156163
2.45431, 0.169842
2.45556, 0.186274
2.4507, 0.203983
2.45687, 0.217404
2.45156, 0.233294
2.46777, 0.245665
2.45293, 0.261353
2.45339, 0.275331
2.44288, 0.288336
2.47055, 0.30658
2.45403, 0.318399
2.454, 0.333545
2.4477, 0.346884
2.44409, 0.361377
2.44227, 0.377387
2.44815, 0.399614
2.45354, 0.424512
2.44887, 0.444078
2.44461, 0.465991
2.45506, 0.508061
2.43992, 0.524365
2.45366, 0.587688
2.46021, 0.655625
2.4558, 0.720639
2.44864, 0.801522
2.4562, 0.970229
2.45358, 1.20086
2.45212, 1.66229
2.32318, 1.24026
2.25501, 1.17312
2.19427, 1.13511
2.1273, 1.17623
1.79601, 2.43485
1.63948, 2.41947
1.47067, 2.42639
1.29468, 2.42736
1.12657, 2.39194
1.82663, 0.953148
1.78974, 0.908036
1.76164, 0.855676
1.69856, 0.843981
0.929844, 1.46077
0.854135, 1.36192
0.0509414, 1.75345
0.0498001, 1.53978
0.0523625, 1.34075
0.0566891, 1.15449
0.0326086, 0.988237
0.044234, 0.817212
0.0507848, 0.654518
0.0478588, 0.497652
0.0480169, 0.342535
0.0663061, 0.188827
0.0456608, 0.0327199
0.847439, 0.0182437
1.27662, 0.0233676
1.48451, 0.0173885
1.64312, 0.020888
1.75113, 0.0226188
1.8258, 0.0207735
1.87435, 0.0119393
1.92446, 0.0105977
1.97499, 0.0169123
2.00712, 0.0124554
2.04485, 0.0188713
2.07132, 0.0166329
2.10044, 0.0222834
2.12733, 0.0297471
2.14284, 0.0179952
2.15998, 0.00890102
2.17772, 0.000489214
2.20189, 0.0208793
2.21772, 0.00553066
2.23724, 0.0189355
2.25475, 0.0267077
2.26922, 0.0112321
2.28678, 0.0163824
2.30273, 0.0275035
2.32669, 0.0057176
2.33957, 0.026649
2.36371, 0.0163351
2.38968, 0.00827637
2.40671, 0.01989
2.431, 0.02112
2.44666, 0.0356782
2.46035, 0.0520467
2.44257, 0.0966879
2.46044, 0.105381
2.46391, 0.125381
2.44536, 0.156917
2.45803, 0.167997
2.46897, 0.180759
2.44648, 0.205384
2.45258, 0.2185
2.45599, 0.232487
2.44219, 0.248498
2.44856, 0.261529
2.46276, 0.27561
2.45788, 0.289836
2.46114, 0.304969
2.44897, 0.317163
2.45738, 0.334627
2.45973, 0.351681
2.43968, 0.359248
2.44382, 0.378269
2.44619, 0.398305
2.44177, 0.415393
2.45077, 0.445783
2.45434, 0.475992
2.45663, 0.509928
2.45163, 0.540379
2.45211, 0.585227
2.46093, 0.656976
2.45286, 0.71409
2.45288, 0.813074
2.45125, 0.953127
2.44989, 1.18365
2.4533, 1.67056
2.32201, 1.22396
2.25495, 1.14118
2.19354, 1.1459
2.12966, 1.15931
1.80077, 2.41235
1.63744, 2.42664
1.47093, 2.42566
1.29299, 2.43116
1.11161, 2.42012
1.82388, 0.957555
1.79066, 0.906765
1.76059, 0.856927
1.68903, 0.853845
0.927556, 1.46283
0.840832, 1.3723
0.0461767, 1.75666
0.0419525, 1.5443
0.0702559, 1.33204
0.0575672, 1.15413
0.0472047, 0.983513
0.0508113, 0.815581
0.0673242, 0.651627
0.0472835, 0.497712
0.0554155, 0.34229
0.0460273, 0.18808
0.0434212, 0.0324801
0.871699, 0.0225775
1.26575, 0.0206282
1.49431, 0.0205995
1.64324, 0.0209361
1.73656, 0.0154613
1.8365, 0.0269929
1.88945, 0.0221972
1.92788, 0.0132896
1.98163, 0.0229348
2.01489, 0.020562
2.04221, 0.0157038
2.06659, 0.0100594
2.08775, 0.00178131
2.12695, 0.0290343
2.14168, 0.0153608
2.16775, 0.0305467
2.18416, 0.0233639
2.20015, 0.0124588
2.21936, 0.0176486
2.23751, 0.0229991
2.25478, 0.0217255
2.26875, 0.0190284
2.28457, 0.0332124
2.3026, 0.0281052
2.3221, 0.0222553
2.34104, 0.022498
2.35783, 0.0298177
2.37843, 0.0298368
2.40649, 0.0202554
2.44303, 0.00430953
2.44266, 0.0405112
2.4458, 0.067329
2.43248, 0.105904
2.45838, 0.107008
2.43736, 0.143547
2.43494, 0.163024
2.4511, 0.171429
2.44361, 0.191187
2.44625, 0.20546
2.44342, 0.220842
2.4561, 0.232467
2.44734, 0.247927
2.43635, 0.262021
2.46445, 0.27566
2.43932, 0.287981
2.46372, 0.30541
2.46848, 0.321928
2.45375, 0.333466
2.45131, 0.348323
2.44591, 0.362255
2.44407, 0.378413
2.45167, 0.401968
2.46262, 0.431556
2.45569, 0.450178
2.45514, 0.476812
2.44205, 0.492667
2.45088, 0.539352
2.45068, 0.582952
2.4488, 0.634304
2.45653, 0.722267
2.44912, 0.802823
2.45189, 0.955323
2.45205, 1.19371
2.45293, 1.66799
2.32393, 1.25071
2.25499, 1.16288
2.19323, 1.15039
2.12874, 1.16589
1.79992, 2.41635
1.64518, 2.39951
1.47537, 2.41343
1.29926, 2.41706
1.10668, 2.42941
1.81926, 0.964951
1.78925, 0.908715
1.75639, 0.861932
1.69283, 0.849917
0.918521, 1.47096
0.851893, 1.36367
0.0577139, 1.74888
0.0490217, 1.54023
0.0488841, 1.34244
0.0632129, 1.15186
0.0561395, 0.980621
0.0640806, 0.812291
0.0434223, 0.655806
0.0490083, 0.497533
0.0552592, 0.342295
0.0479629, 0.188151
0.0464679, 0.0328067
0.871978, 0.0226273
1.26349, 0.0200589
1.50143, 0.0229319
1.63783, 0.0187351
1.75221, 0.0231501
1.81835, 0.0164413
1.88104, 0.016482
1.9357, 0.0194398
1.98295, 0.0241307
2.01801, 0.0238148
2.05783, 0.0344667
2.07938, 0.0278152
2.08999, 0.0054107
2.13584, 0.0459282
2.14632, 0.0259045
2.16203, 0.0146149
2.18517, 0.026978
2.19903, 0.00706503
2.21774, 0.00565965
2.23666, 0.0098807
2.25484, 0.0100744
2.26916, 0.0122356
2.28928, 0
2.30428, 0.0198912
2.3206, 0.0276379
2.34314, 0.0165709
2.36443, 0.0146649
2.39076, 0.00620161
2.39868, 0.0329627
2.42462, 0.0300449
2.45712, 0.0230172
2.44428, 0.0689231
2.45223, 0.08787
2.45132, 0.112606
2.45189, 0.1336
2.45781, 0.149623
2.46529, 0.164398
2.4525, 0.187533
2.45738, 0.201767
2.44703, 0.219919
2.44531, 0.234434
2.44193, 0.248526
2.44111, 0.261829
2.45861, 0.275486
2.45026, 0.289074
2.44207, 0.301703
2.44665, 0.316595
2.44492, 0.330642
2.45665, 0.350452
2.45946, 0.368794
2.46328, 0.389399
2.44987, 0.400762
2.46091, 0.430229
2.45114, 0.446113
2.43635, 0.457491
2.46484, 0.519639
2.4419, 0.527079
2.45675, 0.592594
2.4507, 0.637853
2.45541, 0.719764
2.45171, 0.80988
2.45322, 0.959942
2.44998, 1.1841
2.45267, 1.66617
2.32294, 1.23699
2.25496, 1.14494
2.19429, 1.13494
2.12773, 1.17314
1.80203, 2.40636
1.64558, 2.39811
1.47421, 2.41662
1.29304, 2.43105
1.11375, 2.41609
1.83397, 0.941388
1.79641, 0.898845
1.75954, 0.858175
1.69993, 0.842559
0.920026, 1.4696
0.863504, 1.3546
0.0613806, 1.74641
0.0494783, 1.53996
0.0638557, 1.33515
0.0624364, 1.15217
0.067944, 0.9768
0.0521452, 0.81525
0.0743309, 0.650401
0.0527923, 0.497141
0.0765835, 0.341588
0.0444286, 0.188021
0.0478967, 0.0329597
0.851662, 0.0189981
1.25947, 0.0190485
1.48767, 0.0184238
1.64272, 0.0207268
1.75862, 0.0263009
1.81157, 0.0124969
1.85859, 0.00123586
1.93755, 0.0208947
1.98363, 0.0247458
2.00829, 0.013676
2.03474, 0.00673522
2.08009, 0.028806
2.08397, 0
2.11742, 0.0109095
2.14412, 0.0208958
2.16341, 0.018448
2.18413, 0.0232548
2.19783, 0.00129788
2.21683, 0
2.23737, 0.0208671
2.2547, 0.0352885
2.26901, 0.0147638
2.28445, 0.0341173
2.2998, 0.0418689
2.32203, 0.0225048
2.33922, 0.0276389
2.36373, 0.0162732
2.38828, 0.0109631
2.40696, 0.0194808
2.43785, 0.0115506
2.45552, 0.0249627
2.45038, 0.0625193
2.45313, 0.08705
2.44808, 0.115174
2.45975, 0.128225
2.45239, 0.152798
2.44829, 0.172822
2.46277, 0.18331
2.44814, 0.204834
2.44969, 0.219238
2.44163, 0.235103
2.4457, 0.248109
2.4524, 0.261374
2.45435, 0.27536
2.46031, 0.290079
2.45629, 0.304137
2.43507, 0.313766
2.45283, 0.333171
2.46284, 0.352921
2.46506, 0.371494
2.43282, 0.371979
2.4625, 0.409208
2.44698, 0.419432
2.44996, 0.44506
2.46031, 0.482131
2.45805, 0.51161
2.4573, 0.548126
2.45459, 0.589163
2.45921, 0.653758
2.45839, 0.72641
2.4579, 0.826763
2.45469, 0.964999
2.4508, 1.18789
2.44948, 1.64377
2.3226, 1.23224
2.255, 1.16746
2.19419, 1.13628
2.12784, 1.1724
1.79758, 2.42741
1.64177, 2.41145
1.47109, 2.42522
1.29379, 2.42938
1.11192, 2.41954
1.82026, 0.963345
1.8094, 0.880953
1.75265, 0.866391
1.70071, 0.841756
0.930068, 1.46056
0.866386, 1.35235
0.0562127, 1.74989
0.0473049, 1.54122
0.0502399, 1.34178
0.0488329, 1.15765
0.0516969, 0.982059
0.0473455, 0.81644
0.0390828, 0.656564
0.0622691, 0.49616
0.0530264, 0.342369
0.042944, 0.187966
0.0428413, 0.0324176
0.847641, 0.0182798
1.25837, 0.018769
1.4967, 0.0213836
1.6455, 0.0218559
1.74768, 0.0209232
1.81526, 0.014642
1.87256, 0.0107255
1.91948, 0.00667734
1.9834, 0.0245343
2.01196, 0.0175056
2.0408, 0.0140162
2.08181, 0.0311849
2.09642, 0.0157899
2.12432, 0.0240335
2.14245, 0.017107
2.16922, 0.0346648
2.18273, 0.0183138
2.20411, 0.031576
2.21925, 0.0168125
2.23787, 0.0285993
2.25479, 0.0192269
2.26874, 0.0191767
2.2871, 0.0139595
2.30795, 0.0018533
2.32316, 0.0184461
2.34021, 0.0248313
2.36199, 0.0202845
2.38019, 0.0264577
2.40738, 0.018799
2.43515, 0.0153173
2.45116, 0.0302267
2.44969, 0.0632385
2.45969, 0.0810629
2.44215, 0.119871
2.44683, 0.137069
2.45841, 0.14927
2.4752, 0.159486
2.43531, 0.194603
2.44442, 0.206065
2.44088, 0.221492
2.44586, 0.234333
2.43856, 0.248899
2.46309, 0.260943
2.45623, 0.275416
2.455, 0.289548
2.44546, 0.302284
2.44131, 0.315291
2.45583, 0.334132
2.45455, 0.349614
2.45368, 0.366002
2.45688, 0.38574
2.4512, 0.401656
2.46005, 0.429559
2.45847, 0.45266
2.45531, 0.476989
2.45305, 0.505692
2.45412, 0.543777
2.44867, 0.579749
2.45081, 0.638062
2.44509, 0.69675
2.45331, 0.814244
2.44882, 0.944719
2.45284, 1.19739
2.44859, 1.63754
2.32306, 1.23859
2.25498, 1.15622
2.19312, 1.15205
2.12983, 1.1581
1.79615, 2.4342
1.63836, 2.42342
1.47274, 2.42067
1.29544, 2.42565
1.11681, 2.41032
1.83283, 0.943212
1.80292, 0.889876
1.75271, 0.866318
1.70754, 0.834683
0.923933, 1.46609
0.870812, 1.3489
0.0511675, 1.75329
0.0606682, 1.53351
0.0584252, 1.3378
0.0413331, 1.16067
0.045628, 0.984023
0.0470379, 0.816517
0.0387913, 0.656615
0.0551085, 0.496902
0.0425715, 0.342716
0.062833, 0.188699
0.0546756, 0.0336863
0.856101, 0.0197909
1.24501, 0.0154056
1.49082, 0.0194566
1.63071, 0.0158332
1.74445, 0.0193368
1.83606, 0.0267392
1.88164, 0.0168883
1.93689, 0.0203759
1.98504, 0.0260217
2.01433, 0.0199776
2.03951, 0.0124572
2.06703, 0.0106736
2.09755, 0.0176231
2.1239, 0.0232314
2.14164, 0.0152558
2.16232, 0.0154132
2.18003, 0.00871814
2.20037, 0.0135348
2.22172, 0.0351065
2.23686, 0.0130704
2.25483, 0.0120296
2.26845, 0.023806
2.28733, 0.0122478
2.30677, 0.00765029
2.32337, 0.0176754
2.33859, 0.0294009
2.36226, 0.019653
2.3846, 0.0180118
2.40497, 0.0227331
2.43662, 0.0132641
2.45088, 0.030569
2.44517, 0.0679884
2.46043, 0.0803814
2.45739, 0.107795
2.45335, 0.132601
2.45043, 0.153946
2.45311, 0.170434
2.46986, 0.180394
2.46504, 0.199227
2.4559, 0.217653
2.43613, 0.236106
2.46037, 0.246484
2.44287, 0.261758
2.44267, 0.275013
2.45394, 0.289443
2.458, 0.30443
2.46405, 0.320844
2.44004, 0.32908
2.45185, 0.34854
2.44752, 0.363033
2.45003, 0.381825
2.45643, 0.405152
2.44255, 0.415995
2.44091, 0.436963
2.46316, 0.485066
2.44455, 0.495629
2.45546, 0.545611
2.43556, 0.558913
2.46256, 0.660016
2.44453, 0.695511
2.44846, 0.801026
2.45171, 0.954711
2.44973, 1.18293
2.45127, 1.6563
2.32366, 1.2469
2.25498, 1.15437
2.19309, 1.15238
2.12964, 1.15942
1.79726, 2.42895
1.63831, 2.42359
1.47333, 2.41906
1.29403, 2.42882
1.11693, 2.41011
1.82466, 0.956298
1.80267, 0.890233
1.75602, 0.862381
1.69501, 0.847656
0.932614, 1.45827
0.856209, 1.3603
0.0474608, 1.75579
0.0478269, 1.54091
0.0568107, 1.33858
0.0486047, 1.15774
0.0599797, 0.979378
0.0677975, 0.811369
0.0479035, 0.655022
0.057873, 0.496615
0.0533097, 0.342359
0.0473208, 0.188127
0.0475735, 0.0329249
0.856972, 0.0199466
1.25328, 0.017489
1.48998, 0.0191817
1.64241, 0.0205977
1.73771, 0.0160295
1.83088, 0.0237245
1.88757, 0.0209155
1.93169, 0.016281
1.98312, 0.0242849
2.00374, 0.00892834
2.03871, 0.0115008
2.07815, 0.0261084
2.09513, 0.0137012
2.12321, 0.021927
2.13519, 0.000605425
2.1648, 0.0223354
2.18293, 0.0190263
2.20299, 0.0261713
2.21864, 0.0122929
2.23851, 0.0384924
2.25469, 0.0382627
2.26942, 0.00808346
2.28823, 0.00540315
2.30472, 0.0176998
2.32297, 0.0191269
2.34157, 0.0210081
2.3602, 0.0243832
2.37854, 0.0296226
2.40283, 0.0262057
2.43391, 0.0170504
2.45661, 0.0236423
2.44685, 0.0662255
2.4483, 0.0914625
2.44969, 0.113894
2.44687, 0.13704
2.44699, 0.155963
2.45948, 0.167276
2.4538, 0.186998
2.44676, 0.205291
2.4648, 0.215377
2.44556, 0.234387
2.45896, 0.24664
2.45905, 0.261106
2.46362, 0.275635
2.44642, 0.28869
2.46545, 0.305706
2.44544, 0.316299
2.44461, 0.330541
2.45254, 0.348814
2.46977, 0.373767
2.44231, 0.377409
2.43424, 0.390312
2.44489, 0.417808
2.46035, 0.454345
2.44365, 0.465005
2.44451, 0.495572
2.44548, 0.531965
2.45334, 0.587179
2.45277, 0.641734
2.45637, 0.721913
2.45967, 0.831575
2.45531, 0.967155
2.45277, 1.19707
2.45265, 1.66602
2.32407, 1.25268
2.25494, 1.13621
2.19286, 1.15574
2.1285, 1.1676
1.79692, 2.43058
1.63623, 2.43085
1.4671, 2.43621
1.29861, 2.41853
1.121, 2.40243
1.82247, 0.959812
1.79907, 0.895185
1.76282, 0.854264
1.68991, 0.852932
0.909661, 1.47893
0.857879, 1.35899
0.0614069, 1.74639
0.0483727, 1.5406
0.0481113, 1.34282
0.0530095, 1.15597
0.0448582, 0.984272
0.0645652, 0.81217
0.03839, 0.656685
0.0469296, 0.497748
0.0687312, 0.341848
0.0393721, 0.187834
0.0585945, 0.0341064
0.859931, 0.020475
1.26212, 0.0197145
1.49186, 0.0197981
1.64244, 0.0206104
1.74227, 0.0182667
1.8077, 0.0102482
1.89332, 0.0248212
1.93607, 0.0197338
1.9737, 0.0157409
2.02219, 0.0281726
2.03695, 0.00938797
2.08155, 0.0308324
2.10048, 0.02234
2.1121, 0.000807266
2.13968, 0.0108009
2.16638, 0.0267405
2.18889, 0.0401822
2.2019, 0.0209102
2.21622, 0
2.23754, 0.0234803
2.25476, 0.0241653
2.26933, 0.00955305
2.28813, 0.00620267
2.30416, 0.0204841
2.32595, 0.00837779
2.33842, 0.0298737
2.36664, 0.0096044
2.37961, 0.0275676
2.41433, 0.0074976
2.433, 0.0183255
2.44618, 0.0362517
2.44307, 0.0701921
2.44351, 0.0958298
2.44945, 0.114088
2.46135, 0.127127
2.4346, 0.163226
2.44492, 0.174496
2.45499, 0.186507
2.43064, 0.210635
2.44123, 0.2214
2.45684, 0.232332
2.4418, 0.24854
2.45218, 0.261383
2.4445, 0.275067
2.4388, 0.287928
2.44902, 0.302892
2.44139, 0.31531
2.44879, 0.33188
2.4557, 0.350075
2.44262, 0.360667
2.45078, 0.382249
2.45288, 0.402774
2.45682, 0.427052
2.45332, 0.448057
2.45791, 0.479665
2.45135, 0.503675
2.44936, 0.537273
2.45213, 0.585261
2.44943, 0.635482
2.4529, 0.714172
2.4523, 0.811499
2.45202, 0.95579
2.45215, 1.19418
2.45074, 1.6526
2.32353, 1.24515
2.25498, 1.15857
2.19505, 1.12381
2.12668, 1.18074
1.80004, 2.41578
1.64019, 2.41699
1.47078, 2.42606
1.29852, 2.41873
1.10613, 2.43043
1.82515, 0.955515
1.80201, 0.891137
1.75928, 0.858493
1.69437, 0.848314
0.944676, 1.44742
0.861681, 1.35603
0.0411988, 1.76001
0.0431075, 1.54363
0.0579302, 1.33804
0.0559529, 1.15478
0.0516475, 0.982075
0.0447271, 0.817089
0.0431909, 0.655846
0.0509548, 0.497331
0.045477, 0.342619
0.0378949, 0.18778
0.0603158, 0.0342909
0.83488, 0.0160002
1.241, 0.0143949
1.48285, 0.0168423
1.63703, 0.0184081
1.7448, 0.0195081
1.82747, 0.0217445
1.88015, 0.0158774
1.92307, 0.00950637
1.97573, 0.0175782
2.02907, 0.035353
2.03103, 0.00228122
2.07687, 0.0243344
2.10613, 0.0314808
2.11663, 0.00940796
2.1407, 0.0131297
2.16136, 0.0127379
2.18063, 0.0108509
2.20073, 0.0152826
2.21908, 0.0155886
2.23701, 0.0154073
2.25485, 0.00868131
2.26751, 0.039237
2.2865, 0.0185372
2.30547, 0.0140378
2.32305, 0.0188211
2.34278, 0.0176086
2.35946, 0.026088
2.38411, 0.0189506
2.40227, 0.027114
2.43524, 0.0151955
2.4571, 0.0230492
2.4536, 0.0591317
2.45053, 0.0894202
2.44476, 0.117799
2.46688, 0.123347
2.46003, 0.14832
2.42297, 0.185374
2.44883, 0.189042
2.45069, 0.203988
2.46818, 0.214513
2.47455, 0.229103
2.46179, 0.246327
2.44503, 0.261671
2.43776, 0.274867
2.45401, 0.289449
2.45607, 0.304101
2.46448, 0.32095
2.4458, 0.330925
2.46619, 0.35426
2.46183, 0.369935
2.45801, 0.386383
2.44005, 0.394197
2.45895, 0.428703
2.44135, 0.437359
2.44994, 0.471467
2.4542, 0.507047
2.44575, 0.532339
2.44524, 0.574294
2.44464, 0.626539
2.44829, 0.703893
2.45363, 0.815122
2.44832, 0.943008
2.45225, 1.19464
2.45129, 1.65646
2.32354, 1.24535
2.25497, 1.14951
2.19347, 1.14689
2.12884, 1.16516
1.80091, 2.41169
1.64154, 2.41225
1.47133, 2.42455
1.29596, 2.42448
1.11768, 2.40868
1.82601, 0.954141
1.80837, 0.882372
1.75144, 0.867838
1.69043, 0.852397
0.932314, 1.45854
0.873435, 1.34685
0.0585533, 1.74832
0.0557593, 1.53634
0.0364904, 1.34847
0.0683082, 1.1498
0.0569028, 0.980374
0.057964, 0.813807
0.0685255, 0.651416
0.0376207, 0.498711
0.055151, 0.342298
0.0400399, 0.187859
0.0534924, 0.0335594
0.848783, 0.0184837
1.25822, 0.0187316
1.47621, 0.0146659
1.64841, 0.0230425
1.75811, 0.0260512
1.81705, 0.0156853
1.87735, 0.0139745
1.94806, 0.0291657
1.97698, 0.0187194
2.01277, 0.0183499
2.03987, 0.0128975
2.07499, 0.0217154
2.10624, 0.0316576
2.12644, 0.0280581
2.14023, 0.0120573
2.16917, 0.0345158
2.18204, 0.015851
2.19975, 0.0105721
2.22092, 0.0291667
2.23726, 0.0191911
2.25482, 0.0135427
2.26859, 0.0215466
2.28597, 0.0225659
2.30985, 0
2.32516, 0.0112195
2.33917, 0.0277776
2.36618, 0.0106513
2.38202, 0.0229568
2.40228, 0.0270966
2.43199, 0.0197436
2.44804, 0.0340015
2.45626, 0.0563358
2.45127, 0.0887446
2.43392, 0.126395
2.45795, 0.129456
2.43584, 0.162495
2.45545, 0.169273
2.45554, 0.186282
2.45136, 0.203764
2.44889, 0.219445
2.46428, 0.230975
2.42969, 0.249881
2.44157, 0.261811
2.44153, 0.274979
2.44303, 0.288351
2.43841, 0.301076
2.45546, 0.318748
2.44197, 0.329697
2.45675, 0.350494
2.46121, 0.369637
2.46658, 0.391285
2.46143, 0.408493
2.45199, 0.423312
2.45204, 0.446918
2.4403, 0.46155
2.4492, 0.501134
2.4543, 0.54403
2.45503, 0.589869
2.45564, 0.647089
2.45635, 0.721871
2.45166, 0.80976
2.44828, 0.942862
2.45334, 1.19972
2.45322, 1.67003
2.32284, 1.23554
2.25496, 1.14698
2.19469, 1.12898
2.12809, 1.17057
1.79837, 2.42368
1.64161, 2.41203
1.48011, 2.40036
1.2958, 2.42484
1.114, 2.41561
1.82264, 0.959529
1.79895, 0.895354
1.75999, 0.857642
1.70049, 0.84198
0.928754, 1.46175
0.856104, 1.36038
0.0559948, 1.75004
0.0514523, 1.53882
0.0469958, 1.34336
0.0344065, 1.16346
0.0507076, 0.982379
0.0669147, 0.811588
0.040876, 0.656251
0.0504257, 0.497386
0.0526335, 0.342382
0.0606203, 0.188617
0.0566814, 0.0339013
0.858549, 0.0202282
1.26768, 0.0211148
1.50165, 0.0230046
1.64075, 0.0199236
1.74171, 0.0179942
1.80757, 0.0101747
1.86688, 0.00686912
1.94154, 0.02403
1.9786, 0.0201841
2.01832, 0.0241369
2.04498, 0.0190377
2.07188, 0.017409
2.10233, 0.025339
2.12334, 0.0221704
2.13608, 0.00261573
2.16122, 0.0123561
2.18118, 0.0127839
2.20194, 0.0210994
2.21839, 0.0104419
2.23772, 0.026317
2.25487, 0.00464184
2.26879, 0.0183234
2.28484, 0.0311121
2.30237, 0.0292685
2.32354, 0.0170695
2.34402, 0.014098
2.35989, 0.0250967
2.38423, 0.018711
2.40106, 0.0290857
2.43957, 0.00913682
2.44949, 0.0322508
2.44823, 0.0647727
2.46123, 0.0796489
2.43721, 0.123783
2.44691, 0.137007
2.46385, 0.146082
2.45561, 0.169194
2.4405, 0.192468
2.45631, 0.202123
2.44666, 0.220014
2.44418, 0.234638
2.44274, 0.248436
2.45751, 0.261168
2.45503, 0.27538
2.47855, 0.291902
2.44195, 0.301682
2.45133, 0.317739
2.45806, 0.334845
2.44465, 0.345667
2.45316, 0.365751
2.46482, 0.390279
2.44676, 0.398686
2.44626, 0.418869
2.44515, 0.440754
2.45983, 0.481636
2.45764, 0.511122
2.45094, 0.539436
2.45502, 0.589843
2.44525, 0.627672
2.45014, 0.708021
2.4457, 0.793498
2.4524, 0.957092
2.4564, 1.21395
2.45107, 1.65493
2.32252, 1.23103
2.25497, 1.15137
2.19491, 1.12576
2.12791, 1.17188
1.79866, 2.42233
1.63842, 2.42318
1.47108, 2.42525
1.29856, 2.41863
1.11705, 2.40986
1.8202, 0.963447
1.80555, 0.886254
1.76297, 0.85409
1.69625, 0.846371
0.916188, 1.47306
0.861038, 1.35653
0.0492477, 1.75459
0.0497645, 1.5398
0.0349021, 1.34925
0.0267149, 1.16656
0.0630649, 0.978379
0.042668, 0.8176
0.0363963, 0.657034
0.0348698, 0.498996
0.0533738, 0.342357
0.0590192, 0.188558
0.0624069, 0.034515
0.837944, 0.0165474
1.25351, 0.0175455
1.4918, 0.0197772
1.62918, 0.0152125
1.73772, 0.0160314
1.82653, 0.0211974
1.90508, 0.0328114
1.94517, 0.026885
1.96987, 0.0122658
2.00447, 0.00968887
2.03844, 0.0111825
2.08073, 0.0296807
2.1051, 0.0298169
2.11887, 0.0136718
2.13946, 0.0103021
2.16158, 0.0133471
2.18353, 0.0211345
2.20258, 0.0241781
2.21695, 0
2.23712, 0.0170503
2.25484, 0.010052
2.26926, 0.0106168
2.28729, 0.0125578
2.29981, 0.0418256
2.32337, 0.0176853
2.33736, 0.032859
2.35707, 0.031558
2.38187, 0.0232477
2.40932, 0.0156524
2.4303, 0.0221046
2.45659, 0.0236567
2.46549, 0.0466417
2.453, 0.0871657
2.44356, 0.118755
2.45095, 0.134245
2.44373, 0.15787
2.45854, 0.167741
2.45242, 0.187566
2.44933, 0.204439
2.46579, 0.215123
2.43372, 0.236544
2.44878, 0.247768
2.46466, 0.260879
2.43691, 0.274842
2.45241, 0.289289
2.45544, 0.303991
2.44781, 0.316878
2.43652, 0.327955
2.45061, 0.348044
2.44788, 0.363206
2.46162, 0.388451
2.44666, 0.398615
2.45991, 0.429453
2.4367, 0.4332
2.45072, 0.472269
2.43793, 0.487787
2.45527, 0.545355
2.45526, 0.590229
2.45353, 0.643145
2.45193, 0.71201
2.45317, 0.813873
2.44917, 0.945945
2.45002, 1.18426
2.45144, 1.65754
2.32258, 1.23199
2.25497, 1.15086
2.19248, 1.16136
2.12751, 1.17473
1.79825, 2.42426
1.63683, 2.42876
1.4737, 2.41804
1.29879, 2.41812
1.11014, 2.42288
1.82633, 0.953623
1.80178, 0.891455
1.76756, 0.848617
1.69888, 0.843647
0.93732, 1.45404
0.870162, 1.3494
0.0541715, 1.75127
0.0567354, 1.53578
0.0555587, 1.33919
0.0604374, 1.15297
0.0686296, 0.976578
0.0364792, 0.819135
0.0766621, 0.649994
0.0604815, 0.496345
0.0358847, 0.342937
0.0531216, 0.188341
0.0387575, 0.0319799
0.855226, 0.0196345
1.25836, 0.0187674
1.49768, 0.0217037
1.64222, 0.0205216
1.75665, 0.025334
1.81525, 0.0146384
1.89396, 0.0252589
1.94677, 0.0281494
1.96013, 0.00343533
2.01152, 0.0170407
2.05357, 0.0293473
2.08108, 0.0301724
2.10357, 0.0273363
2.11514, 0.00657856
2.15046, 0.035313
2.16147, 0.0130595
2.1837, 0.0217318
2.20077, 0.0154674
2.21583, 0
2.23742, 0.021624
2.25487, 0.00401003
2.2688, 0.01811
2.28432, 0.0350951
2.3045, 0.0187803
2.32349, 0.017252
2.33513, 0.0391533
2.36404, 0.0155575
2.38129, 0.0243602
2.40447, 0.023541
2.43109, 0.0209932
2.46238, 0.0166599
2.44918, 0.0637732
2.4527, 0.0874448
2.45375, 0.110682
2.44788, 0.136349
2.44729, 0.155787
2.43561, 0.179108
2.45415, 0.186852
2.4529, 0.203252
2.43542, 0.222886
2.43524, 0.236267
2.44737, 0.247924
2.44358, 0.261729
2.44098, 0.274963
2.46668, 0.290715
2.46336, 0.305348
2.4594, 0.31971
2.47573, 0.340496
2.43592, 0.342186
2.46481, 0.371375
2.45085, 0.382292
2.45774, 0.406029
2.46586, 0.434063
2.46106, 0.454976
2.45486, 0.476525
2.44949, 0.501472
2.45449, 0.544289
2.44587, 0.575305
2.4526, 0.641402
2.44266, 0.691348
2.45695, 0.824176
2.45083, 0.951673
2.45525, 1.20861
2.4516, 1.65862
2.32293, 1.23676
2.25498, 1.15682
2.19415, 1.13697
2.12634, 1.18319
1.79516, 2.4389
1.63575, 2.43254
1.47481, 2.41497
1.29799, 2.41991
1.11261, 2.41823
1.82605, 0.954078
1.80447, 0.887747
1.76111, 0.85631
1.71311, 0.828909
0.93626, 1.45499
0.853919, 1.36209
0.0555306, 1.75035
0.0541636, 1.53726
0.0599512, 1.33705
0.0626782, 1.15207
0.049137, 0.982887
0.0612686, 0.812988
0.0584296, 0.653182
0.0630143, 0.496083
0.045853, 0.342607
0.0404202, 0.187873
0.0255949, 0.0305687
0.859728, 0.0204387
1.26422, 0.0202428
1.48984, 0.0191336
1.64589, 0.022015
1.74853, 0.0213451
1.82626, 0.021042
1.88767, 0.0209885
1.94621, 0.0277084
1.97924, 0.0207652
2.00644, 0.0117476
2.04389, 0.0177286
2.07868, 0.0268357
2.08894, 0.0037065
2.13087, 0.0364845
2.13816, 0.00735023
2.16468, 0.0220059
2.18284, 0.0186812
2.20001, 0.0118156
2.21867, 0.0125231
2.23759, 0.0243693
2.25477, 0.0222672
2.26864, 0.0208229
2.28552, 0.0259548
2.30652, 0.00888077
2.32615, 0.00765636
2.34395, 0.0143082
2.36163, 0.0210964
2.3752, 0.0360329
2.41119, 0.0126048
2.42704, 0.0266537
2.44744, 0.0347356
2.45921, 0.0532401
2.44505, 0.0944266
2.44172, 0.120209
2.44268, 0.139906
2.45104, 0.153589
2.44367, 0.175111
2.43552, 0.194516
2.44829, 0.204783
2.45831, 0.217036
2.4561, 0.232466
2.44426, 0.248267
2.46746, 0.260766
2.45984, 0.275522
2.44546, 0.288593
2.44818, 0.302749
2.47129, 0.322613
2.44416, 0.330397
2.44585, 0.346145
2.43583, 0.357392
2.45309, 0.383571
2.44798, 0.399501
2.45725, 0.427385
2.45619, 0.450623
2.46001, 0.481826
2.44563, 0.496902
2.45754, 0.548458
2.45931, 0.596663
2.45469, 0.645316
2.4509, 0.709723
2.45572, 0.820803
2.45097, 0.952156
2.44931, 1.18095
2.45437, 1.67804
2.32276, 1.23438
2.25497, 1.14917
2.19352, 1.14611
2.12964, 1.15943
1.80128, 2.40991
1.63257, 2.44366
1.47156, 2.42392
1.30318, 2.40823
1.11134, 2.42062
1.82362, 0.957962
1.79724, 0.897705
1.75869, 0.85919
1.6993, 0.843217
0.92977, 1.46083
0.864217, 1.35405
0.0456135, 1.75704
0.0493526, 1.54003
0.0590813, 1.33748
0.0464961, 1.15859
0.0329984, 0.988111
0.0570912, 0.814024
0.0532118, 0.654094
0.0658143, 0.495794
0.0380517, 0.342866
0.0493472, 0.188202
0.0542894, 0.0336449
0.850024, 0.0187053
1.26802, 0.0212015
1.49887, 0.022093
1.63399, 0.0171694
1.74872, 0.0214347
1.80924, 0.0111424
1.88948, 0.0222184
1.93415, 0.0182226
1.9879, 0.028621
2.02433, 0.0304108
2.04763, 0.0222129
2.07619, 0.023392
2.09738, 0.0173432
2.11289, 0.00230184
2.13725, 0.00528373
2.1622, 0.015085
2.18182, 0.0150764
2.19947, 0.00919864
2.21752, 0.0040596
2.23715, 0.0174469
2.25475, 0.02674
2.26883, 0.0176225
2.28836, 0.00444793
2.30462, 0.0182294
2.32341, 0.0175397
2.34495, 0.0114698
2.36409, 0.0154439
2.38575, 0.0158155
2.39983, 0.0310916
2.42785, 0.0255214
2.46098, 0.018355
2.45124, 0.0616167
2.453, 0.0871703
2.457, 0.108106
2.44464, 0.138566
2.45774, 0.149659
2.4516, 0.171184
2.44833, 0.189247
2.46145, 0.200418
2.45846, 0.216997
2.44403, 0.234666
2.45519, 0.247058
2.43765, 0.261968
2.46524, 0.275682
2.45796, 0.289843
2.44758, 0.302645
2.45334, 0.318228
2.46859, 0.338212
2.46073, 0.352079
2.44493, 0.361783
2.43863, 0.375301
2.43902, 0.393507
2.45564, 0.426143
2.47405, 0.466583
2.4607, 0.482536
2.46154, 0.515733
2.4465, 0.533368
2.44523, 0.57428
2.45128, 0.638936
2.45665, 0.722527
2.44777, 0.799146
2.45141, 0.953692
2.45493, 1.20713
2.44942, 1.64338
2.32218, 1.2264
2.25498, 1.15829
2.19404, 1.13857
2.12606, 1.18518
1.80067, 2.41283
1.63969, 2.41875
1.47227, 2.42198
1.29591, 2.4246
1.1107, 2.42184
1.82165, 0.961127
1.78977, 0.907997
1.76239, 0.854776
1.69641, 0.846207
0.926037, 1.46419
0.852411, 1.36326
0.0484684, 1.75511
0.0526124, 1.53816
0.0396832, 1.34692
0.0355366, 1.16301
0.0416877, 0.985299
0.0338752, 0.81978
0.0640809, 0.652194
0.0472007, 0.49772
0.068071, 0.34187
0.0526039, 0.188322
0.0525245, 0.0334556
0.855267, 0.0196417
1.25945, 0.0190425
1.49098, 0.0195079
1.63448, 0.0173712
1.73583, 0.0151021
1.82562, 0.0206682
1.89378, 0.0251336
1.93816, 0.0213703
1.97344, 0.0155014
2.00514, 0.0103866
2.04459, 0.0185613
2.07664, 0.0240131
2.10138, 0.0238087
2.12322, 0.0219333
2.14808, 0.0298966
2.16215, 0.0149378
2.18176, 0.0148577
2.20325, 0.0274452
2.21983, 0.0211255
2.23712, 0.0170325
2.25479, 0.018818
2.26836, 0.025282
2.28638, 0.0194548
2.30468, 0.0179365
2.31758, 0.0385245
2.3408, 0.023174
2.36572, 0.0117172
2.38344, 0.0202355
2.41603, 0.00472983
2.42776, 0.0256499
2.45164, 0.029648
2.46244, 0.0498471
2.45383, 0.0864076
2.4424, 0.11967
2.45438, 0.131902
2.44981, 0.154309
2.46326, 0.165404
2.44737, 0.189641
2.44552, 0.205701
2.46654, 0.214932
2.4429, 0.234872
2.47057, 0.245355
2.4681, 0.26074
2.45563, 0.275397
2.44804, 0.288851
2.45015, 0.303086
2.45878, 0.319558
2.44495, 0.330652
2.45154, 0.348415
2.44662, 0.362599
2.45683, 0.38571
2.4362, 0.391622
2.47142, 0.438369
2.4498, 0.44491
2.45261, 0.474212
2.45731, 0.510732
2.445, 0.531313
2.44799, 0.57867
2.4489, 0.634498
2.45339, 0.715269
2.45506, 0.819003
2.4559, 0.969184
2.4511, 1.18932
2.45106, 1.65487
2.32473, 1.26181
2.25501, 1.17514
2.19347, 1.14691
2.12879, 1.16551
1.80389, 2.39755
1.64002, 2.4176
1.47193, 2.42292
1.29883, 2.41803
1.11292, 2.41766
1.82482, 0.956042
1.79474, 0.90115
1.76165, 0.855665
1.70704, 0.835197
0.927607, 1.46278
0.853722, 1.36224
0.0461098, 1.7567
0.0632726, 1.53201
0.0632582, 1.33544
0.0434912, 1.1598
0.0615883, 0.978857
0.0598519, 0.813339
0.0654865, 0.651948
0.0463769, 0.497805
0.0446103, 0.342648
0.037923, 0.187781
0.0329265, 0.0313547
0.852796, 0.0192005
1.25858, 0.0188239
1.48856, 0.0187159
1.62793, 0.0147005
1.73167, 0.0130616
1.83031, 0.0233916
1.8757, 0.0128545
1.93953, 0.022451
1.98198, 0.023251
1.99969, 0.0046989
2.04555, 0.0197166
2.07651, 0.0238298
2.10171, 0.0243388
2.11912, 0.0141512
2.14698, 0.0273917
2.16524, 0.0235607
2.18172, 0.0147126
2.19948, 0.00925188
2.21766, 0.00508462
2.23665, 0.00972083
2.25475, 0.0268288
2.26819, 0.0280353
2.28482, 0.0312525
2.30476, 0.0175162
2.3251, 0.0114672
2.34952, 0
2.3652, 0.0129115
2.38534, 0.0165982
2.41034, 0.0139888
2.43969, 0.00897762
2.44741, 0.0347666
2.44934, 0.063604
2.44795, 0.0917824
2.45639, 0.108585
2.46684, 0.123371
2.46751, 0.143937
2.44, 0.176934
2.44804, 0.189367
2.44996, 0.204227
2.46439, 0.215481
2.45531, 0.23261
2.44844, 0.247805
2.44676, 0.261601
2.44672, 0.275133
2.45907, 0.289955
2.44527, 0.30225
2.45399, 0.318388
2.44518, 0.330723
2.46306, 0.35301
2.46354, 0.370757
2.46236, 0.388871
2.44134, 0.39506
2.45286, 0.423984
2.43652, 0.433042
2.45477, 0.476434
2.45698, 0.510335
2.44693, 0.533947
2.45341, 0.587283
2.44868, 0.634084
2.4502, 0.708158
2.45449, 0.817466
2.45265, 0.957965
2.45214, 1.19415
2.45114, 1.65545
2.3233, 1.24192
2.25501, 1.17349
2.19364, 1.14433
2.12835, 1.16874
1.79882, 2.42157
1.63762, 2.426
1.46911, 2.43068
1.2996, 2.41629
1.10907, 2.42491
1.82749, 0.951759
1.80236, 0.890661
1.74993, 0.869637
1.69925, 0.843268
0.915464, 1.47371
0.85639, 1.36016
0.0554697, 1.75039
0.0445039, 1.54283
0.0491052, 1.34233
0.0687217, 1.14964
0.0374026, 0.986686
0.0560316, 0.814286
0.0582755, 0.653209
0.0452393, 0.497923
0.0665073, 0.341922
0.0579785, 0.18852
0.0701907, 0.0353496
0.860683, 0.0206094
1.25476, 0.0178605
1.50662, 0.0246352
1.62608, 0.0139505
1.74332, 0.0187822
1.83114, 0.0238742
1.88729, 0.0207289
1.93996, 0.0227861
1.97035, 0.0127014
2.01028, 0.0157533
2.05384, 0.0296757
2.07259, 0.0183838
2.08968, 0.00491068
2.11496, 0.00624041
2.1391, 0.0094726
2.16339, 0.0184022
2.18248, 0.0174126
2.20029, 0.0131737
2.22029, 0.0244996
2.23734, 0.0204085
2.25486, 0.00580711
2.26871, 0.0196166
2.28892, 0.000201606
2.30078, 0.0370519
2.32177, 0.0234293
2.34447, 0.0128387
2.36157, 0.0212372
2.37794, 0.0307784
2.41098, 0.0129398
2.43617, 0.0138964
2.44315, 0.0399134
2.45437, 0.0583282
2.45228, 0.0878205
2.43125, 0.12851
2.45971, 0.128251
2.46706, 0.144199
2.43413, 0.179843
2.45144, 0.187969
2.45682, 0.201952
2.45413, 0.218104
2.45104, 0.233389
2.45621, 0.246944
2.45768, 0.26116
2.44739, 0.275153
2.45818, 0.289865
2.46208, 0.305129
2.46452, 0.32096
2.44605, 0.331001
2.4558, 0.350115
2.47264, 0.375151
2.44737, 0.380303
2.44946, 0.400491
2.46542, 0.433725
2.4423, 0.438207
2.44503, 0.466423
2.4497, 0.501722
2.44809, 0.535532
2.44942, 0.580949
2.45689, 0.649423
2.45113, 0.710223
2.45461, 0.8178
2.45192, 0.955442
2.44846, 1.17701
2.4508, 1.65302
2.32305, 1.23852
2.25499, 1.16342
2.19417, 1.13672
2.12794, 1.17165
1.79757, 2.4275
1.63816, 2.42411
1.47349, 2.4186
1.29717, 2.42176
1.10697, 2.42886
1.82549, 0.95497
1.80544, 0.886414
1.75621, 0.86215
1.70918, 0.832979
0.930839, 1.45987
0.851971, 1.36361
0.0641727, 1.74453
0.038149, 1.54649
0.0515014, 1.34117
0.0483257, 1.15785
0.0498729, 0.982649
0.0547366, 0.814608
0.0507712, 0.654521
0.0530534, 0.497114
0.0662809, 0.341929
0.0527904, 0.188329
0.0535903, 0.03357
0.856679, 0.019894
1.24693, 0.0158891
1.48811, 0.0185678
1.6527, 0.0247879
1.7446, 0.0194098
1.82439, 0.0199549
1.87557, 0.0127701
1.93648, 0.020054
1.97879, 0.0203562
2.01908, 0.0249263
2.04425, 0.0181571
2.06818, 0.0122659
2.07636, 0
2.11263, 0.00181717
2.14285, 0.0180002
2.16878, 0.0334131
2.18556, 0.0283404
2.20174, 0.0201532
2.21831, 0.00988997
2.23748, 0.0225431
2.25485, 0.00762634
2.26857, 0.0219701
2.28464, 0.0326755
2.305, 0.0163529
2.32582, 0.00885687
2.34533, 0.0104055
2.36192, 0.0204284
2.38691, 0.0135824
2.40258, 0.0266149
2.43456, 0.0161503
2.44783, 0.0342626
2.46113, 0.0512231
2.44723, 0.0924397
2.44662, 0.116327
2.45148, 0.133881
2.45026, 0.154045
2.4643, 0.16489
2.4586, 0.185024
2.44957, 0.204358
2.45004, 0.219149
2.43205, 0.236848
2.47188, 0.24521
2.46272, 0.260957
2.44413, 0.275056
2.45543, 0.28959
2.44711, 0.302564
2.45856, 0.319503
2.45318, 0.333283
2.45536, 0.349938
2.44176, 0.360254
2.44561, 0.379294
2.46034, 0.407763
2.45622, 0.426586
2.43879, 0.435072
2.4455, 0.466897
2.45674, 0.510059
2.44202, 0.527239
2.44447, 0.57308
2.44082, 0.619404
2.45662, 0.722468
2.45239, 0.811727
2.44894, 0.945122
2.45423, 1.20389
2.45241, 1.66434
2.32379, 1.24871
2.25496, 1.14665
2.19418, 1.13652
2.12761, 1.17402
1.7996, 2.41789
1.64069, 2.41526
1.4722, 2.42216
1.29696, 2.42223
1.11601, 2.41183
1.82229, 0.9601
1.80177, 0.891467
1.75314, 0.865814
1.69405, 0.848647
0.927295, 1.46306
0.856604, 1.35999
0.0606172, 1.74693
0.0405961, 1.54508
0.0444756, 1.34459
0.053929, 1.1556
0.0587679, 0.97977
0.0679649, 0.811327
0.0586515, 0.653143
0.0492893, 0.497504
0.0445741, 0.342649
0.0738797, 0.189106
0.0413229, 0.0322549
0.839332, 0.0167954
1.26562, 0.0205952
1.48522, 0.0176217
1.64675, 0.022366
1.74083, 0.0175575
1.82876, 0.022494
1.88378, 0.0183427
1.93027, 0.015169
1.97566, 0.0175223
2.01102, 0.0165253
2.05215, 0.0276486
2.07255, 0.0183285
2.0995, 0.0207724
2.12472, 0.0247796
2.14577, 0.0246367
2.16252, 0.0159638
2.18832, 0.0381472
2.20359, 0.0290714
2.22108, 0.0303819
2.23737, 0.0209465
2.25484, 0.0106037
2.26861, 0.0211916
2.28421, 0.035873
2.30418, 0.0203461
2.3295, 0
2.34154, 0.0210967
2.36128, 0.0219105
2.38509, 0.0170654
2.40408, 0.0241711
2.43112, 0.0209542
2.45455, 0.0261319
2.45103, 0.0618306
2.44601, 0.0935467
2.44629, 0.116589
2.45992, 0.128104
2.45245, 0.152759
2.45163, 0.171165
2.44099, 0.192266
2.46164, 0.200356
2.45255, 0.218508
2.45784, 0.232148
2.45454, 0.24713
2.45499, 0.261269
2.45267, 0.275309
2.44762, 0.28881
2.43882, 0.301145
2.44738, 0.316773
2.46227, 0.336191
2.44445, 0.345586
2.44806, 0.363292
2.44991, 0.381751
2.44041, 0.394439
2.46235, 0.431341
2.44603, 0.441544
2.45514, 0.476816
2.45663, 0.509928
2.44853, 0.536139
2.45798, 0.594557
2.45848, 0.65238
2.45999, 0.72998
2.45011, 0.805533
2.45296, 0.959034
2.45129, 1.19018
2.44914, 1.64141
2.32343, 1.24375
2.25495, 1.13857
2.19343, 1.14741
2.12841, 1.1683
1.79901, 2.42068
1.63755, 2.42624
1.4691, 2.43069
1.30832, 2.39666
1.10518, 2.43223
1.82276, 0.959346
1.80041, 0.893343
1.76921, 0.846653
1.70058, 0.841887
0.925601, 1.46458
0.857978, 1.35892
0.0497394, 1.75426
0.0363036, 1.54756
0.06396, 1.3351
0.0573508, 1.15422
0.0321771, 0.988377
0.040074, 0.818243
0.0575865, 0.653329
0.0602927, 0.496365
0.0377624, 0.342875
0.065972, 0.188814
0.0615244, 0.0344206
0.831921, 0.0154715
1.25306, 0.0174331
1.48858, 0.0187215
1.62296, 0.0126793
1.7301, 0.0122877
1.82224, 0.0187028
1.88975, 0.0223951
1.93006, 0.0150035
1.9634, 0.00640379
2.01226, 0.0178189
2.04278, 0.0163925
2.07169, 0.0171376
2.09512, 0.0136896
2.12758, 0.0302298
2.14289, 0.0181044
2.16858, 0.0328688
2.18893, 0.0403105
2.20226, 0.0226784
2.21969, 0.0200557
2.23735, 0.0205257
2.25478, 0.0210723
2.26832, 0.0260406
2.28541, 0.0268021
2.30169, 0.0325933
2.32844, 0
2.34034, 0.0244846
2.35945, 0.0260935
2.38478, 0.0176721
2.40489, 0.022858
2.42879, 0.0242183
2.45223, 0.0289418
2.44472, 0.0684593
2.45349, 0.0867178
2.44547, 0.117243
2.45603, 0.130767
2.44691, 0.156006
2.4536, 0.170192
2.46208, 0.183593
2.45178, 0.203624
2.44636, 0.22009
2.43935, 0.235519
2.45601, 0.246967
2.43972, 0.261885
2.45469, 0.275369
2.44318, 0.288366
2.44863, 0.302826
2.46398, 0.320827
2.4651, 0.337096
2.44377, 0.345313
2.46046, 0.369273
2.44986, 0.381725
2.44426, 0.397012
2.45589, 0.426334
2.43721, 0.433662
2.45127, 0.472838
2.45404, 0.506856
2.45313, 0.542429
2.44818, 0.578968
2.45919, 0.653717
2.44964, 0.706907
2.45197, 0.810589
2.45403, 0.962731
2.45595, 1.21187
2.45195, 1.66113
2.32313, 1.23963
2.25496, 1.14643
2.19329, 1.14948
2.12827, 1.16927
1.79865, 2.42238
1.64445, 2.40208
1.47124, 2.42481
1.2969, 2.42237
1.11548, 2.41283
1.83238, 0.943931
1.7964, 0.898866
1.76026, 0.85732
1.68608, 0.8569
0.936141, 1.4551
0.846665, 1.36775
0.0472598, 1.75593
0.0507162, 1.53925
0.050718, 1.34155
0.050864, 1.15683
0.0540469, 0.981298
0.0573444, 0.813961
0.0562638, 0.65356
0.0561492, 0.496794
0.0446613, 0.342646
0.0497526, 0.188217
0.0412768, 0.0322501
0.85262, 0.019169
1.26748, 0.0210639
1.46789, 0.0119405
1.62144, 0.012061
1.75929, 0.0266293
1.81086, 0.012087
1.8823, 0.01734
1.92664, 0.0123097
1.9763, 0.0181018
2.00957, 0.0150053
2.03622, 0.00851201
2.07456, 0.0211216
2.09385, 0.0116398
2.12512, 0.0255527
2.14173, 0.0154681
2.1636, 0.0189885
2.18101, 0.0121924
2.2028, 0.0252774
2.21883, 0.0137143
2.23672, 0.0109132
2.25489, 0
2.26815, 0.0286903
2.28795, 0.00756486
2.30376, 0.0224143
2.32292, 0.0192857
2.34437, 0.0131189
2.35327, 0.0402723
2.38441, 0.0183778
2.4128, 0.00998407
2.43476, 0.0158684
2.44407, 0.0388052
2.45737, 0.0551761
2.45405, 0.0862042
2.4516, 0.112383
2.45091, 0.134271
2.45748, 0.149815
2.4652, 0.164442
2.46063, 0.184187
2.46296, 0.199919
2.45786, 0.217149
2.45669, 0.232358
2.44431, 0.248262
2.46518, 0.260858
2.44888, 0.275197
2.45472, 0.28952
2.44083, 0.30149
2.43924, 0.314783
2.45803, 0.334833
2.44021, 0.343893
2.45072, 0.364575
2.4488, 0.381119
2.45721, 0.405668
2.45913, 0.428847
2.4589, 0.453043
2.44807, 0.469548
2.4409, 0.491307
2.45194, 0.540806
2.45136, 0.584022
2.45344, 0.642969
2.45426, 0.717195
2.44874, 0.801787
2.45035, 0.950021
2.45307, 1.19846
2.45126, 1.65629
2.32336, 1.24279
2.25499, 1.16413
2.19386, 1.1412
2.13025, 1.15504
1.8008, 2.41218
1.64103, 2.41405
1.47282, 2.42045
1.29462, 2.42751
1.10893, 2.42516
1.82468, 0.956272
1.80493, 0.887113
1.75965, 0.858053
1.69644, 0.84617
0.920159, 1.46948
0.865021, 1.35342
0.0465406, 1.75641
0.0480241, 1.5408
0.0677277, 1.33327
0.0547005, 1.15529
0.0514792, 0.982129
0.0509439, 0.815548
0.062119, 0.652537
0.0488803, 0.497546
0.068223, 0.341865
0.0618375, 0.188662
0.0540999, 0.0336247
0.839775, 0.0168745
1.25059, 0.0168097
1.48292, 0.0168658
1.62773, 0.0146209
1.75985, 0.0269061
1.8111, 0.0122238
1.9015, 0.0303811
1.93168, 0.0162777
1.97442, 0.0163983
2.00494, 0.0101805
2.03965, 0.012625
2.07723, 0.0248296
2.09201, 0.00865948
2.12902, 0.0329591
2.14499, 0.0228806
2.16097, 0.0116512
2.18381, 0.0221394
2.2016, 0.0194815
2.21908, 0.015597
2.23704, 0.0157935
2.25472, 0.0310508
2.26922, 0.0113038
2.2845, 0.0337427
2.305, 0.0163476
2.32466, 0.0130222
2.34739, 0.00458999
2.36441, 0.0147289
2.38423, 0.0187263
2.40771, 0.0182672
2.42976, 0.0228619
2.44866, 0.0332586
2.45958, 0.0528523
2.44408, 0.0953142
2.45338, 0.110974
2.44682, 0.137071
2.45265, 0.152644
2.44441, 0.174744
2.44914, 0.188915
2.44168, 0.206972
2.45103, 0.218896
2.43863, 0.23565
2.46476, 0.245997
2.45161, 0.261405
2.43351, 0.274741
2.43619, 0.287667
2.4646, 0.30556
2.44623, 0.316493
2.46141, 0.335916
2.46585, 0.354123
2.47022, 0.37398
2.44474, 0.378797
2.44812, 0.399595
2.46219, 0.431216
2.45851, 0.452697
2.448, 0.469472
2.43456, 0.483797
2.44663, 0.53354
2.4461, 0.575673
2.4446, 0.626463
2.44601, 0.698813
2.45353, 0.814836
2.45242, 0.957166
2.45171, 1.19215
2.4521, 1.66217
2.32323, 1.24096
2.25498, 1.15661
2.19383, 1.14164
2.1278, 1.17269
1.79746, 2.42799
1.63932, 2.42005
1.47675, 2.40961
1.29751, 2.42099
1.10839, 2.42618
1.82794, 0.951049
1.79797, 0.896695
1.74958, 0.870053
1.69648, 0.846137
0.924742, 1.46536
0.870858, 1.34886
0.052809, 1.75219
0.0576129, 1.53527
0.0380123, 1.34773
0.0578407, 1.15402
0.0607925, 0.979115
0.0589937, 0.813552
0.0525402, 0.654212
0.0402937, 0.498435
0.0651166, 0.341968
0.0815106, 0.189387
0.0298503, 0.0310252
0.8462, 0.0180222
1.23745, 0.0135017
1.49285, 0.0201203
1.65503, 0.0257384
1.74763, 0.0208986
1.81659, 0.0154181
1.89251, 0.024273
1.93281, 0.0171629
1.98087, 0.0222419
2.00752, 0.0128682
2.04056, 0.0137193
2.07766, 0.0254329
2.09571, 0.0146376
2.12885, 0.0326447
2.1474, 0.0283532
2.16154, 0.0132557
2.18901, 0.0406015
2.2057, 0.0392392
2.22181, 0.0357258
2.23725, 0.0191132
2.25478, 0.0201215
2.2687, 0.0197309
2.28668, 0.0171781
2.30814, 0.000945136
2.32235, 0.0213388
2.34209, 0.0195293
2.36254, 0.0190177
2.38259, 0.0218682
2.40652, 0.0202083
2.4364, 0.0135708
2.44704, 0.0352176
2.4556, 0.0570287
2.44501, 0.0944613
2.45368, 0.110731
2.45052, 0.13454
2.45176, 0.153163
2.43382, 0.179996
2.43877, 0.193177
2.44253, 0.206693
2.45864, 0.216951
2.44474, 0.234536
2.46335, 0.246154
2.4491, 0.261506
2.4544, 0.27536
2.44223, 0.288271
2.44039, 0.301414
2.45267, 0.318064
2.44869, 0.331847
2.45184, 0.348532
2.43367, 0.356349
2.45877, 0.38682
2.43649, 0.391813
2.45169, 0.423077
2.45021, 0.445276
2.46033, 0.48215
2.45496, 0.507945
2.44792, 0.5353
2.44325, 0.571139
2.44988, 0.636322
2.44169, 0.689177
2.45116, 0.808371
2.45645, 0.971105
2.4519, 1.19302
2.45044, 1.65049
2.32307, 1.23869
2.25497, 1.14984
2.1933, 1.14941
2.13012, 1.15602
1.80102, 2.41118
1.64142, 2.41269
1.46943, 2.42981
1.29135, 2.43486
1.10657, 2.42961
1.82574, 0.954564
1.78887, 0.909232
1.76585, 0.850655
1.68989, 0.852955
0.932513, 1.45836
0.859034, 1.35809
0.0613643, 1.74642
0.0533351, 1.53774
0.0555996, 1.33917
0.0465277, 1.15858
0.065441, 0.97761
0.0530972, 0.815014
0.0367292, 0.656976
0.0457095, 0.497874
0.0545843, 0.342317
0.0753583, 0.18916
0.0521282, 0.0334134
0.828647, 0.0148868
1.26153, 0.0195645
1.49151, 0.0196808
1.63144, 0.0161309
1.72889, 0.0116956
1.81654, 0.0153861
1.8876, 0.020935
1.91684, 0.00460326
1.99174, 0.0321037
2.00438, 0.00959715
2.04729, 0.0218111
2.07316, 0.0191787
2.10451, 0.0288562
2.12101, 0.0177316
2.14742, 0.0284041
2.16211, 0.0148463
2.18065, 0.0109274
2.20405, 0.0312731
2.21865, 0.0124329
2.23761, 0.0246578
2.25489, 0.000368579
2.26901, 0.0146741
2.28693, 0.0152663
2.30212, 0.0304595
2.32347, 0.0173159
2.3452, 0.0107858
2.36078, 0.02304
2.38428, 0.0186323
2.41332, 0.00914046
2.42897, 0.0239606
2.46071, 0.0186802
2.45217, 0.0606322
2.45747, 0.0830814
2.44467, 0.117874
2.44594, 0.137671
2.45737, 0.149879
2.46219, 0.165935
2.44031, 0.192545
2.43996, 0.207544
2.45605, 0.217612
2.46149, 0.231483
2.45117, 0.247502
2.46398, 0.260906
2.46607, 0.275707
2.451, 0.289147
2.45271, 0.303524
2.45078, 0.317604
2.44856, 0.331804
2.44167, 0.344477
2.44908, 0.363785
2.43676, 0.374232
2.44148, 0.395149
2.4448, 0.417734
2.47266, 0.465343
2.46376, 0.485679
2.45606, 0.509246
2.44195, 0.527136
2.45343, 0.587322
2.4548, 0.645524
2.45826, 0.726131
2.44757, 0.798594
2.45162, 0.95439
2.45068, 1.18735
2.45235, 1.6639
2.32213, 1.22567
2.25496, 1.14691
2.19411, 1.13748
2.12658, 1.18143
1.80038, 2.41419
1.6432, 2.40645
1.47215, 2.42231
1.30322, 2.40815
1.10729, 2.42825
1.82209, 0.96041
1.79241, 0.904362
1.76388, 0.853004
1.70548, 0.836808
0.916097, 1.47314
0.859514, 1.35772
0.0504492, 1.75378
0.0674003, 1.52963
0.0503105, 1.34175
0.0557421, 1.15487
0.0493277, 0.982826
0.0572206, 0.813992
0.0436826, 0.65576
0.0570677, 0.496699
0.0738627, 0.341678
0.0435827, 0.18799
0.0465234, 0.0328126
0.870171, 0.0223042
1.24787, 0.0161251
1.49513, 0.0208676
1.63497, 0.0175686
1.72546, 0.0100075
1.8311, 0.0238563
1.87776, 0.0142543
1.94442, 0.0263019
1.97527, 0.0171614
2.02492, 0.0310189
2.04345, 0.0171925
2.07348, 0.0196237
2.1017, 0.0243223
2.11509, 0.00648193
2.14574, 0.02457
2.16583, 0.0252061
2.17752, 0
2.20292, 0.0258163
2.21983, 0.0210843
2.23886, 0.0440211
2.25474, 0.0281953
2.26845, 0.023805
2.28622, 0.0206213
2.30388, 0.0218625
2.32269, 0.0201332
2.3411, 0.0223429
2.36687, 0.00906608
2.38035, 0.0261467
2.40366, 0.0248581
2.42999, 0.0225307
2.44781, 0.0342839
2.4525, 0.0602831
2.4472, 0.0924658
2.44888, 0.114538
2.45007, 0.134844
2.4419, 0.158943
2.45312, 0.17043
2.44752, 0.18958
2.43996, 0.207544
2.45051, 0.219027
2.44399, 0.234672
2.44624, 0.248047
2.44945, 0.261492
2.44816, 0.275175
2.45679, 0.289726
2.4377, 0.300953
2.43387, 0.313472
2.46607, 0.337406
2.46222, 0.352674
2.46507, 0.371496
2.44994, 0.381771
2.44161, 0.395237
2.46323, 0.432027
2.45114, 0.44611
2.4588, 0.480577
2.45102, 0.503278
2.45797, 0.54904
2.45374, 0.587813
2.45626, 0.648247
2.45418, 0.717027
2.45781, 0.826525
2.44882, 0.944734
2.45275, 1.197
2.45182, 1.66022
2.3223, 1.22801
2.25498, 1.15667
2.19336, 1.14853
2.12621, 1.1841
1.7972, 2.42926
1.63728, 2.42717
1.4734, 2.41885
1.29915, 2.41731
1.11256, 2.41833
1.82003, 0.963715
1.80143, 0.891933
1.75698, 0.861236
1.68573, 0.857262
0.935821, 1.45539
0.849809, 1.3653
0.0453738, 1.7572
0.0484103, 1.54058
0.0422379, 1.34568
0.0489731, 1.15759
0.0528031, 0.981701
0.0584571, 0.813685
0.051728, 0.654354
0.049327, 0.4975
0.0508985, 0.34244
0.0459443, 0.188077
0.0557905, 0.0338061
0.868194, 0.021951
1.26258, 0.01983
1.4909, 0.0194819
1.64449, 0.021445
1.7372, 0.0157749
1.8183, 0.016412
1.88524, 0.0193346
1.94368, 0.0257186
1.98204, 0.0233067
2.00677, 0.0120851
2.04438, 0.018311
2.06963, 0.0142862
2.09698, 0.0166949
2.12031, 0.0164108
2.14089, 0.0135499
2.16785, 0.0308218
2.18236, 0.0169905
2.19791, 0.00167197
2.21846, 0.011017
2.23691, 0.01372
2.25482, 0.0130879
2.26758, 0.0380764
2.28609, 0.0216063
2.30263, 0.0279761
2.32591, 0.00851811
2.34691, 0.00595592
2.36416, 0.0153026
2.38592, 0.015479
2.42028, 0
2.42392, 0.0310159
2.45625, 0.0240676
2.46163, 0.0506927
2.45864, 0.0820155
2.45106, 0.11281
2.4487, 0.135786
2.45552, 0.150959
2.45372, 0.170129
2.46502, 0.182382
2.46298, 0.199911
2.44713, 0.219892
2.4425, 0.234944
2.45456, 0.247126
2.44354, 0.26173
2.44263, 0.275011
2.46242, 0.290288
2.45358, 0.303673
2.43, 0.312526
2.44935, 0.332057
2.44832, 0.347128
2.45754, 0.367864
2.45463, 0.384454
2.45761, 0.405936
2.46938, 0.43679
2.45295, 0.44773
2.43923, 0.460455
2.44185, 0.492428
2.44683, 0.533812
2.4535, 0.587426
2.45157, 0.639488
2.46039, 0.730868
2.44907, 0.802676
2.45491, 0.96577
2.45186, 1.19283
2.45379, 1.67397
2.32427, 1.25542
2.25497, 1.14985
2.19383, 1.14162
2.1291, 1.16329
1.80172, 2.40785
1.64086, 2.41463
1.47664, 2.40993
1.30428, 2.40577
1.11037, 2.42246
1.8251, 0.955586
1.79742, 0.897457
1.76147, 0.855875
1.69973, 0.842771
0.92684, 1.46347
0.861106, 1.35647
0.0557375, 1.75021
0.0631529, 1.53208
0.0439682, 1.34483
0.0690623, 1.1495
0.0616659, 0.978833
0.0498237, 0.815826
0.0323565, 0.657741
0.0452521, 0.497922
0.0532072, 0.342363
0.0573098, 0.188496
0.0418782, 0.0323148
0.85459, 0.019521
1.26749, 0.0210669
1.483, 0.0168936
1.64708, 0.0225014
1.73493, 0.01466
1.82309, 0.0191939
1.89431, 0.0254969
1.92833, 0.0136418
1.97958, 0.0210766
2.01829, 0.0241044
2.04358, 0.0173476
2.07318, 0.0192122
2.10429, 0.0285077
2.1182, 0.0123877
2.14335, 0.0191379
2.16401, 0.0201415
2.18502, 0.0264149
2.20003, 0.0119166
2.2203, 0.0245973
2.23755, 0.0237113
2.25475, 0.0257211
2.26879, 0.0183771
2.28635, 0.0196829
2.3082, 0.000657801
2.32309, 0.0186799
2.33837, 0.0300181
2.36311, 0.0177114
2.38446, 0.0182747
2.41498, 0.00643368
2.43692, 0.0128392
2.4498, 0.0318728
2.45887, 0.0535993
2.44931, 0.0905331
2.45106, 0.112811
2.46113, 0.12728
2.45233, 0.15283
2.46801, 0.163049
2.44181, 0.191927
2.47783, 0.194986
2.44606, 0.220166
2.43386, 0.236518
2.45947, 0.246583
2.45159, 0.261405
2.45191, 0.275286
2.45096, 0.289143
2.44202, 0.301692
2.45975, 0.319794
2.4616, 0.335975
2.46416, 0.353447
2.46113, 0.369595
2.46442, 0.390049
2.4434, 0.396435
2.45217, 0.423453
2.4368, 0.433289
2.45224, 0.473832
2.4522, 0.504679
2.44826, 0.535771
2.45292, 0.58651
2.45167, 0.639661
2.45154, 0.711129
2.45226, 0.811372
2.45355, 0.961057
2.45086, 1.18816
2.45282, 1.66718
2.32342, 1.24358
2.25498, 1.15773
2.19495, 1.12517
2.12771, 1.17328
1.79791, 2.42589
1.63935, 2.41994
1.47339, 2.41889
1.29826, 2.41932
1.11621, 2.41145
1.82621, 0.953822
1.79884, 0.895501
1.76087, 0.856592
1.6913, 0.851493
0.930492, 1.46018
0.86188, 1.35587
0.0613161, 1.74646
0.0511592, 1.53899
0.0431221, 1.34525
0.0653159, 1.15101
0.0423813, 0.985075
0.0584435, 0.813689
0.0664446, 0.651781
0.0594074, 0.496457
0.0478341, 0.342541
0.0375845, 0.187769
0.0585947, 0.0341068
0.86873, 0.0220467
1.25832, 0.0187579
1.49078, 0.0194416
1.64797, 0.0228621
1.75511, 0.0245727
1.82204, 0.0185879
1.89667, 0.0270987
1.94376, 0.0257785
1.98004, 0.0214926
2.01743, 0.0232085
2.05112, 0.0264121
2.07094, 0.0160992
2.09721, 0.0170711
2.11867, 0.0132945
2.15148, 0.0376161
2.16406, 0.0202679
2.1833, 0.0203219
2.20219, 0.022321
2.21856, 0.011731
2.23702, 0.0155483
2.25478, 0.0211185
2.26885, 0.0172973
2.28474, 0.0318884
2.30361, 0.0231509
2.32695, 0.00478961
2.34773, 0.00363058
2.36178, 0.0207624
2.38502, 0.0172022
2.40709, 0.0192657
2.42867, 0.0243757
2.46457, 0.0140042
2.45487, 0.0578024
2.45793, 0.0826671
2.45622, 0.108722
2.43586, 0.144569
2.43509, 0.162932
2.43108, 0.181353
2.45908, 0.184824
2.44616, 0.205489
2.44549, 0.220311
2.46374, 0.231073
2.45187, 0.247424
2.4555, 0.261248
2.4609, 0.275553
2.43723, 0.28777
2.44663, 0.302482
2.45066, 0.317574
2.45153, 0.332755
2.44098, 0.344203
2.45044, 0.364439
2.44586, 0.379436
2.4552, 0.404325
2.45648, 0.426794
2.44518, 0.440781
2.45266, 0.474268
2.44565, 0.496926
2.45667, 0.547271
2.43799, 0.562772
2.45515, 0.646161
2.45892, 0.727595
2.45195, 0.81054
2.45234, 0.956888
2.45288, 1.19756
2.4524, 1.66426
2.32372, 1.24775
2.25494, 1.13583
2.19311, 1.15221
2.12956, 1.16004
1.79878, 2.42176
1.64314, 2.40665
1.46881, 2.4315
1.29617, 2.42401
1.1211, 2.40225
1.82412, 0.957161
1.81239, 0.876846
1.75973, 0.857953
1.70132, 0.841115
0.929276, 1.46128
0.859579, 1.35767
0.0554329, 1.75042
0.0555136, 1.53648
0.0586644, 1.33768
0.0391129, 1.16157
0.0393196, 0.986066
0.0550188, 0.814538
0.0474612, 0.6551
0.0346189, 0.499022
0.0633623, 0.342026
0.0503701, 0.18824
0.0313576, 0.031187
0.853285, 0.0192878
1.27963, 0.0241234
1.49132, 0.0196194
1.63974, 0.0195104
1.73401, 0.014207
1.81585, 0.0149884
1.89756, 0.0277051
1.93824, 0.021439
1.98466, 0.0256809
2.00897, 0.0143785
2.05348, 0.0292421
2.07727, 0.0248822
2.09977, 0.0211924
2.11816, 0.012325
2.14151, 0.0149602
2.15772, 0.0025877
2.18032, 0.00974953
2.20291, 0.0257663
2.21968, 0.0199842
2.23743, 0.0218653
2.25481, 0.0155832
2.26804, 0.0306379
2.28374, 0.0394508
2.30765, 0.00333511
2.32043, 0.0282472
2.34095, 0.0227616
2.36315, 0.0176094
2.38214, 0.0227236
2.41046, 0.0137893
2.43265, 0.0188205
2.45251, 0.0285968
2.44304, 0.0702217
2.45572, 0.0846857
2.45063, 0.113151
2.44562, 0.137893
2.44115, 0.159382
2.45848, 0.167772
2.46284, 0.18328
2.47167, 0.19703
2.44403, 0.220683
2.44314, 0.234827
2.44036, 0.248699
2.44279, 0.26176
2.4532, 0.275324
2.44041, 0.288088
2.45011, 0.303078
2.43649, 0.314113
2.44496, 0.330655
2.45587, 0.350141
2.44922, 0.36385
2.45058, 0.382137
2.44782, 0.399389
2.45252, 0.423724
2.46225, 0.456039
2.44372, 0.465075
2.43144, 0.480103
2.45533, 0.545436
2.45208, 0.585174
2.44863, 0.633987
2.45183, 0.711779
2.45417, 0.816585
2.45075, 0.951394
2.44916, 1.18026
2.4516, 1.65862
2.32244, 1.22991
2.25499, 1.16004
2.19315, 1.15163
2.12892, 1.1646
1.79934, 2.41912
1.63798, 2.42473
1.47136, 2.42447
1.3006, 2.41404
1.11721, 2.40956
1.82597, 0.954204
1.80031, 0.893473
1.76021, 0.857379
1.69546, 0.847189
0.92161, 1.46818
0.845025, 1.36903
0.0504529, 1.75378
0.045325, 1.54236
0.0398311, 1.34685
0.0541277, 1.15552
0.0336905, 0.987888
0.0423413, 0.817682
0.0491003, 0.654813
0.0559223, 0.496818
0.0565085, 0.342254
0.0406497, 0.187882
0.0413423, 0.0322575
0.86012, 0.0205089
1.27654, 0.0233468
1.47389, 0.0139063
1.64962, 0.0235353
1.74824, 0.0211997
1.81971, 0.0172321
1.86942, 0.00859337
1.91324, 0.00176909
1.96827, 0.0108146
2.01124, 0.0167531
2.0495, 0.0244652
2.0753, 0.022149
2.10437, 0.0286251
2.1224, 0.0203747
2.13609, 0.00265185
2.16704, 0.0285836
2.18471, 0.0253383
2.202, 0.0213907
2.22251, 0.0409265
2.2375, 0.0229262
2.25475, 0.0261046
2.26877, 0.0186378
2.28838, 0.00429343
2.30569, 0.0129447
2.32293, 0.0192642
2.34305, 0.0168351
2.36013, 0.0245376
2.38812, 0.0112634
2.39592, 0.0374632
2.42851, 0.0246002
2.45356, 0.0273288
2.44951, 0.0634269
2.45937, 0.0813493
2.47425, 0.0944375
2.44964, 0.13514
2.4716, 0.141538
2.45481, 0.169591
2.46425, 0.1827
2.45958, 0.201037
2.44867, 0.219498
2.44779, 0.233979
2.43687, 0.249085
2.45242, 0.261372
2.45277, 0.275312
2.4552, 0.289567
2.47098, 0.306652
2.46237, 0.320434
2.46351, 0.336586
2.43914, 0.343466
2.46573, 0.371816
2.45553, 0.384965
2.43804, 0.392851
2.44601, 0.418675
2.44632, 0.441804
2.46134, 0.483188
2.4425, 0.493198
2.45172, 0.540495
2.45246, 0.585782
2.44771, 0.632273
2.45458, 0.717913
2.45083, 0.807486
2.45118, 0.952885
2.45151, 1.19121
2.45326, 1.67025
2.32321, 1.24073
2.255, 1.16988
2.19378, 1.14235
2.12958, 1.15984
1.79995, 2.41624
1.64135, 2.41292
1.47345, 2.41873
1.30132, 2.41242
1.10447, 2.43357
1.82318, 0.958671
1.79456, 0.901399
1.76828, 0.847765
1.70634, 0.835926
0.933434, 1.45753
0.859159, 1.35799
0.0578978, 1.74876
0.0571139, 1.53556
0.047414, 1.34316
0.0587386, 1.15366
0.0598849, 0.979409
0.0372202, 0.818952
0.055765, 0.653648
0.0538581, 0.497031
0.0515297, 0.342419
0.0520279, 0.188301
0.0601211, 0.0342706
0.842878, 0.017429
1.26348, 0.0200571
1.50373, 0.0236858
1.63865, 0.0190677
1.74421, 0.0192198
1.81425, 0.0140555
1.88329, 0.0180139
1.93833, 0.0215078
1.96959, 0.0120179
2.02233, 0.028324
2.04208, 0.0155448
2.07332, 0.0194057
2.10166, 0.0242507
2.12633, 0.027848
2.13632, 0.00316775
2.1661, 0.0259453
2.1841, 0.0231507
2.20005, 0.0119855
2.22066, 0.0272198
2.2377, 0.0259494
2.25475, 0.0264087
2.26866, 0.0204673
2.28796, 0.00744092
2.30653, 0.00883339
2.32775, 0.00191275
2.34206, 0.0196292
2.36218, 0.019843
2.37995, 0.0269281
2.41443, 0.00732353
2.44479, 0.00184606
2.46203, 0.0170755
2.45204, 0.0607665
2.45816, 0.0824576
2.43017, 0.129361
2.46789, 0.122652
2.45472, 0.151429
2.4617, 0.166176
2.45923, 0.184763
2.43998, 0.207536
2.44275, 0.221012
2.45801, 0.232117
2.44304, 0.248401
2.45056, 0.261447
2.45072, 0.275251
2.45122, 0.289169
2.45852, 0.304519
2.45015, 0.31745
2.4584, 0.334952
2.44671, 0.346488
2.45646, 0.367345
2.44394, 0.378341
2.44722, 0.398989
2.45775, 0.427774
2.4317, 0.428737
2.43895, 0.460169
2.45339, 0.506085
2.45052, 0.538853
2.45532, 0.59033
2.45418, 0.644362
2.44994, 0.707575
2.45451, 0.817515
2.45627, 0.970463
2.4529, 1.19766
2.44819, 1.6347
2.32168, 1.21942
2.255, 1.1655
2.19376, 1.14258
2.12725, 1.17661
1.80388, 2.39761
1.63768, 2.42579
1.47778, 2.40678
1.29893, 2.4178
1.11047, 2.42228
1.82825, 0.950544
1.79165, 0.905407
1.75879, 0.859074
1.69702, 0.845577
0.927551, 1.46283
0.862338, 1.35551
0.052185, 1.75261
0.0484944, 1.54053
0.0563834, 1.33879
0.0488844, 1.15763
0.0484029, 0.983126
0.0534099, 0.814937
0.063993, 0.65221
0.0513312, 0.497293
0.0500153, 0.342469
0.0468308, 0.18811
0.0559412, 0.0338226
0.832918, 0.0156498
1.26477, 0.0203823
1.47988, 0.01587
1.63716, 0.0184588
1.75272, 0.0234031
1.82109, 0.0180342
1.87739, 0.0140033
1.92727, 0.0128064
1.96174, 0.00489347
2.00323, 0.00839759
2.04147, 0.0148165
2.06669, 0.0101935
2.09459, 0.0128297
2.12246, 0.0204995
2.14351, 0.0195153
2.1648, 0.0223356
2.18001, 0.00863785
2.20183, 0.0205622
2.21913, 0.0159527
2.23709, 0.0166364
2.25489, 0.000377614
2.2687, 0.0197701
2.28695, 0.0151266
2.30285, 0.0269131
2.32835, 0
2.34529, 0.0105137
2.36009, 0.0246364
2.38362, 0.0198864
2.39479, 0.0392874
2.43684, 0.0129588
2.44523, 0.0373969
2.44986, 0.063063
2.45273, 0.0874092
2.45585, 0.109017
2.44977, 0.135053
2.44113, 0.159396
2.4579, 0.168059
2.45349, 0.187125
2.45584, 0.202279
2.46576, 0.215131
2.46089, 0.231593
2.45494, 0.247084
2.45483, 0.261274
2.44779, 0.275164
2.44419, 0.288466
2.44891, 0.302873
2.45134, 0.317739
2.45383, 0.33349
2.44385, 0.345348
2.46124, 0.36965
2.47158, 0.394142
2.45632, 0.405077
2.45523, 0.425818
2.45062, 0.445642
2.4505, 0.472047
2.46136, 0.515521
2.46172, 0.554177
2.45011, 0.582044
2.45869, 0.652776
2.44906, 0.705608
2.44304, 0.786243
2.45245, 0.957251
2.45498, 1.20736
2.45122, 1.65596
2.32358, 1.24584
2.25498, 1.15817
2.1938, 1.14206
2.12952, 1.16029
1.7991, 2.42024
1.63809, 2.42434
1.47624, 2.41102
1.30005, 2.41527
1.11078, 2.42168
1.82553, 0.954899
1.7933, 0.903135
1.74796, 0.871986
1.70749, 0.834728
0.924674, 1.46542
0.849764, 1.36533
0.0420788, 1.75942
0.060797, 1.53344
0.0610823, 1.3365
0.058052, 1.15394
0.0514869, 0.982128
0.0482895, 0.816207
0.0566145, 0.6535
0.0596318, 0.496434
0.0651642, 0.341967
0.0544402, 0.18839
0.0332329, 0.0313883
0.85992, 0.0204732
1.25253, 0.0172986
1.49694, 0.021462
1.64379, 0.0211613
1.74147, 0.0178735
1.81432, 0.0140972
1.89115, 0.0233468
1.93619, 0.0198243
1.96989, 0.0122829
2.02013, 0.0260258
2.04634, 0.0206659
2.06965, 0.0143016
2.09791, 0.018204
2.11989, 0.0156017
2.14453, 0.0218257
2.16957, 0.0356219
2.18314, 0.0197668
2.19955, 0.00961238
2.22014, 0.0233985
2.23807, 0.0317481
2.25474, 0.027531
2.26831, 0.0262077
2.28532, 0.0275082
2.30118, 0.0350956
2.32376, 0.0162615
2.34622, 0.00790282
2.36253, 0.019029
2.39109, 0.00557327
2.40565, 0.021617
2.42804, 0.0252551
2.4469, 0.0353822
2.45412, 0.0585906
2.44517, 0.0943109
2.4427, 0.119432
2.46122, 0.12722
2.46085, 0.147838
2.47102, 0.161554
2.45342, 0.187151
2.43793, 0.208218
2.44755, 0.219784
2.44552, 0.234393
2.44308, 0.248398
2.45892, 0.261109
2.44554, 0.275097
2.47231, 0.291277
2.45389, 0.303724
2.46273, 0.320521
2.45442, 0.33368
2.45009, 0.347837
2.44515, 0.361888
2.46066, 0.387902
2.45714, 0.405621
2.46193, 0.431015
2.45751, 0.4518
2.4518, 0.473382
2.46329, 0.517802
2.45274, 0.541893
2.44968, 0.581351
2.4492, 0.635055
2.45739, 0.724184
2.44679, 0.796464
2.45095, 0.952087
2.45098, 1.18876
2.451, 1.65446
2.3225, 1.2308
2.25499, 1.16004
2.19308, 1.15264
2.12621, 1.18409
1.7999, 2.41645
1.64273, 2.40811
1.4733, 2.41912
1.30303, 2.40859
1.11059, 2.42204
1.82723, 0.952181
1.80328, 0.889387
1.75494, 0.863663
1.70433, 0.837999
0.911947, 1.47688
0.848595, 1.36624
0.0534907, 1.75173
0.0679944, 1.52929
0.0446326, 1.34451
0.0605031, 1.15295
0.0596184, 0.979496
0.0509859, 0.815538
0.0646743, 0.65209
0.0707035, 0.495288
0.0586194, 0.342184
0.0459254, 0.188076
0.049119, 0.0330913
0.842369, 0.0173381
1.25162, 0.0170684
1.49613, 0.0211952
1.62256, 0.012515
1.7494, 0.0217704
1.81892, 0.0167705
1.88931, 0.0220964
1.93938, 0.0223341
1.97494, 0.0168658
2.02189, 0.0278613
2.04451, 0.0184734
2.07804, 0.0259536
2.0986, 0.019303
2.122, 0.0196188
2.14877, 0.0314646
2.15893, 0.00596697
2.1841, 0.0231577
2.1994, 0.00884552
2.22101, 0.0298185
2.23684, 0.0127786
2.25469, 0.036836
2.26904, 0.0142567
2.28668, 0.017162
2.30047, 0.0385803
2.31881, 0.0341001
2.34273, 0.0177259
2.36129, 0.0218722
2.37738, 0.031846
2.40481, 0.02298
2.43017, 0.022282
2.45307, 0.027923
2.43867, 0.074819
2.44682, 0.0928117
2.43379, 0.126491
2.45001, 0.134891
2.4612, 0.147633
2.4473, 0.173314
2.45299, 0.187331
2.44477, 0.20595
2.45767, 0.217199
2.45831, 0.232062
2.46016, 0.246507
2.4405, 0.261852
2.44747, 0.275154
2.44716, 0.288763
2.46669, 0.305918
2.44563, 0.316344
2.44023, 0.329139
2.44967, 0.347669
2.44756, 0.363051
2.45842, 0.386616
2.44903, 0.400204
2.46177, 0.430889
2.45893, 0.453075
2.44888, 0.470374
2.46011, 0.514041
2.46364, 0.556801
2.4529, 0.586472
2.46075, 0.656637
2.44766, 0.702491
2.45111, 0.808242
2.45368, 0.961525
2.45519, 1.20834
2.45057, 1.6514
2.32299, 1.23763
2.25497, 1.14876
2.19303, 1.15328
2.12822, 1.16968
1.7999, 2.41647
1.63712, 2.42776
1.47735, 2.40799
1.29618, 2.42399
1.11294, 2.41761
1.81814, 0.966744
1.80607, 0.885543
1.75869, 0.859189
1.69008, 0.852763
0.91761, 1.47178
0.86265, 1.35527
0.0581584, 1.74858
0.0517883, 1.53863
0.0638585, 1.33515
0.0493766, 1.15743
0.0695015, 0.976297
0.0649647, 0.812072
0.0514757, 0.654398
0.0678856, 0.49558
0.047128, 0.342565
0.0479415, 0.188151
0.0660013, 0.0349012
0.851963, 0.0190519
1.27658, 0.0233554
1.47984, 0.0158566
1.6285, 0.0149339
1.73352, 0.0139694
1.81749, 0.0159381
1.88277, 0.0176596
1.93067, 0.0154848
1.97742, 0.0191167
2.00403, 0.0092254
2.04122, 0.0145201
2.06166, 0.0032157
2.09524, 0.0138856
2.12343, 0.022338
2.14121, 0.0142762
2.16121, 0.0123132
2.18523, 0.0271876
2.19704, 0
2.21992, 0.0217645
2.23693, 0.0141397
2.25481, 0.0150005
2.26981, 0.00157484
2.28568, 0.0247656
2.30158, 0.0331028
2.32064, 0.0275062
2.34315, 0.0165506
2.36524, 0.0128157
2.38646, 0.0144407
2.40556, 0.0217622
2.43012, 0.0223496
2.45662, 0.0236203
2.44476, 0.0684185
2.45175, 0.0883067
2.44362, 0.118708
2.44368, 0.139221
2.45283, 0.152535
2.44295, 0.175469
2.46614, 0.18192
2.44546, 0.20572
2.45047, 0.219038
2.44587, 0.234329
2.42612, 0.250275
2.44513, 0.261665
2.43481, 0.274778
2.44691, 0.288738
2.4552, 0.30395
2.43186, 0.312981
2.44774, 0.331542
2.44994, 0.347773
2.44498, 0.361806
2.44697, 0.380073
2.45451, 0.403867
2.45111, 0.422631
2.45317, 0.447919
2.44148, 0.462764
2.4521, 0.504556
2.4577, 0.548674
2.45683, 0.592717
2.44728, 0.631474
2.45465, 0.718081
2.45443, 0.817297
2.4524, 0.957086
2.45355, 1.20072
2.45069, 1.65226
2.32359, 1.24599
2.255, 1.16701
2.19307, 1.15278
2.12751, 1.17473
1.80124, 2.41012
1.63826, 2.42376
1.47672, 2.4097
1.29761, 2.42078
1.11113, 2.42103
1.83053, 0.946892
1.8083, 0.882467
1.76525, 0.851372
1.70236, 0.840047
0.922096, 1.46774
0.855919, 1.36053
0.0643696, 1.7444
0.0482441, 1.54068
0.0580102, 1.338
0.0628115, 1.15202
0.0456688, 0.984011
0.0429942, 0.81752
0.0638946, 0.652227
0.0448126, 0.497968
0.0433237, 0.342691
0.041473, 0.187913
0.0436616, 0.0325065
0.838295, 0.0166104
1.25572, 0.0181025
1.50231, 0.0232205
1.6295, 0.0153417
1.7474, 0.0207872
1.82884, 0.0225382
1.88448, 0.018819
1.94054, 0.0232419
1.96909, 0.0115591
2.01055, 0.016028
2.05044, 0.025594
2.08001, 0.0286816
2.09258, 0.00958126
2.11842, 0.0128174
2.14224, 0.0166109
2.16033, 0.00986838
2.18322, 0.0200524
2.20342, 0.0282599
2.21868, 0.0125844
2.23708, 0.0164555
2.25474, 0.0273804
2.26758, 0.0381008
2.28747, 0.0112042
2.30744, 0.00436617
2.32, 0.0298033
2.34442, 0.0129759
2.36736, 0.00794803
2.3899, 0.00785468
2.40396, 0.0243734
2.43586, 0.0143262
2.4579, 0.0220786
2.45885, 0.0536204
2.44362, 0.0957332
2.4712, 0.0968526
2.44624, 0.137466
2.45454, 0.151535
2.46027, 0.166885
2.43398, 0.195146
2.47093, 0.197274
2.44733, 0.219839
2.46842, 0.230221
2.46496, 0.245975
2.4386, 0.261929
2.45415, 0.275352
2.43901, 0.287948
2.45593, 0.304075
2.44172, 0.31539
2.45969, 0.335365
2.45669, 0.350467
2.45341, 0.365872
2.44737, 0.380299
2.46047, 0.407851
2.4503, 0.422002
2.44589, 0.44142
2.46072, 0.482551
2.45501, 0.508003
2.44662, 0.533531
2.45425, 0.588626
2.4534, 0.6429
2.45677, 0.722791
2.44405, 0.789002
2.45347, 0.960801
2.45372, 1.2015
2.45311, 1.66923
2.32311, 1.23926
2.25499, 1.16214
2.19492, 1.12567
2.13026, 1.15497
1.80075, 2.41243
1.64011, 2.41728
1.48078, 2.39853
1.30254, 2.40968
1.11636, 2.41118
1.82775, 0.951345
1.7979, 0.896799
1.75784, 0.860205
1.69561, 0.847036
0.94704, 1.44529
0.860042, 1.35731
0.0498857, 1.75416
0.0613082, 1.53314
0.0725272, 1.33093
0.0526131, 1.15613
0.0720042, 0.975487
0.05773, 0.813866
0.0604883, 0.652823
0.0436136, 0.498092
0.0456187, 0.342615
0.0462679, 0.188089
0.0590013, 0.0341509
0.853894, 0.0193968
1.2693, 0.0215218
1.48619, 0.0179364
1.64848, 0.0230685
1.76166, 0.0277948
1.82299, 0.0191364
1.88226, 0.0173145
1.93094, 0.0156943
1.97293, 0.0150385
2.00756, 0.0129118
2.03987, 0.0128997
2.06515, 0.00805757
2.1031, 0.026572
2.12553, 0.0263241
2.14821, 0.0302012
2.15939, 0.00723699
2.18436, 0.0240984
2.20394, 0.0307454
2.21799, 0.00750679
2.23706, 0.0161107
2.25483, 0.0113199
2.26914, 0.012572
2.28807, 0.00663678
2.30471, 0.0177624
2.3209, 0.0265717
2.34448, 0.0127917
2.37086, 0
2.39087, 0.00599382
2.39616, 0.0370589
2.4304, 0.0219599
2.45426, 0.0264801
2.45578, 0.0568461
2.44072, 0.0983766
2.44201, 0.119978
2.44768, 0.136484
2.44108, 0.159424
2.44644, 0.173739
2.45475, 0.186606
2.44693, 0.205233
2.46562, 0.215165
2.45837, 0.232051
2.45665, 0.246894
2.44415, 0.261705
2.44583, 0.275105
2.43743, 0.287789
2.45911, 0.304619
2.4346, 0.313649
2.43903, 0.328755
2.44466, 0.34567
2.44238, 0.36055
2.45914, 0.387031
2.45437, 0.403772
2.44967, 0.421514
2.45182, 0.446717
2.45818, 0.479941
2.43855, 0.488526
2.44825, 0.535753
2.45316, 0.586887
2.44628, 0.629598
2.4504, 0.708592
2.45138, 0.808971
2.45087, 0.951799
2.45135, 1.19045
2.45267, 1.66616
2.32303, 1.23813
2.25502, 1.17723
2.19449, 1.132
2.12907, 1.16355
1.80196, 2.40671
1.63841, 2.42323
1.47173, 2.42347
1.29551, 2.4255
1.11307, 2.41737
1.82575, 0.954559
1.80277, 0.890083
1.76489, 0.851801
1.71197, 0.830092
0.922805, 1.4671
0.857692, 1.35914
0.0533053, 1.75185
0.0554116, 1.53654
0.0524865, 1.34069
0.0421948, 1.16033
0.0551601, 0.980939
0.0600619, 0.813288
0.0484195, 0.654933
0.0498068, 0.497451
0.057031, 0.342237
0.0577176, 0.188511
0.0541916, 0.0336353
0.843652, 0.0175673
1.25742, 0.0185307
1.47603, 0.0146071
1.65786, 0.0268887
1.74478, 0.0194979
1.83557, 0.0264539
1.88472, 0.0189836
1.93627, 0.0198895
1.9736, 0.0156472
2.02287, 0.0288803
2.04431, 0.0182301
2.0741, 0.0204877
2.09577, 0.0147328
2.12224, 0.0200799
2.14665, 0.0266542
2.16378, 0.0194954
2.18383, 0.0222133
2.19881, 0.00602916
2.21953, 0.0188745
2.2375, 0.0228842
2.25478, 0.0214257
2.26945, 0.00752318
2.28569, 0.0246622
2.30146, 0.0337308
2.32597, 0.00832801
2.34238, 0.0187169
2.36109, 0.0223464
2.38362, 0.0198885
2.41168, 0.0118017
2.43224, 0.0193934
2.44779, 0.0343064
2.45252, 0.0602676
2.4626, 0.0783963
2.44245, 0.119634
2.43717, 0.143676
2.45656, 0.150352
2.47077, 0.161682
2.4423, 0.191723
2.44344, 0.206388
2.46046, 0.216484
2.44751, 0.23403
2.46092, 0.246421
2.45864, 0.26112
2.44902, 0.2752
2.4572, 0.289766
2.4643, 0.305508
2.44153, 0.315342
2.45103, 0.332595
2.46469, 0.353658
2.45898, 0.368559
2.44568, 0.379332
2.44654, 0.398533
2.45712, 0.427283
2.44797, 0.443274
2.45715, 0.478884
2.46203, 0.51632
2.45078, 0.539215
2.45253, 0.585889
2.44134, 0.620378
2.45591, 0.720882
2.45376, 0.815476
2.45261, 0.957821
2.4528, 1.19721
2.45244, 1.66454
2.32279, 1.23489
2.255, 1.16691
2.19371, 1.14343
2.12813, 1.17029
1.8006, 2.41317
1.64383, 2.40426
1.47034, 2.42728
1.29899, 2.41766
1.11268, 2.4181
1.82595, 0.954224
1.79209, 0.904793
1.75812, 0.85987
1.699, 0.84352
0.93, 1.46063
0.860046, 1.3573
0.0525388, 1.75237
0.0435172, 1.5434
0.0362821, 1.34858
0.0717909, 1.1484
0.0364896, 0.986982
0.0482667, 0.816213
0.0446287, 0.655596
0.0546106, 0.496954
0.0306954, 0.34311
0.0330151, 0.187601
0.0473848, 0.0329057
0.847036, 0.0181718
1.25406, 0.0176844
1.48052, 0.0160805
1.63128, 0.0160677
1.72888, 0.0116877
1.81257, 0.0130801
1.86816, 0.00773499
1.94615, 0.0276593
1.97474, 0.0166838
2.00918, 0.0146039
2.04309, 0.0167586
2.07266, 0.0184841
2.09969, 0.0210718
2.11807, 0.012144
2.14474, 0.0222965
2.16105, 0.0118653
2.18458, 0.0248659
2.20399, 0.0309782
2.22153, 0.0337005
2.23708, 0.0164993
2.25475, 0.0258759
2.26986, 0.000875343
2.28658, 0.0179325
2.30255, 0.0283624
2.32163, 0.0239235
2.35258, 0
2.36228, 0.0196086
2.38469, 0.0178271
2.41175, 0.0116899
2.43185, 0.0199397
2.45037, 0.031188
2.44657, 0.066517
2.46846, 0.0730468
2.44065, 0.121057
2.44394, 0.139042
2.44378, 0.157842
2.45583, 0.169082
2.46407, 0.182774
2.46796, 0.198258
2.45482, 0.217926
2.46446, 0.230941
2.43175, 0.249652
2.44007, 0.261869
2.44589, 0.275107
2.45475, 0.289521
2.44731, 0.302599
2.44421, 0.315997
2.4687, 0.338246
2.43702, 0.342621
2.45342, 0.365877
2.44968, 0.381618
2.45056, 0.401227
2.46214, 0.431181
2.44558, 0.441141
2.45936, 0.481149
2.44846, 0.500247
2.45093, 0.539414
2.45713, 0.593196
2.45446, 0.644878
2.45419, 0.717052
2.45542, 0.81999
2.4492, 0.946039
2.45487, 1.20683
2.45352, 1.67208
2.3219, 1.22248
2.25501, 1.17456
2.19286, 1.15575
2.12996, 1.15711
1.79918, 2.41989
1.63956, 2.41921
1.47428, 2.41644
1.29611, 2.42415
1.1193, 2.40564
1.8242, 0.957029
1.81051, 0.879432
1.75414, 0.864618
1.69468, 0.847997
0.93103, 1.4597
0.857698, 1.35914
0.0551983, 1.75058
0.031139, 1.55054
0.0534826, 1.3402
0.0555247, 1.15496
0.0494039, 0.982802
0.0778395, 0.80888
0.0528257, 0.654163
0.0469826, 0.497744
0.0504878, 0.342454
0.038384, 0.187799
0.0532589, 0.0335355
0.848773, 0.0184821
1.25364, 0.0175793
1.49516, 0.020878
1.63838, 0.0189557
1.73422, 0.0143099
1.83335, 0.0251612
1.88564, 0.0196099
1.91739, 0.00503129
1.98797, 0.028677
2.01766, 0.0234504
2.04694, 0.0213849
2.08403, 0.0342646
2.10537, 0.0302406
2.12163, 0.0189164
2.14673, 0.0268383
2.1649, 0.0226045
2.18444, 0.0243749
2.20463, 0.0340819
2.22156, 0.0338726
2.23723, 0.0187095
2.2548, 0.0168713
2.26782, 0.0341958
2.28446, 0.0340339
2.30534, 0.0146684
2.32155, 0.0242125
2.34672, 0.00647673
2.36363, 0.0165022
2.38328, 0.0205344
2.40361, 0.0249393
2.43516, 0.0152986
2.45473, 0.025909
2.4454, 0.0677482
2.45071, 0.0892547
2.45016, 0.11352
2.43799, 0.143115
2.45973, 0.148496
2.44986, 0.172045
2.46064, 0.184182
2.43983, 0.207587
2.44718, 0.219879
2.46926, 0.230066
2.44297, 0.248409
2.44179, 0.2618
2.44563, 0.275099
2.45682, 0.289728
2.45582, 0.304056
2.45892, 0.319591
2.45478, 0.333794
2.45616, 0.350257
2.45091, 0.364666
2.46367, 0.389618
2.44728, 0.399033
2.44752, 0.419844
2.44502, 0.440638
2.44479, 0.466175
2.45298, 0.505604
2.44686, 0.533859
2.45415, 0.58847
2.44218, 0.621941
2.4531, 0.714614
2.4552, 0.819408
2.45259, 0.957739
2.44895, 1.17929
2.45479, 1.68104
2.32246, 1.23029
2.25499, 1.16301
2.19536, 1.11931
2.12926, 1.16219
1.79725, 2.42901
1.63651, 2.42989
1.47394, 2.41738
1.29752, 2.42098
1.11644, 2.41103
1.81998, 0.963792
1.80556, 0.886248
1.75538, 0.863143
1.68897, 0.853908
0.925751, 1.46445
0.86657, 1.35221
0.0619509, 1.74603
0.0496927, 1.53984
0.0703754, 1.33198
0.0567601, 1.15446
0.0383397, 0.986384
0.0396548, 0.818348
0.0554448, 0.653705
0.0483861, 0.497598
0.0688009, 0.341847
0.0708641, 0.188995
0.0537788, 0.0335912
0.841829, 0.0172417
1.26727, 0.0210111
1.47692, 0.0148996
1.63248, 0.0165529
1.73916, 0.0167394
1.81456, 0.0142394
1.88288, 0.017733
1.93621, 0.0198411
1.97938, 0.020894
2.02009, 0.0259848
2.04551, 0.019666
2.06201, 0.00370259
2.09993, 0.0214541
2.11398, 0.00438212
2.13999, 0.0115035
2.16121, 0.0123294
2.18319, 0.0199301
2.19984, 0.0109865
2.21858, 0.0118679
2.23796, 0.0300677
2.25487, 0.00478462
2.26856, 0.0220764
2.28808, 0.00651029
2.30474, 0.0175952
2.32349, 0.0172327
2.34195, 0.0199211
2.36728, 0.00813777
2.38783, 0.0118186
2.41268, 0.0101714
2.43756, 0.0119522
2.45794, 0.0220272
2.45162, 0.0612121
2.45392, 0.0863222
2.45684, 0.108225
2.45367, 0.132386
2.4479, 0.155426
2.45469, 0.169647
2.46344, 0.18303
2.46163, 0.200356
2.44919, 0.219365
2.43802, 0.235759
2.45701, 0.246855
2.44817, 0.261542
2.43597, 0.274812
2.43536, 0.287583
2.45377, 0.303705
2.45197, 0.317893
2.44364, 0.33023
2.44386, 0.345349
2.4483, 0.363408
2.45477, 0.384531
2.45072, 0.40133
2.4511, 0.422616
2.44952, 0.444664
2.45329, 0.47491
2.47048, 0.526322
2.45135, 0.539995
2.45147, 0.584201
2.44521, 0.627607
2.44587, 0.698498
2.45154, 0.809414
2.45446, 0.964202
2.45286, 1.19748
2.45367, 1.67317
2.32172, 1.21996
2.25498, 1.15611
2.193, 1.15378
2.12728, 1.1764
1.80403, 2.39693
1.6405, 2.41591
1.4724, 2.42161
1.29396, 2.42898
1.10571, 2.43123
1.82905, 0.949261
1.80609, 0.885513
1.76395, 0.852918
1.70459, 0.837729
0.926101, 1.46414
0.855125, 1.36115
0.0560357, 1.75002
0.0444485, 1.54286
0.0731035, 1.33065
0.0430328, 1.15999
0.0590882, 0.979668
0.0358594, 0.81929
0.0403428, 0.656345
0.0586073, 0.49654
0.0709324, 0.341776
0.0526365, 0.188324
0.0352722, 0.0316073
0.853634, 0.0193504
1.24843, 0.0162672
1.48216, 0.0166166
1.64289, 0.0207932
1.75099, 0.0225498
1.82912, 0.0227027
1.89453, 0.025645
1.93525, 0.0190845
1.97667, 0.0184334
2.01284, 0.0184208
2.05195, 0.0274077
2.0748, 0.0214591
2.10512, 0.0298356
2.12428, 0.0239471
2.13424, 0
2.16295, 0.0171625
2.18362, 0.0214738
2.1993, 0.00840079
2.22016, 0.0235534
2.2364, 0.00598387
2.25478, 0.0215863
2.26816, 0.0286644
2.28732, 0.0122736
2.30022, 0.0398047
2.32467, 0.0130067
2.33838, 0.029982
2.36477, 0.0138962
2.38004, 0.0267409
2.40415, 0.0240507
2.43652, 0.0133985
2.45466, 0.0259988
2.45753, 0.0550028
2.44945, 0.0904094
2.46352, 0.102939
2.45319, 0.132713
2.44694, 0.155986
2.46217, 0.165943
2.46718, 0.181492
2.45297, 0.203227
2.44521, 0.220381
2.43141, 0.236964
2.46337, 0.24615
2.45709, 0.261183
2.45793, 0.275464
2.45896, 0.289942
2.45937, 0.304663
2.4518, 0.317851
2.4342, 0.32721
2.4442, 0.345485
2.45495, 0.366613
2.46449, 0.390091
2.44928, 0.40037
2.44263, 0.416057
2.45832, 0.452527
2.44777, 0.469237
2.44329, 0.494137
2.44658, 0.53347
2.45729, 0.593456
2.44683, 0.630619
2.44665, 0.700238
2.44709, 0.797296
2.45345, 0.960732
2.44866, 1.17794
2.45253, 1.66515
2.32184, 1.22157
2.25499, 1.16417
2.19466, 1.12955
2.1298, 1.15831
1.79802, 2.42539
1.63525, 2.43429
1.4777, 2.40701
1.30299, 2.40867
1.11432, 2.41502
1.82136, 0.961583
1.80741, 0.883692
1.76058, 0.85694
1.69738, 0.845203
0.927324, 1.46303
0.866411, 1.35233
0.0498575, 1.75418
0.0439506, 1.54315
0.0507623, 1.34153
0.0572011, 1.15428
0.0525433, 0.981786
0.0606828, 0.813134
0.0385119, 0.656665
0.0691255, 0.495452
0.0560542, 0.34227
0.0636237, 0.188729
0.0615211, 0.0344213
0.877363, 0.0235892
1.26145, 0.0195453
1.50125, 0.0228731
1.62647, 0.0141088
1.72904, 0.0117682
1.82967, 0.0230236
1.87869, 0.014889
1.95161, 0.0319524
1.98171, 0.0230075
2.02004, 0.0259288
2.04285, 0.0164686
2.06629, 0.00963916
2.10078, 0.0228289
2.11696, 0.0100317
2.14253, 0.0172733
2.15976, 0.00827293
2.18467, 0.0251861
2.19876, 0.00577911
2.22029, 0.0245483
2.23679, 0.0119351
2.25471, 0.0339428
2.26807, 0.0300973
2.28711, 0.0139001
2.30346, 0.0239141
2.32369, 0.0165338
2.35085, 0
2.35394, 0.0387496
2.3826, 0.0218435
2.41562, 0.00538339
2.42914, 0.0237281
2.45887, 0.0209009
2.44572, 0.0674075
2.45335, 0.0868466
2.45725, 0.107906
2.44267, 0.13991
2.4506, 0.153844
2.44275, 0.175565
2.45781, 0.185346
2.44967, 0.204322
2.44158, 0.221311
2.45093, 0.233406
2.44736, 0.247923
2.44946, 0.26149
2.45817, 0.275471
2.46066, 0.290112
2.44478, 0.302164
2.44126, 0.315275
2.45048, 0.332418
2.43243, 0.340789
2.44355, 0.361115
2.44925, 0.381373
2.44782, 0.399389
2.46463, 0.433107
2.45569, 0.450178
2.43875, 0.459963
2.44901, 0.5009
2.45738, 0.548235
2.46081, 0.599056
2.44964, 0.635874
2.45767, 0.724812
2.44695, 0.796902
2.45025, 0.949663
2.45164, 1.19182
2.45078, 1.65286
2.32211, 1.22533
2.25499, 1.16122
2.19294, 1.1547
2.12887, 1.16499
1.79918, 2.41989
1.64163, 2.41196
1.47501, 2.41442
1.30068, 2.41387
1.11101, 2.42126
1.82549, 0.954966
1.7923, 0.904505
1.75383, 0.864986
1.6927, 0.850051
0.934016, 1.45701
0.857965, 1.35893
0.0496537, 1.75432
0.0424674, 1.54401
0.0465795, 1.34356
0.0513886, 1.15662
0.0624178, 0.97859
0.0395324, 0.818379
0.0476565, 0.655067
0.0638868, 0.495994
0.0514362, 0.342423
0.0424093, 0.187948
0.0633638, 0.034619
0.852653, 0.0191754
1.24828, 0.0162277
1.48483, 0.0174926
1.64473, 0.0215434
1.73881, 0.0165645
1.82921, 0.0227571
1.88251, 0.0174821
1.93632, 0.019926
1.96365, 0.0066288
2.02431, 0.0303835
2.05137, 0.0267069
2.083, 0.0328345
2.09846, 0.0190881
2.12159, 0.0188352
2.14614, 0.0254906
2.16389, 0.0197862
2.17915, 0.00558431
2.20119, 0.0175155
2.21902, 0.0151311
2.23659, 0.00880837
2.25487, 0.00462996
2.26896, 0.0154758
2.28651, 0.0184789
2.306, 0.0114192
2.31857, 0.0349645
2.34165, 0.0207818
2.36305, 0.0178446
2.37825, 0.0301794
2.4052, 0.0223513
2.43049, 0.0218344
2.45856, 0.0212732
2.44491, 0.0682587
2.44732, 0.0923518
2.45169, 0.112312
2.44763, 0.136516
2.4553, 0.151087
2.46478, 0.164651
2.45944, 0.184675
2.4605, 0.200731
2.46275, 0.215899
2.45097, 0.233399
2.45939, 0.246591
2.46025, 0.261055
2.44576, 0.275103
2.44348, 0.288395
2.44817, 0.302746
2.45343, 0.31825
2.44968, 0.332162
2.4539, 0.349353
2.46434, 0.371145
2.45487, 0.384586
2.45222, 0.402332
2.45215, 0.423433
2.4541, 0.448753
2.4582, 0.479955
2.44487, 0.495998
2.44273, 0.528208
2.45819, 0.594878
2.44267, 0.622849
2.45984, 0.729649
2.44905, 0.802629
2.45189, 0.955346
2.45157, 1.19147
2.45108, 1.65498
2.32279, 1.2348
2.255, 1.1663
2.19317, 1.15133
2.12967, 1.15924
1.80046, 2.4138
1.63659, 2.42961
1.47397, 2.41729
1.30226, 2.41032
1.1146, 2.41449
1.8254, 0.955119
1.79966, 0.894375
1.75621, 0.862145
1.69397, 0.848728
0.934856, 1.45626
0.865116, 1.35334
0.0441065, 1.75805
0.0458006, 1.54208
0.0483312, 1.34271
0.0533827, 1.15582
0.0451479, 0.98418
0.0535846, 0.814895
0.0448298, 0.655561
0.0529062, 0.497131
0.0497041, 0.34248
0.0652107, 0.188788
0.0343395, 0.0315076
0.847525, 0.0182593
1.27183, 0.02216
1.49551, 0.0209931
1.63873, 0.0191016
1.74676, 0.0204714
1.8359, 0.0266422
1.89223, 0.0240809
1.93659, 0.0201355
1.98265, 0.0238545
2.01962, 0.0254947
2.04651, 0.0208673
2.07923, 0.0276106
2.10722, 0.0332299
2.12041, 0.0165969
2.14023, 0.0120573
2.16308, 0.0175405
2.18309, 0.0195809
2.19959, 0.00976232
2.21908, 0.0156111
2.2376, 0.0244701
2.25484, 0.0105952
2.26878, 0.0183794
2.2876, 0.0101851
2.30444, 0.0190739
2.32302, 0.0189276
2.33678, 0.034494
2.36179, 0.0207248
2.38417, 0.0188388
2.40266, 0.0264802
2.43018, 0.0222682
2.45626, 0.0240631
2.45181, 0.0610068
2.4683, 0.0731925
2.45649, 0.108508
2.44809, 0.136198
2.45121, 0.153486
2.44865, 0.172641
2.45097, 0.188159
2.44106, 0.207177
2.4556, 0.217725
2.45275, 0.233074
2.45264, 0.247338
2.44529, 0.261658
2.46433, 0.275654
2.44707, 0.288753
2.44979, 0.303023
2.46677, 0.321508
2.44963, 0.332146
2.45006, 0.347822
2.46814, 0.372976
2.45845, 0.386636
2.45199, 0.40218
2.45345, 0.42444
2.46498, 0.458482
2.44841, 0.469897
2.44631, 0.497707
2.456, 0.546346
2.4464, 0.576139
2.45974, 0.654742
2.44104, 0.687729
2.44891, 0.802256
2.45079, 0.951534
2.44988, 1.1836
2.45219, 1.66276
2.32247, 1.23035
2.25497, 1.15162
2.19373, 1.14305
2.12661, 1.18119
1.80163, 2.40826
1.64137, 2.41286
1.47022, 2.42764
1.30349, 2.40755
1.11098, 2.42131
1.82591, 0.95429
1.79918, 0.895039
1.75841, 0.859527
1.69866, 0.843879
0.912002, 1.47683
0.855956, 1.3605
0.0527383, 1.75224
0.0470926, 1.54134
0.0429299, 1.34534
0.0616468, 1.15249
0.0618981, 0.978758
0.0486799, 0.816111
0.0594195, 0.65301
0.0654465, 0.495833
0.0585195, 0.342188
0.0605003, 0.188614
0.0373383, 0.0318291
0.844069, 0.017642
1.24896, 0.0163991
1.49513, 0.020868
1.63982, 0.0195447
1.74594, 0.0200701
1.83636, 0.026914
1.8817, 0.0169324
1.95071, 0.0312498
1.97296, 0.0150702
2.00387, 0.00906488
2.03924, 0.0121376
2.07027, 0.0151715
2.10644, 0.0319797
2.12631, 0.0278029
2.14344, 0.019344
2.16726, 0.0291963
2.18892, 0.0402722
2.19933, 0.00852016
2.21969, 0.0200925
2.23813, 0.0326596
2.25484, 0.0102979
2.2679, 0.0327964
2.28601, 0.0222718
2.30525, 0.0151284
2.32533, 0.0106021
2.34036, 0.0244141
2.3637, 0.0163385
2.38991, 0.00783745
2.40445, 0.0235678
2.43865, 0.0104284
2.45836, 0.0215227
2.44729, 0.0657585
2.44841, 0.0913596
2.46918, 0.0984546
2.4549, 0.131539
2.4546, 0.1515
2.44275, 0.175565
2.44964, 0.188706
2.45758, 0.201699
2.44829, 0.219594
2.44394, 0.23468
2.45771, 0.246776
2.45237, 0.261373
2.44989, 0.275225
2.4538, 0.289426
2.46, 0.304771
2.46855, 0.321942
2.44351, 0.330189
2.46342, 0.353151
2.45687, 0.367539
2.4645, 0.390094
2.44394, 0.396799
2.4449, 0.417814
2.45006, 0.445144
2.45039, 0.471932
2.44431, 0.495339
2.45188, 0.540715
2.46301, 0.602554
2.45042, 0.637339
2.44687, 0.700717
2.45204, 0.810791
2.45269, 0.958095
2.45242, 1.19546
2.45192, 1.66089
2.32212, 1.22554
2.255, 1.1696
2.19272, 1.15784
2.12639, 1.18284
1.79974, 2.41723
1.64449, 2.40194
1.46619, 2.43873
1.29624, 2.42387
1.11321, 2.4171
1.81864, 0.965939
1.80688, 0.884433
1.75831, 0.85965
1.69468, 0.847999
0.941901, 1.44991
0.867186, 1.35173
0.0535648, 1.75168
0.0630511, 1.53214
0.0499064, 1.34194
0.0598529, 1.15321
0.0706039, 0.97594
0.0454878, 0.816902
0.0340711, 0.657442
0.0592377, 0.496475
0.0660256, 0.341939
0.0468606, 0.188112
0.0559893, 0.0338285
0.856053, 0.0197825
1.25619, 0.0182207
1.5053, 0.0241996
1.64397, 0.0212331
1.73549, 0.0149333
1.81903, 0.0168378
1.88459, 0.0188904
1.92738, 0.0128937
1.97487, 0.0168012
2.01237, 0.0179326
2.05057, 0.0257511
2.07919, 0.0275551
2.09202, 0.0086835
2.11457, 0.0054997
2.14286, 0.0180356
2.16346, 0.0185848
2.18385, 0.02226
2.20344, 0.0283616
2.22022, 0.0240292
2.23743, 0.0218359
2.25486, 0.00592134
2.26821, 0.0278011
2.2853, 0.0275945
2.30318, 0.0252919
2.32611, 0.00781186
2.34295, 0.0171156
2.35621, 0.0335272
2.38647, 0.0144263
2.40433, 0.0237648
2.43255, 0.0189472
2.4365, 0.0479574
2.45698, 0.055583
2.45891, 0.0817667
2.45519, 0.109536
2.45523, 0.131312
2.45302, 0.152427
2.45493, 0.169529
2.44821, 0.189293
2.45746, 0.201738
2.45469, 0.217959
2.44898, 0.233762
2.46517, 0.245951
2.46165, 0.260998
2.45629, 0.275415
2.45725, 0.289771
2.44315, 0.301886
2.45061, 0.31756
2.46732, 0.337805
2.43978, 0.343723
2.44927, 0.363874
2.45016, 0.381895
2.44096, 0.394801
2.44881, 0.420841
2.45828, 0.452486
2.45221, 0.473805
2.45254, 0.505077
2.45005, 0.53822
2.45211, 0.585228
2.45023, 0.636979
2.4512, 0.710382
2.45494, 0.81868
2.45194, 0.955488
2.44929, 1.18087
2.45221, 1.66289
2.32158, 1.21806
2.25496, 1.14396
2.19327, 1.14988
2.1289, 1.16478
1.79704, 2.43001
1.63893, 2.42143
1.48242, 2.394
1.30008, 2.41522
1.10589, 2.43089
1.83518, 0.939439
1.79544, 0.900178
1.75606, 0.862329
1.69858, 0.843958
0.921664, 1.46813
0.863548, 1.35457
0.0514042, 1.75314
0.0436507, 1.54332
0.0583131, 1.33785
0.0610133, 1.15274
0.0598235, 0.97943
0.0532532, 0.814977
0.0530939, 0.654116
0.0493264, 0.497501
0.0286637, 0.343178
0.0467281, 0.188107
0.0725081, 0.0355994
0.848867, 0.018499
1.26444, 0.0202997
1.47308, 0.0136396
1.65883, 0.0272857
1.75611, 0.0250643
1.81537, 0.0147054
1.87883, 0.0149832
1.93312, 0.017409
1.97421, 0.0162016
2.0097, 0.0151475
2.03156, 0.00291084
2.06612, 0.00940684
2.10655, 0.032147
2.11733, 0.0107386
2.14521, 0.0233653
2.16965, 0.0358525
2.18385, 0.0222789
2.19843, 0.00419523
2.21955, 0.01907
2.23759, 0.0242565
2.25471, 0.0328615
2.26973, 0.00295861
2.28877, 0.00133533
2.30504, 0.0161595
2.32713, 0.00414221
2.34562, 0.00958758
2.36342, 0.0169867
2.3857, 0.0159023
2.39849, 0.0332709
2.43485, 0.0157321
2.44502, 0.0376553
2.45769, 0.0548304
2.44907, 0.0907537
2.45032, 0.113397
2.44754, 0.136576
2.4571, 0.150034
2.46363, 0.165217
2.44749, 0.189591
2.45316, 0.203167
2.4537, 0.218213
2.45597, 0.232487
2.45921, 0.24661
2.46437, 0.260889
2.44075, 0.274954
2.45616, 0.289662
2.4506, 0.303162
2.44094, 0.315199
2.45878, 0.335072
2.4497, 0.347679
2.4642, 0.371075
2.44705, 0.380115
2.45487, 0.404107
2.44854, 0.420632
2.45987, 0.45391
2.44907, 0.47057
2.44879, 0.500637
2.45313, 0.54243
2.45006, 0.581957
2.44993, 0.636424
2.459, 0.727769
2.44777, 0.799149
2.44844, 0.943421
2.45272, 1.19682
2.45298, 1.6683
2.32285, 1.23561
2.25501, 1.17244
2.19457, 1.13081
2.12695, 1.17876
1.80067, 2.41281
1.63972, 2.41866
1.4783, 2.40536
1.30054, 2.41418
1.11274, 2.41799
1.82558, 0.95482
1.79707, 0.897938
1.75706, 0.86113
1.69706, 0.845526
0.927079, 1.46326
0.857729, 1.35911
0.0455736, 1.75707
0.0630008, 1.53217
0.0677957, 1.33324
0.0572592, 1.15426
0.0556928, 0.980767
0.0492744, 0.815964
0.0501413, 0.654632
0.0765415, 0.494685
0.0592487, 0.342164
0.0477323, 0.188144
0.0722606, 0.0355729
0.84829, 0.0183961
1.26766, 0.0211099
1.48406, 0.0172412
1.63385, 0.0171111
1.7389, 0.0166118
1.82271, 0.0189731
1.89693, 0.0272773
1.93479, 0.0187183
1.9801, 0.021545
2.01634, 0.0220716
2.03434, 0.00624928
2.08363, 0.033718
2.09856, 0.0192416
2.11503, 0.00638213
2.14767, 0.0289586
2.16279, 0.0167147
2.18042, 0.0101052
2.19626, 0
2.21818, 0.00895003
2.23751, 0.0230751
2.25467, 0.0409067
2.26896, 0.0155406
2.2857, 0.024591
2.30773, 0.00294112
2.31992, 0.0300933
2.33777, 0.0317224
2.35635, 0.0332228
2.37826, 0.0301628
2.40989, 0.0147145
2.43169, 0.0201535
2.45422, 0.0265312
2.45361, 0.0591219
2.44334, 0.0959853
2.44501, 0.1176
2.44684, 0.137059
2.46061, 0.147979
2.45092, 0.171519
2.45083, 0.188218
2.43762, 0.20832
2.45383, 0.218178
2.46126, 0.231524
2.45906, 0.246627
2.44244, 0.261773
2.44026, 0.274939
2.45262, 0.289308
2.45055, 0.303152
2.45146, 0.317769
2.46293, 0.3364
2.4653, 0.353901
2.44888, 0.363684
2.45916, 0.387044
2.45765, 0.405966
2.45552, 0.426043
2.45159, 0.446509
2.44712, 0.468562
2.45693, 0.510273
2.46053, 0.55254
2.45101, 0.583477
2.45359, 0.643249
2.45617, 0.72146
2.45383, 0.815666
2.45018, 0.949429
2.45222, 1.19451
2.45053, 1.65116
2.32178, 1.2208
2.25499, 1.15954
2.1924, 1.16253
2.12963, 1.15951
1.80263, 2.40355
1.6325, 2.44392
1.47571, 2.41249
1.29865, 2.41844
1.11882, 2.40654
1.82262, 0.959569
1.79976, 0.89423
1.7556, 0.862872
1.69698, 0.84561
0.930916, 1.4598
0.858306, 1.35866
0.0481411, 1.75534
0.0613255, 1.53313
0.0689975, 1.33265
0.0559848, 1.15477
0.0478947, 0.983291
0.0579134, 0.813821
0.0584291, 0.653183
0.053118, 0.497109
0.061912, 0.342076
0.0509912, 0.188264
0.0403314, 0.0321501
0.861903, 0.0208278
1.26304, 0.0199456
1.49359, 0.0203633
1.64324, 0.0209342
1.73528, 0.014833
1.83123, 0.0239298
1.88314, 0.01791
1.93752, 0.0208666
1.98152, 0.0228331
2.01786, 0.0236594
2.04912, 0.0240057
2.06814, 0.0122151
2.104, 0.0280306
2.11788, 0.0117801
2.14639, 0.0260552
2.16368, 0.0192066
2.1779, 0.00112982
2.19993, 0.011432
2.218, 0.00761082
2.23825, 0.034575
2.25479, 0.0197744
2.27005, 0
2.28716, 0.0134916
2.30362, 0.0231114
2.32286, 0.0194988
2.34433, 0.0132121
2.36783, 0.00686382
2.38827, 0.0109699
2.4069, 0.0195858
2.42152, 0.0343698
2.45436, 0.0263524
2.43944, 0.0740032
2.44959, 0.0902806
2.44888, 0.114535
2.45331, 0.13263
2.43934, 0.160444
2.4526, 0.170683
2.4397, 0.192794
2.4448, 0.205937
2.45293, 0.218408
2.44582, 0.234338
2.44374, 0.248323
2.45507, 0.261264
2.45671, 0.275427
2.44878, 0.288924
2.47019, 0.306516
2.45788, 0.319335
2.41721, 0.321777
2.44129, 0.344326
2.43593, 0.357436
2.44596, 0.379491
2.45063, 0.401269
2.45235, 0.423591
2.44763, 0.442969
2.44792, 0.469392
2.44863, 0.500448
2.4478, 0.535133
2.44109, 0.567703
2.45175, 0.63981
2.4462, 0.699225
2.44906, 0.802666
2.45268, 0.958054
2.45056, 1.18676
2.45146, 1.65765
2.3235, 1.24477
2.25496, 1.14574
2.1934, 1.14793
2.12818, 1.16991
1.80056, 2.41336
1.6371, 2.42782
1.46517, 2.44154
1.29497, 2.42673
1.11608, 2.4117
1.82564, 0.954723
1.79794, 0.896738
1.75025, 0.869251
1.69263, 0.850122
0.927812, 1.4626
0.864761, 1.35362
0.0562817, 1.74985
0.0485286, 1.54051
0.0556835, 1.33913
0.0549744, 1.15518
0.0621856, 0.978666
0.0547693, 0.814601
0.0544105, 0.653886
0.047999, 0.497639
0.0408147, 0.342775
0.0644263, 0.188759
0.0410636, 0.0322286
0.845576, 0.0179112
1.25035, 0.0167502
1.49549, 0.0209862
1.65256, 0.0247305
1.74404, 0.0191348
1.83655, 0.0270226
1.90096, 0.0300131
1.93369, 0.0178556
1.97514, 0.0170499
2.01008, 0.0155408
2.04864, 0.0234336
2.06067, 0.00184621
2.09864, 0.019373
2.12198, 0.0195874
2.14894, 0.0318515
2.16283, 0.0168297
2.18399, 0.0227869
2.20394, 0.0307811
2.22072, 0.027719
2.23663, 0.00951488
2.25483, 0.0107215
2.27003, 0
2.286, 0.0222945
2.30541, 0.0143153
2.32337, 0.0176895
2.34627, 0.00775936
2.36306, 0.0178076
2.38353, 0.0200519
2.40183, 0.0278336
2.43013, 0.0223424
2.4585, 0.0213542
2.446, 0.0671154
2.46028, 0.0805194
2.44952, 0.11403
2.44008, 0.141681
2.44224, 0.158741
2.4553, 0.169346
2.45406, 0.186888
2.46144, 0.200419
2.45513, 0.217847
2.46048, 0.231665
2.45628, 0.246935
2.44623, 0.26162
2.42131, 0.274377
2.45001, 0.289046
2.46388, 0.305436
2.46081, 0.320053
2.44061, 0.329262
2.44624, 0.346299
2.44985, 0.364155
2.45256, 0.383266
2.45664, 0.405289
2.44993, 0.421714
2.46438, 0.457943
2.46257, 0.484457
2.43978, 0.489976
2.44075, 0.525497
2.45997, 0.597707
2.46062, 0.656387
2.45426, 0.717202
2.45262, 0.812348
2.45488, 0.965666
2.45007, 1.18449
2.45379, 1.67399
2.32245, 1.23004
2.25498, 1.15677
2.19409, 1.13779
2.12867, 1.16638
1.80017, 2.41521
1.64256, 2.40869
1.48145, 2.39669
1.30257, 2.40962
1.10585, 2.43097
1.82182, 0.960848
1.80384, 0.888616
1.77001, 0.845696
1.69609, 0.846537
0.928689, 1.46181
0.862073, 1.35572
0.038416, 1.76189
0.0676913, 1.52947
0.0444095, 1.34462
0.0562509, 1.15466
0.0557801, 0.980739
0.0483381, 0.816196
0.079976, 0.649416
0.0563627, 0.496773
0.0395256, 0.342818
0.049256, 0.1882
0.0495961, 0.0331434
0.84469, 0.0177531
1.26939, 0.0215456
1.48852, 0.0187016
1.65149, 0.0242951
1.73731, 0.0158286
1.81192, 0.0127004
1.87342, 0.0113099
1.9412, 0.0237673
1.96723, 0.00987586
2.01224, 0.017798
2.04431, 0.0182284
2.07337, 0.0194693
2.10749, 0.0336669
2.12079, 0.0173184
2.13743, 0.0056821
2.16313, 0.0176884
2.18143, 0.0136764
2.19987, 0.0111256
2.21809, 0.00825593
2.23617, 0.00232938
2.25476, 0.0235263
2.26868, 0.0200788
2.28871, 0.00178045
2.30447, 0.018931
2.32529, 0.0107442
2.33814, 0.0306819
2.36166, 0.0210284
2.38429, 0.0186045
2.39876, 0.0328314
2.43116, 0.0208924
2.45064, 0.0308528
2.44292, 0.0703518
2.44274, 0.0965314
2.46484, 0.10189
2.44914, 0.135481
2.46799, 0.143654
2.45348, 0.170248
2.45862, 0.185012
2.44583, 0.205596
2.46383, 0.215623
2.43588, 0.236149
2.47908, 0.24441
2.43825, 0.261942
2.439, 0.274902
2.46274, 0.290319
2.45724, 0.304298
2.468, 0.321808
2.45111, 0.332618
2.44851, 0.347202
2.4574, 0.367797
2.45872, 0.38679
2.4684, 0.413156
2.45652, 0.426824
2.45752, 0.451813
2.45724, 0.478971
2.46186, 0.516115
2.46009, 0.551936
2.4513, 0.583939
2.45204, 0.640349
2.45935, 0.728559
2.45183, 0.810221
2.4533, 0.960215
2.45265, 1.19648
2.45263, 1.66588
2.32361, 1.24621
2.255, 1.16528
2.19426, 1.1353
2.1301, 1.15614
1.79751, 2.42779
1.63967, 2.41884
1.47209, 2.42247
1.30595, 2.40201
1.10628, 2.43016
1.8225, 0.959754
1.79157, 0.905513
1.75769, 0.860388
1.69518, 0.847481
0.927702, 1.4627
0.878097, 1.34321
0.0489284, 1.75481
0.0475044, 1.5411
0.0644701, 1.33486
0.0324105, 1.16427
0.051628, 0.982083
0.0472508, 0.816465
0.0582504, 0.653215
0.0580263, 0.496601
0.0418, 0.342743
0.0627522, 0.188697
0.0601396, 0.0342737
0.85363, 0.01935
1.25615, 0.0182117
1.4838, 0.0171539
1.6289, 0.0150961
1.74051, 0.0173998
1.81698, 0.0156451
1.8764, 0.0133314
1.93268, 0.017064
1.97543, 0.0173116
2.01624, 0.0219646
2.02637, 0
2.06834, 0.0124838
2.10968, 0.0372115
2.12114, 0.0179804
2.1432, 0.0188004
2.16648, 0.0270077
2.18023, 0.00941928
2.19855, 0.00478312
2.2193, 0.017173
2.23722, 0.0186217
2.25486, 0.00506938
2.26901, 0.0146596
2.28573, 0.0243345
2.30572, 0.0127887
2.32459, 0.0132835
2.34178, 0.020421
2.36578, 0.011564
2.37863, 0.029454
2.41212, 0.011079
2.42981, 0.0227863
2.44821, 0.0338009
2.45151, 0.0613218
2.44258, 0.0966821
2.44521, 0.117441
2.44858, 0.135862
2.46767, 0.143839
2.44632, 0.173798
2.45452, 0.186699
2.45644, 0.202078
2.4635, 0.215706
2.436, 0.236126
2.45069, 0.247554
2.44332, 0.261737
2.45046, 0.275242
2.45344, 0.28939
2.45544, 0.30399
2.44359, 0.315846
2.47291, 0.339592
2.44606, 0.346228
2.449, 0.363743
2.45668, 0.385621
2.44043, 0.394448
2.45271, 0.423869
2.42868, 0.426034
2.45272, 0.474324
2.45996, 0.513862
2.44144, 0.52644
2.44931, 0.580767
2.45708, 0.649774
2.44861, 0.704595
2.45742, 0.825457
2.45238, 0.957019
2.45383, 1.20201
2.45145, 1.65759
2.32357, 1.24574
2.25501, 1.17122
2.19392, 1.14031
2.12859, 1.16699
1.79908, 2.42036
1.6428, 2.40785
1.47271, 2.42077
1.29972, 2.41604
1.11006, 2.42305
1.82228, 0.960114
1.80452, 0.887679
1.76302, 0.85403
1.69327, 0.84946
0.938474, 1.453
0.858097, 1.35883
0.0539741, 1.75141
0.0460178, 1.54196
0.0619731, 1.33607
0.0443576, 1.15946
0.0573997, 0.980215
0.0702161, 0.810771
0.0532776, 0.654084
0.0419742, 0.498262
0.038062, 0.342867
0.0454283, 0.188059
0.033499, 0.0314179
0.851353, 0.0189433
1.25781, 0.0186297
1.48161, 0.0164364
1.62517, 0.01358
1.74407, 0.0191517
1.82316, 0.0192355
1.87944, 0.0153954
1.93282, 0.0171686
1.98508, 0.0260626
2.02009, 0.025977
2.038, 0.0106459
2.07188, 0.0174088
2.0987, 0.0194788
2.11715, 0.0104038
2.13774, 0.00638394
2.16398, 0.020042
2.1783, 0.00256389
2.19939, 0.00880543
2.21856, 0.0117027
2.23681, 0.0122545
2.25487, 0.00436146
2.269, 0.0148736
2.28657, 0.0180264
2.30645, 0.00920426
2.32143, 0.0246634
2.33928, 0.027454
2.365, 0.0133636
2.38097, 0.0249604
2.39828, 0.0336189
2.43393, 0.0170191
2.45241, 0.0287192
2.45132, 0.0615305
2.46744, 0.0739819
2.45201, 0.112057
2.44225, 0.140197
2.44123, 0.159333
2.45949, 0.16727
2.46905, 0.180725
2.45126, 0.203795
2.44928, 0.219341
2.43589, 0.236146
2.46636, 0.245818
2.44591, 0.261633
2.46828, 0.275771
2.4388, 0.287926
2.44855, 0.302809
2.46528, 0.321143
2.47175, 0.339222
2.45977, 0.351695
2.44506, 0.361842
2.44613, 0.379591
2.45952, 0.407217
2.44841, 0.420535
2.45011, 0.445184
2.45711, 0.478837
2.44785, 0.499524
2.44945, 0.537391
2.45283, 0.58637
2.45433, 0.644634
2.43938, 0.684027
2.44816, 0.800211
2.45107, 0.952503
2.4518, 1.19254
2.45302, 1.66859
2.3228, 1.23504
2.25495, 1.14162
2.19413, 1.1372
2.12792, 1.17181
1.80017, 2.41518
1.63836, 2.42341
1.46842, 2.43257
1.29967, 2.41614
1.10348, 2.43544
1.82908, 0.949225
1.79478, 0.901089
1.76624, 0.850186
1.69946, 0.843049
0.925053, 1.46508
0.872656, 1.34746
0.0604278, 1.74706
0.0521674, 1.53841
0.0432449, 1.34519
0.0558832, 1.15481
0.0229585, 0.991363
0.0483382, 0.816196
0.0705982, 0.651056
0.0416507, 0.498296
0.0506086, 0.342451
0.0557894, 0.188441
0.0526136, 0.033467
0.863981, 0.0211989
1.26228, 0.0197536
1.49311, 0.0202052
1.64349, 0.0210359
1.7446, 0.0194108
1.83334, 0.0251564
1.87992, 0.0157185
1.93114, 0.0158518
1.97103, 0.0133156
2.01017, 0.0156318
2.04953, 0.0245014
2.07008, 0.0149035
2.1074, 0.0335246
2.12174, 0.0191272
2.14584, 0.0248077
2.1634, 0.0184232
2.18157, 0.0141873
2.19933, 0.00855021
2.21935, 0.017552
2.23723, 0.0187948
2.25483, 0.0123032
2.26841, 0.0245708
2.28778, 0.00878335
2.30681, 0.00744016
2.32537, 0.0104768
2.34893, 0.000262987
2.36614, 0.0107362
2.37988, 0.0270499
2.39926, 0.0320224
2.42987, 0.022702
2.44478, 0.0379394
2.45476, 0.0579097
2.46455, 0.0766162
2.46684, 0.100301
2.44032, 0.141515
2.46257, 0.146827
2.45479, 0.169601
2.45061, 0.188305
2.43347, 0.209694
2.45896, 0.216866
2.46127, 0.231522
2.45409, 0.247177
2.44619, 0.261621
2.43505, 0.274784
2.44396, 0.288442
2.44379, 0.301994
2.44184, 0.315418
2.45366, 0.333435
2.453, 0.348994
2.45705, 0.367626
2.43361, 0.372431
2.44491, 0.397443
2.45841, 0.428288
2.44862, 0.443854
2.46008, 0.48189
2.4539, 0.506687
2.45357, 0.543034
2.44938, 0.580876
2.45375, 0.643554
2.4468, 0.700565
2.45747, 0.825583
2.45413, 0.963074
2.45283, 1.19735
2.44895, 1.64008
2.32258, 1.23187
2.25496, 1.1421
2.1929, 1.15529
2.12941, 1.16111
1.79953, 2.41823
1.6387, 2.42222
1.47186, 2.4231
1.29705, 2.42203
1.11069, 2.42185
1.82477, 0.956116
1.78527, 0.914196
1.75422, 0.864523
1.70277, 0.839617
0.932729, 1.45817
0.858098, 1.35882
0.060782, 1.74682
0.0553465, 1.53658
0.036382, 1.34853
0.0483884, 1.15783
0.0626727, 0.978508
0.0610398, 0.813046
0.0687234, 0.651384
0.0577934, 0.496625
0.0605685, 0.34212
0.0612333, 0.188641
0.0557573, 0.033804
0.834952, 0.0160135
1.26495, 0.0204271
1.48585, 0.0178278
1.64666, 0.0223274
1.73278, 0.0136045
1.8305, 0.0235035
1.88649, 0.0201861
1.94308, 0.0252472
1.98606, 0.0269444
2.0123, 0.0178511
2.0459, 0.0201317
2.06401, 0.00647759
2.09561, 0.0144824
2.11344, 0.00335862
2.13733, 0.00545627
2.16641, 0.0268102
2.18077, 0.0113441
2.20223, 0.0225283
2.22087, 0.0288047
2.23689, 0.0134861
2.25479, 0.0185491
2.26835, 0.0255517
2.2857, 0.024574
2.3066, 0.0085037
2.32324, 0.0181534
2.34394, 0.0143155
2.36169, 0.0209515
2.384, 0.0191535
2.41044, 0.0138157
2.44195, 0.00580357
2.44856, 0.0333768
2.44781, 0.0652158
2.47481, 0.0672449
2.4668, 0.100339
2.45481, 0.131603
2.43412, 0.1635
2.47385, 0.160153
2.46399, 0.182806
2.45034, 0.2041
2.46175, 0.216155
2.45167, 0.233272
2.44032, 0.248702
2.44851, 0.261528
2.45101, 0.275258
2.47159, 0.291204
2.45045, 0.303135
2.45099, 0.317653
2.43824, 0.328504
2.44724, 0.346695
2.46106, 0.369562
2.43088, 0.370869
2.4738, 0.416763
2.45133, 0.422794
2.46215, 0.455947
2.45025, 0.47178
2.4463, 0.497692
2.44896, 0.536722
2.45045, 0.582584
2.45475, 0.645415
2.45681, 0.722894
2.45122, 0.808545
2.45324, 0.959981
2.45245, 1.19558
2.45239, 1.66414
2.32291, 1.23646
2.25498, 1.15561
2.19289, 1.15545
2.12807, 1.1707
1.80034, 2.41438
1.63588, 2.43211
1.47205, 2.42259
1.2921, 2.43318
1.10865, 2.4257
1.8233, 0.958482
1.79127, 0.905927
1.75273, 0.866302
1.70731, 0.834914
0.933827, 1.45718
0.871699, 1.34821
0.0573237, 1.74915
0.0631827, 1.53206
0.0661846, 1.33402
0.0485497, 1.15777
0.0410815, 0.985497
0.075385, 0.809489
0.0614602, 0.652654
0.0615063, 0.496241
0.0549697, 0.342306
0.0571448, 0.188491
0.0528786, 0.0334956
0.875592, 0.0232731
1.26037, 0.0192743
1.49373, 0.0204093
1.64907, 0.0233093
1.73412, 0.0142639
1.82669, 0.0212891
1.87872, 0.0149082
1.93983, 0.0226853
1.97595, 0.0177773
2.00681, 0.0121299
2.05104, 0.0263137
2.0835, 0.0335344
2.09395, 0.0117946
2.13093, 0.0365828
2.14077, 0.0132805
2.16851, 0.0326632
2.18281, 0.0185909
2.20199, 0.0213599
2.2185, 0.0112843
2.23672, 0.0108654
2.25482, 0.0129454
2.26797, 0.0316855
2.2847, 0.0321703
2.30658, 0.00856284
2.32108, 0.0258978
2.34591, 0.00876196
2.36399, 0.0156724
2.38106, 0.0247824
2.40643, 0.0203457
2.42298, 0.0323362
2.44863, 0.0332851
2.4578, 0.0547175
2.44242, 0.0968271
2.46774, 0.0995896
2.45638, 0.130527
2.44993, 0.154237
2.44704, 0.173438
2.45728, 0.185564
2.46479, 0.199307
2.45532, 0.217796
2.45348, 0.232941
2.44391, 0.248304
2.47705, 0.260377
2.44927, 0.275206
2.47152, 0.291197
2.45996, 0.304764
2.45726, 0.319185
2.46578, 0.337311
2.46113, 0.352238
2.46217, 0.370095
2.47336, 0.395163
2.42315, 0.38289
2.46087, 0.430191
2.4508, 0.445806
2.4557, 0.477388
2.45489, 0.507865
2.45537, 0.54549
2.45152, 0.584274
2.45173, 0.63977
2.45233, 0.712899
2.44342, 0.787269
2.45367, 0.961497
2.4522, 1.19442
2.45115, 1.6555
2.32352, 1.24495
2.25498, 1.15486
2.19394, 1.14
2.12701, 1.17837
1.80158, 2.4085
1.64158, 2.41215
1.47668, 2.40984
1.30321, 2.40818
1.11639, 2.41112
1.81931, 0.964867
1.80548, 0.886362
1.75388, 0.864926
1.70593, 0.836351
0.931677, 1.45912
0.875039, 1.3456
0.0480618, 1.75539
0.0502641, 1.53951
0.0490545, 1.34236
0.0394678, 1.16143
0.0633165, 0.9783
0.0385831, 0.818615
0.0583451, 0.653198
0.0522459, 0.4972
0.0513589, 0.342426
0.0248817, 0.187302
0.0367507, 0.0317666
0.857173, 0.0199828
1.23948, 0.0140117
1.47882, 0.0155238
1.63517, 0.0176511
1.74564, 0.0199245
1.82153, 0.0182877
1.88988, 0.0224843
1.93695, 0.0204213
1.97593, 0.0177655
2.02554, 0.0316631
2.04672, 0.0211199
2.06566, 0.00877036
2.09876, 0.0195712
2.12683, 0.0287985
2.14344, 0.0193414
2.16551, 0.02432
2.18495, 0.0261867
2.19946, 0.00915242
2.2186, 0.0120088
2.23643, 0.00641132
2.25481, 0.0154908
2.26763, 0.0373345
2.28713, 0.0137744
2.30448, 0.018876
2.32475, 0.0126871
2.34487, 0.0117147
2.36648, 0.00995907
2.38333, 0.0204462
2.41498, 0.00642601
2.43221, 0.0194292
2.4397, 0.0440917
2.44693, 0.0661325
2.46053, 0.0802852
2.45293, 0.111322
2.45323, 0.132683
2.45316, 0.152343
2.45408, 0.169949
2.46308, 0.183178
2.45842, 0.201422
2.45365, 0.218225
2.45662, 0.232368
2.44032, 0.248702
2.46038, 0.261049
2.46144, 0.275567
2.43694, 0.287739
2.45409, 0.303759
2.46003, 0.31986
2.46318, 0.336479
2.44922, 0.347488
2.4694, 0.373582
2.44108, 0.376701
2.46482, 0.41076
2.43693, 0.411633
2.46755, 0.460773
2.44511, 0.466502
2.4509, 0.503134
2.44791, 0.53529
2.45833, 0.595103
2.45008, 0.636698
2.45996, 0.729903
2.45016, 0.805643
2.45087, 0.951814
2.45114, 1.18946
2.45111, 1.65523
2.32306, 1.23863
2.25499, 1.16283
2.19464, 1.1298
2.1291, 1.16336
1.79675, 2.43139
1.63966, 2.41885
1.47865, 2.40441
1.29212, 2.43314
1.11783, 2.40841
1.83801, 0.934915
1.80637, 0.88513
1.76757, 0.848603
1.70262, 0.839771
0.922985, 1.46694
0.86702, 1.35186
0.0518247, 1.75285
0.0548406, 1.53687
0.0573126, 1.33834
0.039821, 1.16128
0.0480156, 0.983253
0.0472953, 0.816455
0.0388873, 0.6566
0.0595977, 0.496439
0.0355688, 0.34295
0.0640983, 0.188747
0.0663946, 0.0349445
0.848222, 0.018384
1.25462, 0.0178251
1.48698, 0.018198
1.64562, 0.021903
1.73818, 0.0162571
1.81675, 0.0155099
1.89452, 0.0256356
1.94335, 0.0254565
1.96148, 0.00466442
2.01056, 0.016042
2.04764, 0.0222214
2.07612, 0.0232837
2.09879, 0.0196198
2.1165, 0.00916414
2.14536, 0.023715
2.15963, 0.00791714
2.18265, 0.0180155
2.20155, 0.0192497
2.21706, 0.000654563
2.23665, 0.00980984
2.25486, 0.00669235
2.26907, 0.0137773
2.28609, 0.0216624
2.30558, 0.0134785
2.32042, 0.0283032
2.34251, 0.0183416
2.36689, 0.00902877
2.37622, 0.0340687
2.41215, 0.0110414
2.43558, 0.0147151
2.47123, 0.00594938
2.44563, 0.0675072
2.45751, 0.0830489
2.45245, 0.111707
2.46291, 0.126062
2.43962, 0.16028
2.45251, 0.170728
2.44269, 0.191564
2.44888, 0.204584
2.45619, 0.217574
2.45133, 0.233333
2.46445, 0.246029
2.43611, 0.262028
2.45785, 0.275461
2.45896, 0.28994
2.46378, 0.305417
2.45313, 0.318176
2.46094, 0.335764
2.42235, 0.336767
2.44756, 0.363049
2.45197, 0.38293
2.46486, 0.410786
2.44254, 0.415985
2.45779, 0.452047
2.44381, 0.465162
2.46084, 0.51491
2.44894, 0.536702
2.45824, 0.594957
2.44786, 0.632544
2.4548, 0.718409
2.45087, 0.807601
2.45423, 0.963403
2.44953, 1.18198
2.45238, 1.66409
2.32371, 1.24761
2.255, 1.16552
2.193, 1.15379
2.1286, 1.16694
1.79739, 2.42837
1.63816, 2.42411
1.47131, 2.42463
1.3013, 2.41248
1.11803, 2.40802
1.83592, 0.938266
1.80412, 0.888231
1.74953, 0.870113
1.70008, 0.842402
0.920656, 1.46904
0.85447, 1.36166
0.0588427, 1.74813
0.0504117, 1.53943
0.050191, 1.34181
0.0437257, 1.15971
0.0650843, 0.977728
0.0529572, 0.815051
0.0446425, 0.655594
0.0570642, 0.496701
0.0365639, 0.342917
0.0342542, 0.187648
0.0658292, 0.0348839
0.849417, 0.0185974
1.26238, 0.0197808
1.50281, 0.0233836
1.64093, 0.0199967
1.73642, 0.0153932
1.83043, 0.0234639
1.87678, 0.01359
1.94317, 0.025318
1.98045, 0.0218574
2.01913, 0.0249812
2.04141, 0.0147411
2.07403, 0.0203886
2.10009, 0.0217213
2.12684, 0.0288134
2.14691, 0.0272439
2.16425, 0.0207964
2.18582, 0.0292565
2.20345, 0.0284173
2.21673, 0
2.23639, 0.00579432
2.25476, 0.0246787
2.26872, 0.0194219
2.28389, 0.0383508
2.30239, 0.0291586
2.32166, 0.0238206
2.33953, 0.0267464
2.35986, 0.0251515
2.38984, 0.00797363
2.40189, 0.0277356
2.4288, 0.024193
2.44886, 0.0330084
2.45754, 0.0549936
2.45791, 0.0826817
2.45772, 0.107533
2.45663, 0.130354
2.44024, 0.159915
2.44004, 0.176908
2.45321, 0.187237
2.46432, 0.199463
2.46435, 0.215489
2.4384, 0.235689
2.44479, 0.248206
2.42504, 0.262474
2.44967, 0.275218
2.44808, 0.288853
2.45344, 0.303647
2.45542, 0.318735
2.46351, 0.336583
2.44626, 0.346307
2.46817, 0.372993
2.45515, 0.384747
2.44071, 0.394632
2.45668, 0.426944
2.44167, 0.437646
2.45987, 0.481678
2.45012, 0.502216
2.44969, 0.537729
2.44859, 0.57963
2.44655, 0.630103
2.45312, 0.714655
2.4487, 0.801674
2.45168, 0.954618
2.4524, 1.19536
2.4497, 1.64534
2.32378, 1.24856
2.25501, 1.17091
2.19346, 1.14702
2.12884, 1.16523
1.80015, 2.41528
1.63963, 2.41898
1.47625, 2.41101
1.29592, 2.42458
1.11078, 2.42169
1.82628, 0.9537
1.79566, 0.899877
1.76674, 0.849597
1.7061, 0.836171
0.910929, 1.47779
0.853437, 1.36246
0.0493394, 1.75453
0.0589329, 1.53451
0.0549998, 1.33947
0.0468673, 1.15844
0.0416001, 0.985329
0.0534217, 0.814936
0.0516597, 0.654367
0.0413014, 0.498332
0.049429, 0.34249
0.0501839, 0.188235
0.0579258, 0.0340367
0.850825, 0.0188489
1.24773, 0.0160898
1.49799, 0.0218063
1.64703, 0.0224799
1.74419, 0.0192119
1.83162, 0.0241524
1.88626, 0.0200295
1.9305, 0.0153503
1.97321, 0.0152943
2.02439, 0.0304724
2.03974, 0.012735
2.06992, 0.0146802
2.10319, 0.0267159
2.11672, 0.00958157
2.14133, 0.014544
2.16026, 0.00967869
2.17999, 0.0085644
2.1994, 0.0088576
2.21758, 0.00452323
2.23733, 0.0203043
2.25487, 0.00397721
2.26781, 0.0343304
2.28798, 0.0073319
2.30264, 0.0279245
2.32136, 0.0248921
2.34092, 0.0228197
2.35964, 0.0256546
2.37908, 0.0285777
2.42217, 0
2.43786, 0.0115344
2.44413, 0.0387318
2.45931, 0.0531331
2.45422, 0.0860459
2.44275, 0.119388
2.46405, 0.125276
2.46558, 0.145062
2.45221, 0.170877
2.45783, 0.185336
2.44258, 0.206672
2.44662, 0.22002
2.43606, 0.236114
2.4397, 0.248769
2.43174, 0.262204
2.44571, 0.2751
2.48289, 0.292333
2.45738, 0.304322
2.44278, 0.315648
2.43335, 0.326938
2.44923, 0.347491
2.44856, 0.363533
2.46157, 0.388418
2.44065, 0.394596
2.44866, 0.420727
2.44458, 0.440245
2.44269, 0.464005
2.44597, 0.497304
2.45611, 0.546506
2.45442, 0.588887
2.45204, 0.640348
2.45675, 0.722759
2.44973, 0.804487
2.4537, 0.961584
2.4558, 1.21118
2.45365, 1.67299
2.32393, 1.25066
2.25498, 1.15483
2.19328, 1.14969
2.12957, 1.15998
1.80179, 2.40755
1.63831, 2.42359
1.47496, 2.41457
1.30159, 2.41183
1.1075, 2.42788
1.81763, 0.967563
1.80297, 0.889808
1.75885, 0.858996
1.69099, 0.851812
0.923133, 1.46681
0.854475, 1.36165
0.0361394, 1.76342
0.0489876, 1.54025
0.0509519, 1.34144
0.0515952, 1.15654
0.0554678, 0.980841
0.0387737, 0.818568
0.0497736, 0.654697
0.0474062, 0.497701
0.0482449, 0.342529
0.0450787, 0.188047
0.057477, 0.0339887
0.856947, 0.0199426
1.25923, 0.0189871
1.49238, 0.0199674
1.63726, 0.0184999
1.74245, 0.0183531
1.82756, 0.0217961
1.88311, 0.0178867
1.94516, 0.0268781
1.97945, 0.0209541
2.01833, 0.024141
2.06217, 0.0396721
2.07004, 0.0148462
2.09635, 0.0156775
2.12039, 0.0165554
2.14382, 0.0202037
2.16231, 0.0154027
2.18784, 0.0364626
2.19836, 0.00383276
2.21991, 0.0216848
2.23712, 0.0170354
2.25481, 0.0144739
2.26792, 0.0325426
2.28674, 0.0166723
2.3061, 0.0109511
2.32068, 0.0273525
2.34117, 0.022139
2.36324, 0.01741
2.37912, 0.0285146
2.39721, 0.0353483
2.43227, 0.0193505
2.4561, 0.0242477
2.46197, 0.0503332
2.4438, 0.0955646
2.44194, 0.120036
2.45203, 0.133502
2.46293, 0.146617
2.45909, 0.167465
2.43846, 0.193303
2.43867, 0.207969
2.43905, 0.221956
2.44574, 0.234352
2.43807, 0.248951
2.45003, 0.261466
2.46379, 0.275637
2.45787, 0.289832
2.45119, 0.303262
2.44978, 0.317358
2.43261, 0.326701
2.44876, 0.347304
2.4485, 0.363499
2.45308, 0.383562
2.45283, 0.402738
2.45177, 0.423138
2.46189, 0.455715
2.45852, 0.480289
2.45118, 0.503474
2.44946, 0.537407
2.44986, 0.581641
2.45008, 0.63669
2.45077, 0.709424
2.45309, 0.813651
2.44849, 0.943584
2.44846, 1.17699
2.45076, 1.65277
2.32306, 1.23861
2.25498, 1.15735
2.19363, 1.14459
2.12922, 1.16247
1.79854, 2.42293
1.64102, 2.41409
1.47337, 2.41896
1.29829, 2.41925
1.1205, 2.40337
1.8272, 0.952221
1.80029, 0.893509
1.76108, 0.856347
1.6999, 0.842587
0.928302, 1.46216
0.857503, 1.35929
0.0613039, 1.74647
0.0484118, 1.54058
0.0576873, 1.33816
0.0421595, 1.16034
0.0451869, 0.984168
0.0578467, 0.813838
0.0327041, 0.657682
0.0404216, 0.498424
0.0482626, 0.342529
0.0480581, 0.188156
0.039948, 0.0321096
0.840571, 0.0170173
1.2563, 0.0182488
1.48427, 0.0173085
1.6454, 0.0218159
1.75528, 0.0246581
1.84264, 0.0305617
1.88432, 0.0187085
1.95062, 0.0311784
1.98011, 0.0215543
2.00972, 0.0151646
2.04927, 0.024182
2.07191, 0.0174386
2.09824, 0.0187259
2.11605, 0.00832011
2.14385, 0.0202883
2.16305, 0.0174479
2.18629, 0.0309497
2.19999, 0.0117176
2.21861, 0.0121307
2.23638, 0.005594
2.25477, 0.0227023
2.26914, 0.0126012
2.28783, 0.00839788
2.30574, 0.0126955
2.31318, 0.054359
2.34009, 0.0251813
2.36069, 0.0232614
2.38058, 0.0257171
2.40852, 0.0169505
2.42912, 0.0237426
2.4582, 0.0217086
2.45761, 0.054916
2.4401, 0.0989442
2.43605, 0.1247
2.44764, 0.13651
2.44299, 0.1583
2.45531, 0.169342
2.44693, 0.189821
2.44573, 0.205629
2.44507, 0.220417
2.45568, 0.23254
2.44905, 0.247735
2.44823, 0.261539
2.44776, 0.275161
2.47451, 0.291495
2.45682, 0.304226
2.44732, 0.316756
2.44169, 0.329605
2.45498, 0.349783
2.42994, 0.354547
2.44673, 0.379931
2.47194, 0.415517
2.46853, 0.436132
2.4644, 0.457959
2.45029, 0.471826
2.43919, 0.489278
2.44835, 0.535883
2.43889, 0.564202
2.45451, 0.644967
2.45643, 0.72205
2.44513, 0.79195
2.45435, 0.963818
2.4518, 1.19255
2.45258, 1.66552
2.32216, 1.22602
2.255, 1.16999
2.19377, 1.14246
2.12891, 1.16468
1.79994, 2.41629
1.64229, 2.40965
1.46854, 2.43224
1.3004, 2.4145
1.10643, 2.42987
1.82583, 0.954424
1.80811, 0.882741
1.75963, 0.85807
1.70244, 0.83996
0.919822, 1.46979
0.86562, 1.35295
0.0643932, 1.74439
0.0495662, 1.53991
0.0576534, 1.33817
0.0448822, 1.15924
0.0471197, 0.983543
0.0394487, 0.818401
0.0441033, 0.655689
0.0603682, 0.496359
0.0524612, 0.34239
0.036885, 0.187745
0.0616142, 0.0344323
0.846188, 0.0180208
1.27518, 0.0230042
1.48235, 0.0166799
1.64513, 0.0217073
1.73694, 0.0156481
1.81694, 0.0156229
1.86179, 0.00340531
1.92107, 0.0079297
1.98089, 0.0222586
2.01296, 0.0185414
2.04046, 0.0136021
2.07061, 0.0156355
2.09693, 0.0166128
2.11787, 0.0117645
2.14671, 0.0267854
2.15939, 0.00724998
2.18321, 0.0200172
2.20195, 0.0211504
2.21836, 0.0102829
2.2371, 0.016787
2.25473, 0.0292773
2.26997, 0
2.28742, 0.0115214
2.30373, 0.0225888
2.32843, 0
2.34182, 0.0202829
2.36413, 0.0153549
2.37786, 0.0309182
2.41182, 0.0115693
2.43339, 0.0177797
2.44762, 0.0345029
2.44534, 0.0678073
2.45049, 0.0894575
2.45624, 0.108706
2.456, 0.13079
2.44982, 0.154301
2.4421, 0.175887
2.46162, 0.183779
2.46744, 0.198428
2.44224, 0.221139
2.44296, 0.234857
2.46618, 0.245838
2.4273, 0.262383
2.46095, 0.275552
2.4482, 0.288865
2.43114, 0.299828
2.4643, 0.320903
2.46015, 0.335509
2.44028, 0.343921
2.45232, 0.365346
2.44561, 0.379289
2.46293, 0.409491
2.45693, 0.427136
2.463, 0.45671
2.45563, 0.47732
2.45723, 0.510627
2.45582, 0.546105
2.45316, 0.586895
2.45401, 0.644046
2.45808, 0.725718
2.45045, 0.806431
2.45411, 0.963016
2.45449, 1.20505
2.44867, 1.63805
2.32291, 1.2365
2.25498, 1.15603
2.19332, 1.14906
2.12808, 1.17068
1.80174, 2.40778
1.6425, 2.40893
1.4742, 2.41666
1.2946, 2.42756
1.11726, 2.40948
1.83066, 0.946684
1.80258, 0.890354
1.76387, 0.853019
1.70185, 0.840572
0.92359, 1.4664
0.852407, 1.36327
0.0450036, 1.75745
0.0352786, 1.54815
0.0622588, 1.33593
0.0578536, 1.15402
0.0475877, 0.983391
0.0401747, 0.818221
0.0746376, 0.65035
0.0558777, 0.496824
0.0426509, 0.342715
0.0482125, 0.188162
0.0403517, 0.032153
0.853181, 0.01927
1.26586, 0.0206553
1.51192, 0.0263692
1.62756, 0.0145503
1.73263, 0.0135292
1.8136, 0.0136774
1.88166, 0.0169036
1.93799, 0.0212425
1.97144, 0.0136938
2.0188, 0.0246342
2.04821, 0.0229104
2.07031, 0.0152251
2.10552, 0.0304882
2.11868, 0.0133068
2.14578, 0.0246729
2.16557, 0.0244652
2.17931, 0.00616012
2.20093, 0.0162461
2.21929, 0.0171386
2.23856, 0.0392959
2.25482, 0.0125687
2.26905, 0.0139844
2.2876, 0.0102068
2.30577, 0.0125804
2.31886, 0.0338881
2.35178, 0
2.36717, 0.00837819
2.37714, 0.0323078
2.41573, 0.00520194
2.42696, 0.0267667
2.4464, 0.035987
2.45457, 0.0581059
2.45134, 0.0886749
2.45206, 0.112016
2.45213, 0.133438
2.45812, 0.149436
2.42621, 0.183762
2.45008, 0.188523
2.44835, 0.204758
2.44321, 0.220891
2.47313, 0.229359
2.45084, 0.247536
2.45061, 0.261443
2.44154, 0.274976
2.45532, 0.289577
2.45395, 0.303734
2.45088, 0.317624
2.44017, 0.329119
2.44917, 0.347467
2.45034, 0.364389
2.43543, 0.373473
2.46209, 0.408934
2.43421, 0.40953
2.44458, 0.440247
2.45401, 0.475647
2.46077, 0.514823
2.45419, 0.543872
2.45076, 0.583079
2.46254, 0.659968
2.45368, 0.715899
2.45377, 0.815498
2.45063, 0.950988
2.45083, 1.18804
2.4547, 1.6804
2.32182, 1.22129
2.255, 1.16866
2.19405, 1.13849
2.13029, 1.15479
1.80101, 2.4112
1.6367, 2.42924
1.47317, 2.4195
1.30128, 2.41252
1.11335, 2.41685
1.83192, 0.944667
1.81131, 0.878329
1.76638, 0.85003
1.70909, 0.833071
0.929802, 1.46081
0.863489, 1.35462
0.0524152, 1.75246
0.0644507, 1.53133
0.0348564, 1.34927
0.0682487, 1.14983
0.0368184, 0.986877
0.0568063, 0.814097
0.0312522, 0.657936
0.0429019, 0.498167
0.0544092, 0.342325
0.0453634, 0.188057
0.0490156, 0.0330818
0.840787, 0.017056
1.25643, 0.0182814
1.46553, 0.0111656
1.63147, 0.0161424
1.752, 0.0230472
1.80398, 0.00808473
1.87388, 0.0116186
1.93392, 0.01804
1.97116, 0.0134406
2.01241, 0.0179698
2.05254, 0.0281086
2.0798, 0.0283939
2.09614, 0.0153421
2.12507, 0.0254573
2.14453, 0.0218299
2.16695, 0.0283329
2.18381, 0.0221181
2.20243, 0.0234976
2.22125, 0.0315847
2.23745, 0.0222076
2.25487, 0.00444086
